SEX_LABEL,INCWAGE
Male,100000.0
Male,40000.0
Male,53000.0
Male,96000.0
Male,10000.0
Male,3900.0
Male,115000.0
Male,75000.0
Female,95000.0
Female,40000.0
Male,45000.0
Female,20300.0
Male,200000.0
Male,130000.0
Male,70000.0
Male,160000.0
Female,10500.0
Male,33000.0
Male,10000.0
Male,80000.0
Male,130000.0
Female,100000.0
Male,20000.0
Female,33000.0
Female,35000.0
Male,263000.0
Male,40000.0
Female,160000.0
Female,34500.0
Female,10000.0
Male,24000.0
Female,100000.0
Male,56000.0
Female,8000.0
Male,55000.0
Male,16000.0
Female,136000.0
Male,79000.0
Male,165000.0
Male,45000.0
Female,100000.0
Male,52000.0
Female,23400.0
Male,72000.0
Male,50000.0
Male,130000.0
Female,5000.0
Male,110000.0
Male,69000.0
Male,100000.0
Female,5000.0
Male,94000.0
Male,42900.0
Female,60000.0
Female,36000.0
Male,269000.0
Male,40000.0
Female,32000.0
Male,60000.0
Male,26000.0
Female,60000.0
Male,115000.0
Female,44000.0
Female,36000.0
Female,72000.0
Male,57000.0
Male,67000.0
Male,6000.0
Female,67000.0
Male,66000.0
Female,8000.0
Female,30000.0
Male,80000.0
Female,34000.0
Female,57000.0
Female,57000.0
Female,45800.0
Female,115000.0
Male,75000.0
Male,80000.0
Female,80000.0
Female,54000.0
Male,50000.0
Female,160000.0
Female,16000.0
Male,120000.0
Female,69000.0
Female,40000.0
Male,54000.0
Male,85000.0
Female,30000.0
Male,97000.0
Female,50000.0
Female,70000.0
Male,50000.0
Female,24000.0
Male,100000.0
Male,30000.0
Male,53000.0
Male,42600.0
Male,250000.0
Male,45000.0
Female,50000.0
Male,135000.0
Male,75000.0
Female,22500.0
Female,18000.0
Male,80000.0
Male,6000.0
Male,45000.0
Male,90000.0
Female,25000.0
Female,45000.0
Male,200000.0
Female,16000.0
Male,45800.0
Female,17000.0
Female,60000.0
Male,65000.0
Female,1000.0
Female,32400.0
Male,37400.0
Male,39600.0
Female,55000.0
Male,85000.0
Male,115000.0
Female,43200.0
Male,32000.0
Female,48000.0
Female,38000.0
Male,60000.0
Male,70000.0
Male,58000.0
Female,32000.0
Female,43100.0
Male,65000.0
Female,24000.0
Female,76000.0
Male,55000.0
Female,25000.0
Female,75000.0
Female,115000.0
Male,112000.0
Female,150000.0
Female,140000.0
Female,160000.0
Female,19500.0
Male,90000.0
Male,8000.0
Female,24000.0
Female,45000.0
Male,40000.0
Male,30000.0
Female,38000.0
Female,40000.0
Male,75000.0
Male,20000.0
Female,58000.0
Female,70000.0
Female,105000.0
Male,120000.0
Male,90000.0
Female,50000.0
Female,52000.0
Male,40000.0
Male,85000.0
Female,180000.0
Male,22100.0
Female,1000.0
Male,90000.0
Male,38900.0
Female,80000.0
Male,125000.0
Male,83000.0
Male,85000.0
Female,33600.0
Male,84000.0
Male,70000.0
Male,24000.0
Female,16000.0
Female,15200.0
Female,6000.0
Male,600.0
Male,38000.0
Male,30000.0
Female,31000.0
Male,150000.0
Female,30000.0
Female,100000.0
Male,40000.0
Female,35000.0
Female,35000.0
Female,90000.0
Male,95000.0
Female,44000.0
Female,55000.0
Female,91000.0
Male,60000.0
Female,52000.0
Male,202000.0
Female,29300.0
Female,31200.0
Female,15000.0
Male,64000.0
Female,450.0
Female,21000.0
Male,45000.0
Female,12000.0
Female,103000.0
Female,8500.0
Female,43800.0
Female,30000.0
Female,80000.0
Male,35000.0
Male,40000.0
Female,42000.0
Female,28000.0
Male,80000.0
Female,115000.0
Female,8000.0
Male,171000.0
Female,4800.0
Male,90000.0
Female,20000.0
Male,111000.0
Female,21600.0
Male,72000.0
Female,63000.0
Female,125000.0
Female,55000.0
Male,30000.0
Male,30000.0
Female,9000.0
Male,27900.0
Male,28000.0
Female,1000.0
Female,7000.0
Male,65000.0
Male,120000.0
Male,100000.0
Male,38600.0
Male,17000.0
Male,36000.0
Female,21400.0
Female,15000.0
Male,6300.0
Female,100000.0
Male,120000.0
Male,18000.0
Male,70000.0
Female,7000.0
Female,88000.0
Female,50000.0
Female,28000.0
Female,130000.0
Female,83000.0
Female,44000.0
Female,26000.0
Male,60000.0
Female,20000.0
Female,58000.0
Male,24000.0
Female,45000.0
Female,90000.0
Male,10000.0
Female,11000.0
Female,7200.0
Male,165000.0
Male,45000.0
Female,45000.0
Female,7500.0
Male,90000.0
Male,15000.0
Female,19000.0
Male,65000.0
Male,238000.0
Male,100000.0
Female,160000.0
Female,45000.0
Female,30000.0
Male,40000.0
Male,45000.0
Female,30000.0
Female,52000.0
Female,140000.0
Female,65000.0
Male,95000.0
Male,113000.0
Female,25600.0
Male,69000.0
Male,10900.0
Male,272000.0
Female,25000.0
Female,169000.0
Male,135000.0
Female,95000.0
Female,13200.0
Male,250000.0
Female,67000.0
Female,135000.0
Female,33000.0
Male,8000.0
Male,17500.0
Male,45000.0
Female,30000.0
Female,74000.0
Female,70000.0
Female,70000.0
Female,89000.0
Female,15000.0
Female,590.0
Female,86000.0
Female,20200.0
Male,75000.0
Male,80000.0
Female,1900.0
Female,102000.0
Male,60000.0
Female,30000.0
Female,32000.0
Female,40000.0
Male,60000.0
Male,20000.0
Female,20000.0
Female,80000.0
Female,40000.0
Female,18000.0
Female,40000.0
Male,60000.0
Female,4200.0
Male,90000.0
Female,7100.0
Male,76000.0
Male,40000.0
Female,680.0
Male,130000.0
Female,23000.0
Female,30000.0
Male,50000.0
Male,54000.0
Male,50000.0
Male,20000.0
Female,20000.0
Male,32000.0
Male,120000.0
Female,48000.0
Male,46000.0
Female,120000.0
Male,15000.0
Male,72000.0
Female,7500.0
Female,15600.0
Female,15000.0
Male,75000.0
Female,39000.0
Female,40000.0
Female,2900.0
Male,58000.0
Female,65000.0
Female,125000.0
Female,30000.0
Male,125000.0
Male,179000.0
Female,24900.0
Male,43000.0
Female,86000.0
Female,195000.0
Male,36000.0
Male,16000.0
Female,100000.0
Male,25000.0
Female,30000.0
Female,19600.0
Female,41000.0
Female,11000.0
Male,200000.0
Male,600.0
Female,8000.0
Female,500.0
Male,60000.0
Female,18000.0
Female,7000.0
Male,50000.0
Male,48000.0
Female,3400.0
Male,21000.0
Female,55000.0
Female,70000.0
Female,5000.0
Female,150000.0
Male,90000.0
Male,110000.0
Female,30000.0
Female,15700.0
Male,70000.0
Male,86000.0
Female,90000.0
Female,3000.0
Male,165000.0
Female,24000.0
Female,30000.0
Female,50000.0
Male,35400.0
Male,51000.0
Female,170000.0
Male,20000.0
Male,36000.0
Male,65000.0
Female,45000.0
Male,90000.0
Male,20000.0
Female,250000.0
Female,32000.0
Female,13000.0
Female,40000.0
Male,3000.0
Female,480.0
Male,85000.0
Female,135000.0
Female,3000.0
Male,40000.0
Female,80000.0
Male,65000.0
Male,7000.0
Female,4500.0
Female,2400.0
Female,880.0
Male,172000.0
Male,56000.0
Female,55000.0
Female,93000.0
Male,12000.0
Male,4000.0
Male,46000.0
Male,8000.0
Male,60000.0
Female,60000.0
Male,100000.0
Female,38000.0
Male,20000.0
Male,73000.0
Male,4000.0
Male,37700.0
Male,132000.0
Male,85000.0
Male,65000.0
Female,17000.0
Male,36000.0
Female,47800.0
Female,46000.0
Male,36000.0
Male,75000.0
Male,60000.0
Female,40000.0
Male,90000.0
Female,33000.0
Female,33000.0
Male,75000.0
Female,5900.0
Female,43600.0
Male,69000.0
Male,19500.0
Male,60.0
Male,6000.0
Female,22000.0
Female,45000.0
Male,150000.0
Male,40000.0
Female,40000.0
Male,70000.0
Female,65000.0
Male,6000.0
Female,38000.0
Male,70000.0
Female,50000.0
Male,71000.0
Female,100000.0
Male,60000.0
Male,70000.0
Female,34000.0
Female,20000.0
Male,35000.0
Female,130000.0
Male,115000.0
Male,84000.0
Female,55000.0
Male,75000.0
Female,13400.0
Female,53000.0
Male,48300.0
Male,44000.0
Female,30000.0
Female,50000.0
Male,190000.0
Male,160000.0
Male,85000.0
Male,64000.0
Male,12000.0
Male,95000.0
Male,20000.0
Male,138000.0
Male,170000.0
Male,40000.0
Male,58000.0
Female,300.0
Male,88000.0
Female,70000.0
Male,60000.0
Male,196000.0
Male,45000.0
Male,196000.0
Female,54000.0
Female,16200.0
Female,134000.0
Female,80000.0
Female,10000.0
Female,30000.0
Female,10000.0
Male,100000.0
Male,13900.0
Male,72000.0
Male,61000.0
Female,80000.0
Female,99000.0
Female,175000.0
Male,100000.0
Female,70000.0
Male,20000.0
Female,110000.0
Male,64000.0
Male,56000.0
Female,50000.0
Female,2400.0
Male,45000.0
Male,250000.0
Female,20000.0
Male,58000.0
Male,43000.0
Female,42000.0
Male,50000.0
Female,80000.0
Female,25000.0
Male,50000.0
Male,74000.0
Male,74000.0
Female,18000.0
Female,65000.0
Female,600.0
Male,70000.0
Female,31200.0
Male,185000.0
Female,100000.0
Male,30000.0
Female,1700.0
Male,12400.0
Male,140000.0
Female,21000.0
Female,26000.0
Female,20000.0
Male,100000.0
Female,27000.0
Male,145000.0
Male,31000.0
Female,56000.0
Male,5000.0
Female,38300.0
Female,1000.0
Male,100000.0
Male,150000.0
Female,16000.0
Female,90000.0
Female,38000.0
Female,95000.0
Male,70000.0
Male,36600.0
Female,250000.0
Female,35000.0
Male,75000.0
Male,30000.0
Male,10000.0
Male,94000.0
Female,320.0
Female,20000.0
Male,60000.0
Male,20000.0
Female,85000.0
Male,1300.0
Male,28000.0
Male,4000.0
Female,10000.0
Female,50000.0
Male,50000.0
Male,4000.0
Female,105000.0
Male,168000.0
Female,300000.0
Male,200000.0
Male,46500.0
Female,77000.0
Male,8000.0
Female,24000.0
Male,150000.0
Male,100000.0
Male,300.0
Female,62000.0
Male,1000.0
Male,30500.0
Female,25300.0
Male,40000.0
Female,10200.0
Male,50000.0
Male,56000.0
Male,150000.0
Female,61000.0
Male,11200.0
Male,100000.0
Female,36000.0
Male,27000.0
Female,70000.0
Female,15000.0
Male,5000.0
Female,44000.0
Male,20000.0
Male,41600.0
Male,75000.0
Male,90000.0
Male,14000.0
Female,43600.0
Male,54000.0
Male,100000.0
Male,80000.0
Male,127000.0
Male,145000.0
Female,32000.0
Female,80000.0
Female,150000.0
Female,120000.0
Female,6800.0
Male,170000.0
Male,35000.0
Male,75000.0
Female,20000.0
Male,130000.0
Female,150000.0
Female,98000.0
Male,60000.0
Male,7500.0
Female,150000.0
Male,85000.0
Female,41000.0
Female,17700.0
Male,16000.0
Female,60000.0
Male,43000.0
Male,24000.0
Male,50000.0
Female,30000.0
Female,55000.0
Male,4000.0
Female,19000.0
Female,57000.0
Female,30000.0
Female,65000.0
Female,1500.0
Female,17000.0
Male,70000.0
Female,61000.0
Male,40000.0
Female,170000.0
Female,42000.0
Male,107000.0
Male,52000.0
Female,80000.0
Male,30600.0
Male,6000.0
Female,30000.0
Male,140000.0
Female,12300.0
Male,84000.0
Male,77000.0
Female,11000.0
Female,40000.0
Male,12000.0
Male,63000.0
Female,60000.0
Male,63000.0
Female,40000.0
Female,28000.0
Female,39000.0
Female,41100.0
Female,52000.0
Male,5000.0
Female,35000.0
Female,250000.0
Female,13900.0
Male,100000.0
Female,100000.0
Male,100000.0
Male,169000.0
Male,41000.0
Female,27000.0
Male,67000.0
Female,10800.0
Male,39000.0
Female,20000.0
Female,250000.0
Male,145000.0
Female,26400.0
Female,30000.0
Male,70000.0
Female,19200.0
Male,52000.0
Male,73000.0
Male,50000.0
Female,20000.0
Male,52000.0
Female,120000.0
Male,110000.0
Male,65000.0
Female,13300.0
Female,36000.0
Female,36000.0
Male,55000.0
Female,60000.0
Female,53000.0
Male,69000.0
Male,161000.0
Male,5200.0
Female,14700.0
Female,60000.0
Male,25000.0
Female,3000.0
Male,60000.0
Male,65000.0
Male,60000.0
Female,70000.0
Female,35000.0
Male,100000.0
Female,65000.0
Female,54000.0
Male,65000.0
Female,30000.0
Female,42000.0
Male,90000.0
Female,20000.0
Male,65000.0
Female,30000.0
Male,29100.0
Female,100000.0
Male,120000.0
Male,19000.0
Female,100000.0
Male,40000.0
Female,90000.0
Female,30000.0
Male,100000.0
Female,120000.0
Male,34000.0
Male,63000.0
Male,20500.0
Female,1200.0
Female,28600.0
Male,24000.0
Male,50000.0
Female,15000.0
Female,60000.0
Female,14000.0
Male,120000.0
Female,32300.0
Male,65000.0
Female,9000.0
Female,63000.0
Male,144000.0
Male,41000.0
Male,20000.0
Female,60000.0
Male,19000.0
Female,160000.0
Male,65000.0
Female,50000.0
Male,44500.0
Female,1000.0
Female,98000.0
Male,50000.0
Male,68000.0
Female,81000.0
Female,5000.0
Male,25800.0
Male,40000.0
Male,3900.0
Female,7200.0
Male,20000.0
Male,1200.0
Female,5000.0
Male,3000.0
Male,130000.0
Male,60000.0
Female,26000.0
Female,42000.0
Female,110000.0
Male,140000.0
Female,70000.0
Male,68000.0
Female,20500.0
Male,76000.0
Female,13200.0
Female,32600.0
Male,34500.0
Male,79000.0
Male,30000.0
Female,4900.0
Female,7000.0
Female,57000.0
Male,275000.0
Male,45000.0
Female,25000.0
Male,80000.0
Female,184000.0
Female,65000.0
Female,60000.0
Male,51000.0
Female,68000.0
Male,50000.0
Male,95000.0
Male,30000.0
Female,27000.0
Female,800.0
Male,60000.0
Male,32000.0
Male,59000.0
Female,56000.0
Female,330.0
Female,25000.0
Male,4800.0
Male,28000.0
Male,90000.0
Female,20000.0
Female,150000.0
Female,20000.0
Female,100000.0
Female,9400.0
Female,45000.0
Male,18400.0
Male,28000.0
Female,116000.0
Female,76000.0
Female,55000.0
Female,9000.0
Male,2600.0
Male,106000.0
Female,70000.0
Male,70000.0
Female,35000.0
Male,88000.0
Female,48000.0
Female,65000.0
Female,120.0
Female,50000.0
Female,40000.0
Male,130000.0
Female,20000.0
Male,50000.0
Female,60000.0
Female,43000.0
Male,23000.0
Female,75000.0
Female,42000.0
Female,15600.0
Female,40000.0
Male,95000.0
Female,60000.0
Male,300.0
Female,250000.0
Female,67000.0
Female,70000.0
Male,70000.0
Female,100000.0
Male,19000.0
Male,45000.0
Male,110000.0
Female,18000.0
Female,40000.0
Male,70000.0
Female,93000.0
Female,40000.0
Male,65000.0
Female,85000.0
Female,26000.0
Male,110000.0
Female,75000.0
Male,108000.0
Male,78000.0
Male,36500.0
Male,50000.0
Female,140000.0
Female,106000.0
Male,225000.0
Male,70000.0
Female,65000.0
Male,150000.0
Female,9400.0
Female,26000.0
Female,72000.0
Female,65000.0
Female,100000.0
Male,80000.0
Female,140000.0
Male,125000.0
Female,55000.0
Male,58000.0
Female,70000.0
Male,68000.0
Male,3000.0
Female,15000.0
Female,75000.0
Female,39000.0
Male,40000.0
Male,23200.0
Male,90000.0
Female,13000.0
Male,189000.0
Male,60000.0
Male,48200.0
Male,90000.0
Male,59000.0
Female,58000.0
Male,150000.0
Male,85000.0
Male,50000.0
Male,200000.0
Female,12000.0
Female,30000.0
Male,31000.0
Female,70000.0
Female,90000.0
Male,101000.0
Male,18000.0
Male,135000.0
Male,89000.0
Male,50000.0
Female,44000.0
Female,4100.0
Female,42000.0
Female,20000.0
Female,140000.0
Female,12000.0
Female,25000.0
Female,750.0
Male,62000.0
Female,24000.0
Male,80000.0
Female,40000.0
Female,80000.0
Male,85000.0
Male,160000.0
Male,117000.0
Female,85000.0
Female,50000.0
Male,28800.0
Female,32000.0
Female,32000.0
Female,25000.0
Female,13500.0
Male,10900.0
Male,95000.0
Male,90000.0
Male,82000.0
Male,92000.0
Female,31200.0
Female,76000.0
Male,100000.0
Male,50000.0
Male,48900.0
Female,870.0
Female,110000.0
Female,50000.0
Female,77000.0
Female,25000.0
Male,28000.0
Male,85000.0
Male,35000.0
Female,100000.0
Female,60000.0
Male,116000.0
Female,72000.0
Female,22000.0
Female,60000.0
Male,48000.0
Female,70000.0
Male,76000.0
Female,65000.0
Male,30000.0
Male,45000.0
Male,90000.0
Male,17000.0
Male,50000.0
Female,36000.0
Female,26200.0
Female,2000.0
Male,115000.0
Female,28000.0
Male,70000.0
Male,60000.0
Female,7900.0
Male,114000.0
Male,240000.0
Female,20000.0
Female,44000.0
Male,72000.0
Female,15000.0
Female,200000.0
Female,90000.0
Male,50000.0
Male,300000.0
Male,21000.0
Female,57000.0
Male,48000.0
Male,37000.0
Male,20000.0
Female,50000.0
Male,40000.0
Female,53000.0
Female,45000.0
Female,40000.0
Male,26000.0
Female,200000.0
Male,94000.0
Female,37600.0
Male,80000.0
Female,90000.0
Female,250.0
Female,55000.0
Male,52000.0
Female,150000.0
Female,40000.0
Female,45000.0
Female,45000.0
Female,15000.0
Female,95000.0
Male,26000.0
Male,140000.0
Male,20000.0
Female,38000.0
Female,25800.0
Female,47000.0
Male,15000.0
Female,69000.0
Female,55000.0
Male,62000.0
Female,18000.0
Male,36000.0
Female,180.0
Male,7000.0
Female,50000.0
Female,30000.0
Female,45600.0
Female,105000.0
Female,65000.0
Male,100000.0
Male,150000.0
Female,30000.0
Female,65000.0
Male,36000.0
Male,155000.0
Female,8000.0
Male,4600.0
Female,13000.0
Female,10000.0
Female,200000.0
Male,69000.0
Male,30000.0
Male,6300.0
Female,97000.0
Male,75000.0
Female,5500.0
Female,50000.0
Female,150000.0
Male,10000.0
Female,60000.0
Male,70000.0
Female,53000.0
Female,23000.0
Male,48000.0
Male,110000.0
Female,98000.0
Male,30000.0
Female,24000.0
Male,130000.0
Male,35000.0
Female,36000.0
Male,56000.0
Male,26400.0
Female,101000.0
Female,70000.0
Female,60000.0
Male,120000.0
Female,25000.0
Male,80000.0
Female,77000.0
Male,65000.0
Male,40000.0
Female,110000.0
Male,115000.0
Male,30000.0
Male,205000.0
Female,63000.0
Male,174000.0
Male,23800.0
Male,35400.0
Female,59000.0
Male,55000.0
Male,230000.0
Female,69000.0
Female,100000.0
Female,12300.0
Male,14000.0
Female,45900.0
Male,55000.0
Male,83000.0
Female,70000.0
Male,120000.0
Female,57000.0
Male,45000.0
Male,15000.0
Male,68000.0
Male,85000.0
Female,64000.0
Female,10000.0
Female,110000.0
Female,40000.0
Male,72000.0
Male,9000.0
Male,6000.0
Female,14000.0
Female,30000.0
Male,35000.0
Female,35000.0
Male,100000.0
Male,100000.0
Female,220000.0
Male,7500.0
Male,11000.0
Female,115000.0
Female,118000.0
Female,16200.0
Female,45000.0
Male,90000.0
Male,4500.0
Male,55000.0
Male,200000.0
Male,45000.0
Female,10000.0
Male,37000.0
Male,46000.0
Female,193000.0
Female,76000.0
Female,2400.0
Male,55000.0
Male,135000.0
Male,100000.0
Male,68000.0
Male,80000.0
Male,80000.0
Male,220000.0
Male,121000.0
Male,25000.0
Female,21200.0
Female,30000.0
Male,40000.0
Female,130000.0
Female,92000.0
Male,104000.0
Female,70000.0
Female,10000.0
Male,141000.0
Female,73000.0
Female,5300.0
Male,90000.0
Male,150000.0
Male,100000.0
Male,170000.0
Female,53000.0
Male,120000.0
Female,5000.0
Male,80000.0
Male,110000.0
Female,50000.0
Female,70000.0
Female,80000.0
Female,90000.0
Female,36100.0
Female,30000.0
Female,10000.0
Female,5400.0
Male,39000.0
Male,65000.0
Female,10000.0
Male,70000.0
Male,190000.0
Male,67000.0
Male,32000.0
Female,54000.0
Female,54000.0
Male,250000.0
Male,20000.0
Male,125000.0
Male,17300.0
Male,30000.0
Male,48000.0
Female,240000.0
Male,12000.0
Female,44400.0
Male,45000.0
Male,1000.0
Male,23000.0
Female,35000.0
Male,44000.0
Female,60000.0
Female,12000.0
Male,200000.0
Male,112000.0
Female,50000.0
Male,90000.0
Female,7000.0
Female,78000.0
Male,100000.0
Female,49000.0
Female,12000.0
Female,43000.0
Female,105000.0
Male,105000.0
Female,100000.0
Female,83000.0
Male,150000.0
Male,48000.0
Female,60000.0
Male,70000.0
Female,25000.0
Female,28800.0
Male,45000.0
Male,60000.0
Female,8000.0
Female,45000.0
Female,120000.0
Female,46000.0
Female,70000.0
Male,37400.0
Female,4000.0
Male,48000.0
Female,78000.0
Female,115000.0
Female,20000.0
Female,20000.0
Male,65000.0
Female,33000.0
Male,50000.0
Male,20000.0
Male,75000.0
Female,82000.0
Male,80000.0
Male,204000.0
Female,30000.0
Female,6000.0
Female,32000.0
Male,58000.0
Male,46600.0
Female,52000.0
Female,38000.0
Female,80000.0
Female,72000.0
Female,130000.0
Male,25000.0
Female,20000.0
Male,180000.0
Female,50000.0
Male,59000.0
Female,50000.0
Male,12000.0
Male,26100.0
Male,80000.0
Female,41000.0
Male,29000.0
Male,35000.0
Male,230000.0
Female,7000.0
Female,2000.0
Male,250.0
Female,111000.0
Female,12000.0
Female,95000.0
Female,36100.0
Female,25000.0
Male,62000.0
Male,80000.0
Male,75000.0
Female,40000.0
Male,140000.0
Female,80000.0
Male,30000.0
Female,117000.0
Female,8000.0
Female,27100.0
Female,46000.0
Male,120000.0
Female,160000.0
Female,32000.0
Female,90000.0
Male,53000.0
Male,45000.0
Female,10000.0
Female,95000.0
Male,40000.0
Male,20000.0
Female,63000.0
Female,15300.0
Male,7000.0
Female,30000.0
Female,48000.0
Female,40300.0
Female,47800.0
Male,152000.0
Female,40000.0
Female,24000.0
Male,30000.0
Female,2300.0
Male,20000.0
Male,9600.0
Female,200000.0
Male,28000.0
Male,94000.0
Male,73000.0
Female,150000.0
Male,2200.0
Male,28000.0
Female,35000.0
Male,20000.0
Female,71000.0
Female,32000.0
Male,141000.0
Male,100000.0
Female,87000.0
Female,30000.0
Female,30000.0
Female,41200.0
Male,24100.0
Male,28800.0
Male,50000.0
Female,3600.0
Male,40000.0
Male,20000.0
Male,60000.0
Female,91000.0
Male,82000.0
Female,2300.0
Male,175000.0
Female,72000.0
Male,30000.0
Male,175000.0
Female,20000.0
Female,14000.0
Female,430.0
Male,4000.0
Female,75000.0
Female,15600.0
Male,52000.0
Male,110000.0
Female,50000.0
Female,30000.0
Male,7000.0
Male,80000.0
Male,46000.0
Male,75000.0
Male,55000.0
Male,100000.0
Female,37000.0
Female,99000.0
Male,40000.0
Male,90000.0
Female,15400.0
Male,100000.0
Female,8000.0
Male,9900.0
Female,53000.0
Female,15000.0
Male,100000.0
Male,25000.0
Female,5000.0
Female,10000.0
Male,105000.0
Male,56000.0
Male,100000.0
Female,75000.0
Male,102000.0
Female,58000.0
Male,9400.0
Male,230000.0
Male,121000.0
Male,154000.0
Male,38000.0
Female,76000.0
Female,36000.0
Female,8000.0
Female,70000.0
Female,8400.0
Male,97000.0
Female,7200.0
Female,132000.0
Female,67000.0
Male,4600.0
Female,250000.0
Male,60000.0
Female,29000.0
Female,72000.0
Female,12000.0
Female,10000.0
Male,75000.0
Female,2000.0
Male,65000.0
Female,43500.0
Female,52000.0
Female,15600.0
Female,60000.0
Female,18500.0
Male,30000.0
Female,40000.0
Male,40000.0
Male,100000.0
Male,21000.0
Male,40000.0
Male,50000.0
Female,58000.0
Male,60000.0
Male,69000.0
Male,68000.0
Male,60000.0
Male,35000.0
Female,13900.0
Male,75000.0
Female,38400.0
Male,24000.0
Female,33200.0
Male,65000.0
Female,26000.0
Female,103000.0
Male,11500.0
Male,80000.0
Male,30000.0
Male,72000.0
Female,156000.0
Male,120000.0
Female,20000.0
Female,60000.0
Female,28000.0
Male,145000.0
Female,27100.0
Male,95000.0
Male,16000.0
Male,148000.0
Female,15100.0
Female,67000.0
Male,68000.0
Female,12000.0
Female,45000.0
Female,14000.0
Female,10000.0
Female,10100.0
Male,65000.0
Female,26600.0
Male,49000.0
Female,30000.0
Male,90000.0
Male,32000.0
Male,6000.0
Male,70000.0
Male,83000.0
Male,96000.0
Male,17800.0
Female,80000.0
Female,35000.0
Female,50000.0
Female,15000.0
Female,1500.0
Female,75000.0
Female,5500.0
Male,28000.0
Male,50000.0
Male,3000.0
Male,42000.0
Female,42000.0
Female,40000.0
Female,13000.0
Male,110000.0
Female,43000.0
Male,16300.0
Female,96000.0
Female,70000.0
Male,100000.0
Male,90000.0
Female,33000.0
Female,8700.0
Female,2600.0
Male,57000.0
Female,58000.0
Male,40000.0
Female,67000.0
Male,59000.0
Male,80000.0
Female,38000.0
Female,30000.0
Female,700.0
Female,60000.0
Male,40000.0
Female,29000.0
Female,60000.0
Female,79000.0
Male,20000.0
Male,95000.0
Male,45000.0
Female,42900.0
Female,70000.0
Male,150000.0
Male,47600.0
Female,30000.0
Female,95000.0
Male,72000.0
Male,30000.0
Female,61000.0
Female,65000.0
Female,75000.0
Female,10000.0
Female,36900.0
Female,125000.0
Female,9000.0
Male,120000.0
Male,62000.0
Male,70000.0
Male,119000.0
Female,3000.0
Male,50000.0
Female,19200.0
Male,202000.0
Female,33000.0
Female,50000.0
Female,133000.0
Female,55000.0
Male,19200.0
Male,100000.0
Female,200000.0
Male,46000.0
Male,14000.0
Male,36000.0
Male,100000.0
Female,15000.0
Male,65000.0
Male,15000.0
Female,22000.0
Male,33000.0
Male,100000.0
Male,125000.0
Male,145000.0
Male,25000.0
Female,36700.0
Female,36000.0
Male,62000.0
Female,48000.0
Male,200000.0
Male,30000.0
Male,49000.0
Female,41000.0
Male,68000.0
Male,10000.0
Male,135000.0
Male,82000.0
Male,60000.0
Female,25000.0
Male,185000.0
Female,14400.0
Female,1300.0
Male,85000.0
Female,65000.0
Female,60000.0
Female,57000.0
Male,113000.0
Male,10000.0
Female,20000.0
Male,70000.0
Female,160000.0
Male,66000.0
Male,48000.0
Male,57000.0
Male,40000.0
Male,2500.0
Female,32000.0
Male,90000.0
Female,60000.0
Male,71000.0
Female,15000.0
Male,144000.0
Male,20800.0
Female,100000.0
Male,135000.0
Male,36000.0
Female,6000.0
Female,52000.0
Male,55000.0
Male,30000.0
Male,225000.0
Male,43000.0
Female,1600.0
Male,2000.0
Female,40000.0
Male,60000.0
Male,75000.0
Male,15000.0
Female,70000.0
Female,60000.0
Male,330.0
Female,54000.0
Female,82000.0
Male,30000.0
Male,200000.0
Male,55000.0
Male,280000.0
Female,200000.0
Male,115000.0
Female,128000.0
Female,80000.0
Male,135000.0
Female,57000.0
Male,100000.0
Female,82000.0
Male,73000.0
Male,70000.0
Male,93000.0
Male,30.0
Female,130000.0
Male,48000.0
Male,90000.0
Female,65000.0
Male,4500.0
Male,5000.0
Male,100000.0
Female,4000.0
Male,120000.0
Male,80000.0
Female,79000.0
Male,76000.0
Male,52000.0
Female,98000.0
Male,200000.0
Male,19600.0
Male,70000.0
Male,120000.0
Female,85000.0
Male,15000.0
Male,170000.0
Female,101000.0
Female,35000.0
Female,9000.0
Female,2000.0
Female,6000.0
Male,100000.0
Female,30000.0
Male,250000.0
Male,131000.0
Male,40000.0
Male,300000.0
Male,170000.0
Male,80000.0
Male,65000.0
Female,8000.0
Male,65000.0
Female,54000.0
Female,22100.0
Male,8000.0
Female,30000.0
Male,135000.0
Male,4400.0
Female,50000.0
Male,85000.0
Female,45000.0
Male,90000.0
Male,100000.0
Female,28000.0
Female,35200.0
Male,45000.0
Female,44800.0
Male,50000.0
Male,32000.0
Female,26000.0
Female,66000.0
Female,13000.0
Male,44000.0
Female,37000.0
Male,40000.0
Male,50000.0
Female,56000.0
Male,40000.0
Male,210000.0
Female,70000.0
Female,70000.0
Male,21400.0
Male,70000.0
Male,180000.0
Female,14100.0
Female,283000.0
Male,13800.0
Female,9500.0
Female,5000.0
Female,24000.0
Male,57000.0
Female,19000.0
Male,170000.0
Female,37400.0
Female,36000.0
Female,60000.0
Female,130000.0
Male,31300.0
Female,62000.0
Female,16600.0
Female,6000.0
Female,35000.0
Male,38000.0
Male,100000.0
Male,300000.0
Female,11000.0
Female,35000.0
Female,250000.0
Male,85000.0
Female,35000.0
Male,5300.0
Female,7700.0
Male,105000.0
Male,23100.0
Male,65000.0
Female,32000.0
Female,35000.0
Female,17000.0
Female,101000.0
Female,18000.0
Female,30000.0
Female,38400.0
Male,43000.0
Female,55000.0
Female,53000.0
Male,7800.0
Male,42000.0
Female,18000.0
Female,7000.0
Male,2900.0
Male,72000.0
Male,134000.0
Female,36000.0
Female,50000.0
Male,105000.0
Female,257000.0
Male,215000.0
Female,80000.0
Female,52000.0
Female,35000.0
Male,91000.0
Female,59000.0
Female,20000.0
Female,10700.0
Female,116000.0
Male,120000.0
Female,20000.0
Male,42000.0
Male,50000.0
Female,22800.0
Male,500.0
Male,53000.0
Female,45000.0
Female,15000.0
Female,49000.0
Male,134000.0
Male,64000.0
Male,1100.0
Male,86000.0
Female,6000.0
Female,19000.0
Female,48000.0
Male,100000.0
Male,26800.0
Male,37000.0
Female,60000.0
Female,53000.0
Female,40000.0
Female,183000.0
Female,45000.0
Male,70000.0
Male,67000.0
Female,34000.0
Male,27000.0
Male,28000.0
Female,60000.0
Male,60000.0
Male,80000.0
Female,72000.0
Male,20000.0
Male,225000.0
Female,230000.0
Male,30000.0
Male,50000.0
Male,35600.0
Female,23000.0
Male,1500.0
Female,87000.0
Female,45000.0
Female,5000.0
Female,47000.0
Female,37500.0
Male,130000.0
Male,120000.0
Male,48300.0
Male,52000.0
Male,80000.0
Female,60000.0
Female,5800.0
Female,74000.0
Male,84000.0
Female,4700.0
Female,74000.0
Male,15000.0
Male,115000.0
Female,26000.0
Female,50000.0
Female,100000.0
Female,92000.0
Female,50000.0
Female,72000.0
Male,35000.0
Male,30000.0
Male,95000.0
Female,45000.0
Female,41000.0
Female,53000.0
Male,38000.0
Male,12000.0
Male,8900.0
Male,36000.0
Female,40000.0
Female,110000.0
Female,83000.0
Male,90000.0
Female,150000.0
Female,41300.0
Female,65000.0
Female,6100.0
Female,45400.0
Male,40200.0
Male,200000.0
Male,78000.0
Female,46900.0
Female,57000.0
Female,180000.0
Female,34100.0
Female,73000.0
Male,22000.0
Male,143000.0
Male,115000.0
Female,12500.0
Female,25000.0
Male,136000.0
Female,12000.0
Female,20000.0
Male,19000.0
Female,30000.0
Female,36000.0
Female,60000.0
Male,50000.0
Male,120000.0
Female,78000.0
Male,15000.0
Male,24000.0
Female,3900.0
Female,2500.0
Female,3000.0
Female,65000.0
Male,52000.0
Male,85000.0
Male,11800.0
Female,115000.0
Male,32000.0
Male,16000.0
Female,35000.0
Male,20000.0
Male,75000.0
Male,72000.0
Female,23000.0
Male,20000.0
Female,31100.0
Male,100000.0
Female,50000.0
Male,300000.0
Male,15700.0
Male,52000.0
Female,30000.0
Female,80000.0
Female,60000.0
Female,86000.0
Female,31000.0
Male,62000.0
Female,2000.0
Male,2000.0
Male,48000.0
Male,5100.0
Male,76000.0
Female,86000.0
Female,120000.0
Female,64000.0
Male,220000.0
Male,70000.0
Female,95000.0
Male,160000.0
Female,16500.0
Male,24000.0
Female,16000.0
Male,67000.0
Female,14300.0
Male,130000.0
Female,16600.0
Female,90000.0
Male,34500.0
Female,45000.0
Female,27000.0
Female,89000.0
Female,150000.0
Male,21000.0
Male,120000.0
Male,36500.0
Male,100000.0
Female,127000.0
Female,91000.0
Male,100000.0
Female,63000.0
Female,29000.0
Male,50000.0
Female,27000.0
Female,150000.0
Female,110000.0
Male,112000.0
Female,3000.0
Male,50000.0
Male,13000.0
Female,165000.0
Female,100000.0
Female,45000.0
Male,215000.0
Female,60000.0
Male,150000.0
Male,18000.0
Female,158000.0
Male,47000.0
Male,120000.0
Male,75000.0
Female,60000.0
Female,69000.0
Male,12000.0
Female,25000.0
Male,54000.0
Female,40000.0
Male,50000.0
Male,54000.0
Female,40000.0
Male,28000.0
Female,60000.0
Female,48000.0
Male,65000.0
Female,20000.0
Female,37000.0
Female,80000.0
Male,50000.0
Male,175000.0
Male,165000.0
Female,65000.0
Male,130000.0
Female,750.0
Male,76000.0
Female,17000.0
Female,50000.0
Female,40000.0
Male,68000.0
Male,38000.0
Female,70000.0
Male,94000.0
Female,31000.0
Male,260000.0
Male,150000.0
Male,96000.0
Male,68000.0
Male,40000.0
Male,26000.0
Female,7000.0
Male,54000.0
Female,170000.0
Male,80000.0
Female,72000.0
Male,58000.0
Female,10000.0
Female,24000.0
Female,80000.0
Male,64000.0
Male,65000.0
Female,13400.0
Male,32600.0
Female,80000.0
Female,21000.0
Male,109000.0
Female,8400.0
Female,20000.0
Male,92000.0
Male,50000.0
Female,158000.0
Female,180.0
Male,250000.0
Female,5000.0
Female,195000.0
Female,37000.0
Male,300000.0
Female,11000.0
Male,34000.0
Female,130000.0
Male,185000.0
Male,36000.0
Male,80000.0
Male,50000.0
Male,75000.0
Female,99000.0
Female,60000.0
Female,55000.0
Male,11700.0
Female,35400.0
Female,35000.0
Female,178000.0
Male,100000.0
Male,45000.0
Male,60000.0
Female,60000.0
Male,125000.0
Female,58000.0
Male,60000.0
Male,113000.0
Male,35900.0
Male,8000.0
Male,35000.0
Male,50000.0
Female,40000.0
Female,75000.0
Female,40000.0
Male,140000.0
Male,19000.0
Female,2400.0
Female,40000.0
Female,26000.0
Female,30000.0
Male,120000.0
Male,80000.0
Male,48000.0
Male,105000.0
Female,48000.0
Female,65000.0
Male,75000.0
Male,10000.0
Female,82000.0
Male,95000.0
Male,90000.0
Male,10000.0
Male,75000.0
Male,127000.0
Female,35000.0
Male,90000.0
Male,107000.0
Male,70000.0
Female,115000.0
Female,34000.0
Male,103000.0
Male,150000.0
Female,32000.0
Female,10000.0
Male,6000.0
Male,81000.0
Male,30000.0
Female,120000.0
Male,76000.0
Male,50000.0
Female,36000.0
Female,160000.0
Male,48000.0
Male,80000.0
Male,134000.0
Male,117000.0
Male,80000.0
Male,45800.0
Female,65000.0
Male,65000.0
Female,9800.0
Female,48000.0
Male,36000.0
Female,54000.0
Male,45000.0
Female,10000.0
Female,10000.0
Male,10000.0
Female,75000.0
Female,127000.0
Male,5000.0
Female,35100.0
Female,12000.0
Male,33600.0
Male,30000.0
Male,60000.0
Female,120000.0
Female,46000.0
Male,80000.0
Female,2300.0
Female,19500.0
Female,16800.0
Male,57000.0
Female,128000.0
Male,30000.0
Male,58000.0
Female,11700.0
Female,5500.0
Male,10000.0
Male,20200.0
Male,75000.0
Male,9800.0
Male,75000.0
Male,30000.0
Male,125000.0
Male,50000.0
Male,62000.0
Male,40000.0
Female,100000.0
Female,7200.0
Female,50000.0
Female,13900.0
Female,18500.0
Female,89000.0
Female,20000.0
Female,50000.0
Female,5200.0
Female,1500.0
Female,45000.0
Male,105000.0
Female,190000.0
Female,35000.0
Female,50000.0
Female,55000.0
Female,23000.0
Male,60000.0
Female,60000.0
Female,46000.0
Female,78000.0
Female,48000.0
Female,38000.0
Male,45000.0
Female,15100.0
Female,39000.0
Male,65000.0
Male,10000.0
Female,72000.0
Female,50000.0
Male,150000.0
Male,120000.0
Male,120000.0
Female,99000.0
Male,60000.0
Female,30000.0
Male,75000.0
Female,52000.0
Male,60000.0
Female,42100.0
Female,120000.0
Male,28000.0
Female,81000.0
Male,30000.0
Male,44000.0
Male,12000.0
Female,35000.0
Male,14000.0
Female,124000.0
Male,23000.0
Male,65000.0
Male,64000.0
Male,40000.0
Female,78000.0
Male,37000.0
Female,40000.0
Male,45000.0
Male,60000.0
Male,20000.0
Male,40000.0
Female,61000.0
Female,17000.0
Male,59000.0
Female,100000.0
Female,45000.0
Male,50000.0
Male,20000.0
Female,18000.0
Female,200.0
Male,60000.0
Male,70000.0
Female,60000.0
Male,300.0
Male,60000.0
Male,42000.0
Female,78000.0
Female,1800.0
Male,55000.0
Female,77000.0
Female,10900.0
Male,74000.0
Female,16000.0
Male,165000.0
Female,30800.0
Female,6000.0
Female,130000.0
Male,1000.0
Female,45000.0
Male,120000.0
Female,92000.0
Male,30000.0
Female,22000.0
Female,42000.0
Male,40500.0
Male,25000.0
Male,70000.0
Male,45000.0
Male,175000.0
Male,160000.0
Male,150000.0
Female,125000.0
Female,72000.0
Female,17700.0
Male,100000.0
Male,2500.0
Female,7000.0
Male,37000.0
Male,26300.0
Female,2000.0
Female,23500.0
Male,20000.0
Male,150000.0
Female,111000.0
Male,26500.0
Male,33000.0
Female,102000.0
Female,22300.0
Female,41600.0
Female,53000.0
Male,19700.0
Male,30000.0
Male,50000.0
Female,36000.0
Male,104000.0
Male,80000.0
Male,42000.0
Female,13000.0
Male,24000.0
Female,50000.0
Male,16000.0
Female,30000.0
Male,38000.0
Male,21500.0
Female,85000.0
Female,43000.0
Male,2400.0
Female,7000.0
Male,8100.0
Female,127000.0
Male,24500.0
Female,22000.0
Female,15600.0
Female,12000.0
Female,13400.0
Female,6900.0
Female,20000.0
Female,32200.0
Male,190000.0
Female,43000.0
Female,50000.0
Male,56000.0
Male,3000.0
Male,50000.0
Male,96000.0
Female,8000.0
Male,79000.0
Male,126000.0
Female,12000.0
Male,36000.0
Male,75000.0
Male,150000.0
Male,12000.0
Male,100000.0
Female,18700.0
Male,92000.0
Female,5400.0
Male,250000.0
Male,1700.0
Female,26000.0
Male,125000.0
Female,65000.0
Female,117000.0
Male,38000.0
Male,90000.0
Female,115000.0
Male,65000.0
Female,7300.0
Female,55000.0
Male,89000.0
Female,33500.0
Male,31000.0
Female,26000.0
Female,800.0
Male,119000.0
Male,3800.0
Male,24000.0
Male,48000.0
Male,42000.0
Male,4000.0
Female,10000.0
Male,67000.0
Male,35000.0
Female,58000.0
Male,70000.0
Male,400.0
Male,99000.0
Male,25000.0
Female,20000.0
Female,6000.0
Male,96000.0
Female,75000.0
Male,28000.0
Female,45000.0
Male,24000.0
Male,30000.0
Female,18700.0
Female,36000.0
Female,15000.0
Male,36000.0
Male,40000.0
Male,46000.0
Male,150000.0
Female,87000.0
Female,25000.0
Female,40000.0
Male,31200.0
Female,50000.0
Male,210000.0
Male,41600.0
Female,80.0
Female,65000.0
Female,46700.0
Female,30100.0
Male,20000.0
Female,28000.0
Male,56000.0
Male,230000.0
Male,550.0
Female,8000.0
Male,25000.0
Female,8000.0
Male,3500.0
Male,37000.0
Male,48000.0
Female,15000.0
Female,24000.0
Female,37000.0
Female,58000.0
Male,98000.0
Male,200.0
Female,20000.0
Male,26000.0
Male,140000.0
Female,1800.0
Male,6000.0
Male,30000.0
Male,69000.0
Male,120000.0
Female,1500.0
Female,100000.0
Male,4500.0
Female,80000.0
Female,94000.0
Female,45000.0
Male,52000.0
Male,25500.0
Male,17000.0
Male,36400.0
Male,60000.0
Female,1200.0
Female,124000.0
Male,20000.0
Male,30000.0
Male,50000.0
Male,28000.0
Male,60000.0
Male,7000.0
Female,95000.0
Male,160000.0
Female,700.0
Female,18000.0
Female,23000.0
Male,115000.0
Male,102000.0
Male,23500.0
Male,130000.0
Female,36000.0
Female,12000.0
Male,500.0
Male,75000.0
Male,116000.0
Female,102000.0
Female,8000.0
Male,96000.0
Male,55000.0
Female,23000.0
Female,64000.0
Male,50000.0
Male,30000.0
Female,78000.0
Female,57000.0
Female,4000.0
Male,36000.0
Male,45000.0
Male,250000.0
Female,17000.0
Male,10000.0
Female,80000.0
Female,57000.0
Male,91000.0
Female,1000.0
Female,12500.0
Female,34000.0
Female,45400.0
Female,60000.0
Female,97000.0
Male,98000.0
Male,90000.0
Female,75000.0
Male,76000.0
Male,84000.0
Male,10000.0
Female,50000.0
Male,66000.0
Female,31200.0
Female,67000.0
Male,60000.0
Male,1500.0
Male,130000.0
Male,39500.0
Male,7100.0
Female,5700.0
Male,81000.0
Female,50000.0
Female,79000.0
Male,128000.0
Male,145000.0
Female,245000.0
Male,69000.0
Female,11000.0
Male,70000.0
Female,43000.0
Male,165000.0
Male,55000.0
Female,30000.0
Female,40000.0
Female,47000.0
Male,22000.0
Male,45000.0
Female,15000.0
Female,76000.0
Male,75000.0
Male,44000.0
Female,108000.0
Female,202000.0
Male,50000.0
Male,64000.0
Male,6000.0
Female,42000.0
Male,80000.0
Female,11800.0
Female,17100.0
Female,120000.0
Male,36000.0
Male,50000.0
Male,54000.0
Male,100000.0
Female,140000.0
Male,7000.0
Male,50000.0
Female,8000.0
Female,38500.0
Male,95000.0
Male,60000.0
Female,20000.0
Male,16700.0
Male,190000.0
Male,200000.0
Female,54000.0
Female,85000.0
Male,250000.0
Male,80000.0
Female,25000.0
Female,100000.0
Female,23000.0
Male,32000.0
Male,29000.0
Female,40000.0
Male,195000.0
Female,50000.0
Female,57000.0
Female,40000.0
Male,95000.0
Female,100000.0
Female,7000.0
Female,720.0
Female,47500.0
Female,9000.0
Female,72000.0
Female,120000.0
Female,150000.0
Female,50000.0
Female,18000.0
Female,70000.0
Female,66000.0
Male,50000.0
Male,55000.0
Female,35000.0
Male,55000.0
Male,125000.0
Female,40000.0
Female,110000.0
Male,75000.0
Female,3000.0
Female,14000.0
Female,32000.0
Female,80000.0
Female,115000.0
Male,45000.0
Male,75000.0
Male,90000.0
Female,3000.0
Female,15000.0
Female,53000.0
Female,6000.0
Female,80000.0
Male,28800.0
Male,19700.0
Female,15000.0
Female,1900.0
Male,81000.0
Male,110000.0
Female,65000.0
Female,35000.0
Female,40000.0
Female,7000.0
Male,32000.0
Female,84000.0
Female,100000.0
Female,62000.0
Male,7600.0
Male,65000.0
Male,40000.0
Male,200000.0
Female,55000.0
Female,65000.0
Male,60000.0
Female,25400.0
Male,50000.0
Female,55000.0
Male,50000.0
Female,2300.0
Male,50000.0
Male,50000.0
Female,50000.0
Male,62000.0
Female,7200.0
Male,29300.0
Female,72000.0
Female,19200.0
Male,56000.0
Female,71000.0
Female,70000.0
Female,60000.0
Female,32000.0
Female,34000.0
Female,25000.0
Male,100000.0
Male,150000.0
Female,20000.0
Female,43000.0
Female,195000.0
Female,83000.0
Female,90000.0
Male,50000.0
Male,18000.0
Male,61000.0
Male,15000.0
Female,18000.0
Male,3600.0
Male,148000.0
Male,175000.0
Male,45000.0
Female,85000.0
Male,68000.0
Male,1000.0
Male,45000.0
Female,2000.0
Male,75000.0
Female,80000.0
Female,100000.0
Female,25000.0
Female,7000.0
Male,5000.0
Male,25000.0
Male,75000.0
Female,85000.0
Female,80000.0
Male,80000.0
Male,52000.0
Female,82000.0
Female,42000.0
Male,115000.0
Female,95000.0
Male,24000.0
Female,66000.0
Male,30000.0
Female,140000.0
Female,70000.0
Female,40000.0
Female,25000.0
Female,80000.0
Male,40000.0
Female,74000.0
Male,52000.0
Male,103000.0
Female,235000.0
Male,5000.0
Male,120000.0
Female,50000.0
Female,41000.0
Male,7000.0
Female,30400.0
Female,30000.0
Male,18700.0
Female,70000.0
Male,3700.0
Male,129000.0
Male,67000.0
Female,58000.0
Female,42000.0
Male,129000.0
Female,7000.0
Female,1000.0
Male,10500.0
Female,60000.0
Male,100000.0
Female,45000.0
Male,200000.0
Female,87000.0
Female,14000.0
Female,59000.0
Male,24000.0
Male,1000.0
Female,25000.0
Female,1200.0
Male,35400.0
Male,51000.0
Female,32000.0
Female,10000.0
Female,193000.0
Male,78000.0
Male,70000.0
Female,50000.0
Male,43300.0
Female,40000.0
Female,160000.0
Male,150000.0
Female,21500.0
Female,32000.0
Male,120000.0
Male,12000.0
Female,45000.0
Male,37800.0
Female,22900.0
Female,1600.0
Female,65000.0
Female,20000.0
Female,14400.0
Male,250000.0
Female,33000.0
Female,36000.0
Female,18000.0
Male,20000.0
Female,24000.0
Male,60000.0
Male,65000.0
Female,80000.0
Male,98000.0
Female,30600.0
Male,29000.0
Male,70000.0
Female,9000.0
Male,7100.0
Male,60000.0
Male,80000.0
Female,14600.0
Female,25000.0
Male,140000.0
Male,50000.0
Male,100000.0
Female,20000.0
Male,100000.0
Male,83000.0
Male,25000.0
Female,58000.0
Female,25000.0
Female,150000.0
Male,125000.0
Male,80000.0
Female,15000.0
Male,60000.0
Male,20000.0
Female,92000.0
Male,40000.0
Male,20000.0
Male,115000.0
Female,49000.0
Male,48000.0
Female,6000.0
Female,31000.0
Female,48000.0
Female,48100.0
Male,25900.0
Male,40000.0
Female,23400.0
Male,17600.0
Female,100000.0
Male,75000.0
Female,52000.0
Male,133000.0
Female,40000.0
Female,54000.0
Female,11100.0
Male,15000.0
Female,32000.0
Male,180.0
Male,50000.0
Male,100000.0
Female,30000.0
Female,200000.0
Male,130000.0
Female,3000.0
Male,43000.0
Male,30000.0
Female,32000.0
Female,50000.0
Male,79000.0
Female,35000.0
Female,43000.0
Male,28000.0
Female,80000.0
Female,99000.0
Female,38000.0
Male,31000.0
Male,60000.0
Male,11000.0
Male,100000.0
Male,16200.0
Male,220000.0
Male,115000.0
Female,2200.0
Male,6000.0
Female,81000.0
Male,108000.0
Male,115000.0
Male,115000.0
Female,52000.0
Female,45000.0
Female,40000.0
Male,880.0
Male,6300.0
Male,12000.0
Female,24000.0
Female,350.0
Male,30000.0
Male,60000.0
Male,48000.0
Male,25000.0
Female,40000.0
Male,200.0
Male,34500.0
Female,89000.0
Female,80000.0
Male,75000.0
Female,60000.0
Male,40000.0
Male,15000.0
Male,68000.0
Male,215000.0
Male,2000.0
Female,92000.0
Male,70000.0
Male,57000.0
Male,55000.0
Male,70000.0
Female,120000.0
Male,45000.0
Female,2000.0
Female,2000.0
Female,6000.0
Male,18000.0
Female,40000.0
Female,25000.0
Male,100000.0
Female,39000.0
Female,70000.0
Female,95000.0
Male,200000.0
Male,65000.0
Female,25000.0
Female,38000.0
Female,7300.0
Female,15000.0
Male,60000.0
Male,34900.0
Female,12000.0
Male,60000.0
Female,28000.0
Female,28000.0
Female,16000.0
Female,30000.0
Male,25000.0
Female,30000.0
Male,180000.0
Female,12000.0
Female,38000.0
Male,45000.0
Female,112000.0
Male,180000.0
Male,6000.0
Female,57000.0
Male,50000.0
Male,35000.0
Male,1700.0
Male,150000.0
Male,18000.0
Female,200000.0
Male,7800.0
Male,63000.0
Male,277000.0
Female,13000.0
Male,98000.0
Female,52000.0
Male,65000.0
Male,120000.0
Male,225000.0
Male,40000.0
Female,27700.0
Female,30000.0
Female,52000.0
Male,38400.0
Male,100000.0
Male,172000.0
Female,15000.0
Male,100000.0
Female,20000.0
Female,42000.0
Male,20000.0
Male,60000.0
Female,69000.0
Male,160000.0
Male,20000.0
Female,52000.0
Female,52000.0
Male,47000.0
Female,60000.0
Female,200000.0
Male,30800.0
Female,190000.0
Female,18000.0
Female,33000.0
Male,90000.0
Male,20000.0
Male,10000.0
Female,2500.0
Male,50000.0
Female,1000.0
Female,140000.0
Female,51000.0
Male,36000.0
Female,39000.0
Male,110000.0
Female,12600.0
Female,55000.0
Female,200000.0
Female,600.0
Female,65000.0
Male,32000.0
Female,20000.0
Male,48000.0
Male,75000.0
Female,2400.0
Female,140000.0
Female,1200.0
Female,60000.0
Female,39400.0
Female,75000.0
Female,114000.0
Female,72000.0
Female,39500.0
Male,2500.0
Male,120000.0
Female,45000.0
Female,60000.0
Male,250000.0
Female,35000.0
Female,89000.0
Male,72000.0
Male,33000.0
Female,136000.0
Female,7000.0
Female,11000.0
Male,100000.0
Male,37000.0
Female,59000.0
Male,34000.0
Female,73000.0
Female,31200.0
Male,58000.0
Male,50000.0
Female,8000.0
Female,55000.0
Female,9000.0
Female,36900.0
Male,34000.0
Female,44000.0
Female,156000.0
Male,5500.0
Male,2000.0
Male,91000.0
Male,45600.0
Male,150000.0
Male,45000.0
Male,8200.0
Male,80000.0
Female,70000.0
Male,103000.0
Female,65000.0
Female,730.0
Female,90000.0
Female,20000.0
Female,30300.0
Male,42100.0
Male,80000.0
Female,250000.0
Male,103000.0
Male,50000.0
Male,100000.0
Male,300000.0
Female,40000.0
Male,6900.0
Female,25000.0
Male,25000.0
Female,250000.0
Female,70000.0
Male,70000.0
Female,35000.0
Female,33000.0
Male,27700.0
Male,70000.0
Female,132000.0
Male,132000.0
Female,45000.0
Male,57000.0
Female,75000.0
Female,115000.0
Male,70000.0
Male,16800.0
Male,2000.0
Male,25000.0
Male,185000.0
Female,17000.0
Female,100000.0
Female,65000.0
Female,49600.0
Male,34000.0
Male,120000.0
Male,125000.0
Male,44500.0
Male,100000.0
Female,90000.0
Male,25000.0
Male,14000.0
Male,4000.0
Female,58000.0
Male,135000.0
Female,35000.0
Male,2600.0
Male,63000.0
Female,79000.0
Female,120000.0
Female,10000.0
Male,4000.0
Male,70000.0
Female,54000.0
Male,900.0
Male,35000.0
Female,21000.0
Male,60000.0
Female,80000.0
Male,12000.0
Female,40000.0
Male,4200.0
Male,20000.0
Female,160000.0
Male,109000.0
Female,36000.0
Female,51000.0
Female,29100.0
Female,155000.0
Male,130000.0
Male,20000.0
Female,143000.0
Male,10000.0
Male,75000.0
Male,24700.0
Female,37000.0
Female,45900.0
Female,25800.0
Female,100000.0
Male,27000.0
Male,94000.0
Male,50000.0
Male,120000.0
Male,13000.0
Female,36000.0
Female,111000.0
Female,114000.0
Male,180000.0
Male,20000.0
Female,40000.0
Female,18000.0
Male,34000.0
Male,80000.0
Male,65000.0
Female,13000.0
Female,54000.0
Male,10000.0
Female,2500.0
Male,1000.0
Female,1200.0
Female,2000.0
Female,12000.0
Male,25000.0
Female,260000.0
Female,5500.0
Female,39000.0
Male,135000.0
Female,69000.0
Male,50000.0
Female,33000.0
Female,30000.0
Female,9600.0
Female,35000.0
Female,50000.0
Male,10000.0
Female,19000.0
Male,35000.0
Male,130000.0
Male,71000.0
Male,50000.0
Female,40000.0
Male,3600.0
Female,60000.0
Female,6700.0
Female,32000.0
Female,40000.0
Female,80000.0
Female,8600.0
Female,80000.0
Female,40000.0
Female,20000.0
Male,100000.0
Male,52000.0
Female,3000.0
Male,79000.0
Male,200000.0
Female,120000.0
Female,60000.0
Female,225000.0
Male,49000.0
Male,68000.0
Male,3000.0
Male,118000.0
Female,30000.0
Female,25000.0
Male,21000.0
Female,85000.0
Male,530.0
Male,220000.0
Male,78000.0
Female,110000.0
Female,36000.0
Female,29900.0
Male,45000.0
Male,90000.0
Female,156000.0
Female,170000.0
Female,52000.0
Male,9000.0
Female,24700.0
Female,15000.0
Male,52000.0
Male,5000.0
Female,15000.0
Male,238000.0
Male,14000.0
Male,29100.0
Female,50000.0
Female,21300.0
Male,44300.0
Male,42000.0
Male,100000.0
Male,29000.0
Female,5200.0
Female,115000.0
Male,25500.0
Female,71000.0
Female,110000.0
Female,7100.0
Female,20200.0
Male,50000.0
Male,50000.0
Male,100000.0
Female,175000.0
Female,65000.0
Female,62000.0
Female,28800.0
Female,7000.0
Female,30000.0
Male,70000.0
Male,125000.0
Female,70000.0
Female,19000.0
Female,110000.0
Male,80000.0
Female,135000.0
Female,90000.0
Female,120000.0
Female,760.0
Female,6000.0
Female,165000.0
Male,100000.0
Male,12000.0
Male,60000.0
Male,90000.0
Male,26500.0
Female,150000.0
Male,1900.0
Male,100000.0
Male,20800.0
Male,3000.0
Male,70000.0
Male,53000.0
Male,130000.0
Male,80000.0
Male,120000.0
Female,40000.0
Female,42000.0
Male,40000.0
Female,102000.0
Male,45000.0
Female,5000.0
Male,150000.0
Male,57000.0
Female,16000.0
Male,110000.0
Male,60000.0
Female,45800.0
Female,29000.0
Female,5000.0
Female,90000.0
Male,28000.0
Male,110000.0
Male,240000.0
Male,65000.0
Female,2000.0
Female,80000.0
Female,49500.0
Female,130000.0
Male,6000.0
Male,100000.0
Male,158000.0
Female,600.0
Female,100000.0
Female,6500.0
Female,44000.0
Female,35000.0
Female,2000.0
Female,120000.0
Male,5000.0
Female,108000.0
Female,26900.0
Male,125000.0
Male,20000.0
Male,80000.0
Male,38000.0
Female,6800.0
Male,80000.0
Male,130000.0
Female,50000.0
Male,80000.0
Male,100000.0
Female,158000.0
Male,18000.0
Female,5900.0
Female,15800.0
Male,93000.0
Male,35000.0
Female,40000.0
Male,90000.0
Male,920.0
Female,22000.0
Male,110000.0
Male,95000.0
Male,100000.0
Female,146000.0
Male,80000.0
Female,15000.0
Male,12000.0
Male,172000.0
Male,52000.0
Female,60000.0
Female,100000.0
Male,77000.0
Male,2000.0
Male,45000.0
Female,40000.0
Female,30000.0
Female,3000.0
Female,33000.0
Male,2100.0
Female,113000.0
Female,40000.0
Male,1200.0
Female,31000.0
Female,1800.0
Female,8000.0
Female,52000.0
Male,170000.0
Female,30000.0
Female,91000.0
Female,80000.0
Male,78000.0
Female,165000.0
Female,80000.0
Male,135000.0
Male,160000.0
Female,9000.0
Female,81000.0
Female,65000.0
Male,65000.0
Female,60000.0
Male,45000.0
Male,100000.0
Male,50000.0
Female,20000.0
Male,24000.0
Male,4000.0
Female,48000.0
Female,17800.0
Female,74000.0
Female,80000.0
Male,50000.0
Female,20200.0
Male,71000.0
Male,48000.0
Male,34000.0
Female,100000.0
Male,14000.0
Male,185000.0
Female,49200.0
Male,40000.0
Female,99000.0
Female,42000.0
Male,87000.0
Male,120000.0
Male,2700.0
Male,48000.0
Female,18000.0
Male,58000.0
Female,19500.0
Male,50000.0
Female,25000.0
Male,165000.0
Male,103000.0
Female,25000.0
Male,98000.0
Female,12000.0
Male,40000.0
Male,48000.0
Female,39000.0
Female,20000.0
Male,59000.0
Female,34000.0
Female,97000.0
Male,60000.0
Female,35000.0
Male,141000.0
Female,48800.0
Male,35500.0
Male,140000.0
Female,75000.0
Male,250000.0
Female,34000.0
Male,135000.0
Female,32000.0
Male,130000.0
Female,60000.0
Female,32600.0
Male,17000.0
Male,85000.0
Female,24000.0
Female,10600.0
Male,49000.0
Male,54000.0
Male,70000.0
Female,17500.0
Male,40000.0
Female,65000.0
Male,114000.0
Female,11000.0
Male,12000.0
Female,40000.0
Female,2400.0
Female,65000.0
Female,92000.0
Male,53000.0
Male,35000.0
Male,78000.0
Male,6000.0
Male,60000.0
Female,44000.0
Male,45000.0
Female,125000.0
Male,24000.0
Female,29000.0
Male,6000.0
Male,15000.0
Male,90000.0
Male,150000.0
Male,85000.0
Female,40000.0
Female,75000.0
Male,155000.0
Female,71000.0
Male,34000.0
Female,30000.0
Male,105000.0
Female,74000.0
Male,19000.0
Male,73000.0
Female,98000.0
Male,40000.0
Male,150000.0
Male,29100.0
Male,10000.0
Male,155000.0
Female,73000.0
Male,47400.0
Female,9000.0
Female,15000.0
Male,30000.0
Male,50000.0
Male,49000.0
Male,41600.0
Female,14000.0
Female,34000.0
Male,109000.0
Male,79000.0
Male,100000.0
Male,20000.0
Female,150000.0
Female,6000.0
Male,100000.0
Female,20000.0
Male,35000.0
Male,2500.0
Male,21400.0
Female,41100.0
Female,290000.0
Male,70000.0
Male,107000.0
Male,52000.0
Female,75000.0
Male,35000.0
Female,74000.0
Female,70000.0
Female,43000.0
Male,90000.0
Female,83000.0
Female,500.0
Male,30000.0
Female,60000.0
Female,147000.0
Male,275000.0
Male,110000.0
Female,10200.0
Male,5000.0
Female,30900.0
Female,60000.0
Male,1500.0
Male,115000.0
Male,1500.0
Male,109000.0
Male,12000.0
Female,42000.0
Female,75000.0
Female,10000.0
Female,10000.0
Female,90000.0
Male,98000.0
Male,5200.0
Male,35000.0
Male,58000.0
Female,32400.0
Male,147000.0
Female,76000.0
Male,10000.0
Male,105000.0
Female,101000.0
Male,180000.0
Male,75000.0
Male,30000.0
Male,110000.0
Male,26000.0
Male,28000.0
Female,2000.0
Female,40000.0
Female,11000.0
Female,115000.0
Female,110000.0
Male,74000.0
Male,65000.0
Female,43000.0
Male,65000.0
Male,3000.0
Male,20000.0
Female,101000.0
Female,4700.0
Male,51000.0
Female,16000.0
Male,45000.0
Female,30000.0
Female,45700.0
Male,7000.0
Female,27500.0
Male,80000.0
Male,112000.0
Female,49000.0
Female,73000.0
Male,60000.0
Female,28000.0
Male,45000.0
Male,20000.0
Female,15000.0
Female,25000.0
Male,71000.0
Female,85000.0
Female,75000.0
Female,120000.0
Female,96000.0
Male,160000.0
Female,115000.0
Male,60000.0
Female,60000.0
Male,150000.0
Male,65000.0
Female,120000.0
Female,20000.0
Male,2300.0
Female,91000.0
Female,100000.0
Male,99000.0
Female,24700.0
Female,1300.0
Male,45900.0
Male,60000.0
Female,18000.0
Male,60000.0
Male,1500.0
Female,10000.0
Female,5000.0
Male,121000.0
Female,100000.0
Female,80000.0
Male,75000.0
Male,40000.0
Male,120000.0
Female,21800.0
Female,16000.0
Male,130000.0
Female,75000.0
Female,26400.0
Female,900.0
Male,144000.0
Female,1700.0
Male,30000.0
Male,11200.0
Male,41000.0
Female,34100.0
Female,240000.0
Female,34000.0
Male,55000.0
Female,15000.0
Male,43500.0
Male,9000.0
Female,80000.0
Female,42000.0
Female,135000.0
Male,17500.0
Female,85000.0
Female,8000.0
Male,175000.0
Male,45000.0
Male,50000.0
Male,120000.0
Female,60000.0
Male,90000.0
Male,27000.0
Female,45000.0
Male,8200.0
Male,160000.0
Female,16000.0
Male,100000.0
Female,26000.0
Female,65000.0
Female,100000.0
Male,93000.0
Male,6000.0
Male,70000.0
Male,150000.0
Male,6700.0
Female,110000.0
Female,7100.0
Female,14700.0
Female,47600.0
Male,10000.0
Male,36000.0
Female,30000.0
Female,32000.0
Female,40000.0
Male,50000.0
Male,195000.0
Male,50000.0
Female,58000.0
Male,7000.0
Female,74000.0
Male,19000.0
Male,1800.0
Female,21800.0
Male,10000.0
Male,40000.0
Female,30000.0
Female,4800.0
Male,10500.0
Male,73000.0
Male,5000.0
Male,7600.0
Male,12000.0
Male,82000.0
Female,52000.0
Male,60000.0
Female,156000.0
Female,49300.0
Female,48000.0
Male,120000.0
Female,42500.0
Female,32000.0
Female,2400.0
Male,27000.0
Female,59000.0
Male,64000.0
Male,1200.0
Male,250000.0
Male,38000.0
Female,22800.0
Male,14000.0
Female,850.0
Female,16700.0
Female,62000.0
Female,100000.0
Male,55000.0
Female,47500.0
Female,88000.0
Male,49500.0
Male,100000.0
Male,40000.0
Male,500.0
Male,80000.0
Female,68000.0
Female,85000.0
Male,15000.0
Female,85000.0
Female,10000.0
Female,100000.0
Female,15700.0
Male,99000.0
Male,1200.0
Female,43000.0
Female,80000.0
Female,15900.0
Male,40000.0
Female,82000.0
Male,47000.0
Female,69000.0
Female,67000.0
Female,30000.0
Male,70000.0
Male,55000.0
Female,15000.0
Male,142000.0
Male,85000.0
Male,100000.0
Male,75000.0
Male,65000.0
Female,27000.0
Female,23000.0
Female,150000.0
Male,140000.0
Female,23600.0
Male,5000.0
Female,58000.0
Male,2200.0
Female,50000.0
Female,55000.0
Male,100000.0
Female,3000.0
Female,41000.0
Female,90000.0
Female,60000.0
Male,12000.0
Male,33000.0
Male,16800.0
Male,60000.0
Female,40000.0
Male,74000.0
Female,98000.0
Male,16300.0
Male,71000.0
Male,102000.0
Male,31000.0
Male,150000.0
Female,25000.0
Female,40000.0
Female,300.0
Female,100000.0
Male,65000.0
Male,140000.0
Male,30000.0
Male,21000.0
Male,54000.0
Female,38000.0
Female,1200.0
Male,44000.0
Female,72000.0
Female,14000.0
Female,63000.0
Female,199000.0
Female,83000.0
Male,15000.0
Male,65000.0
Male,158000.0
Male,40000.0
Female,31500.0
Female,7500.0
Female,21000.0
Male,120000.0
Female,39700.0
Female,29500.0
Male,30000.0
Female,115000.0
Male,75000.0
Female,64000.0
Female,28000.0
Male,120000.0
Male,30000.0
Female,70000.0
Female,70000.0
Male,40000.0
Female,31000.0
Male,35000.0
Female,4300.0
Female,17000.0
Male,60000.0
Female,80000.0
Male,58000.0
Male,33900.0
Male,63000.0
Male,175000.0
Female,1500.0
Female,28000.0
Female,100000.0
Female,29000.0
Female,76000.0
Male,44100.0
Female,24000.0
Male,100000.0
Female,40000.0
Female,45000.0
Male,80000.0
Male,110000.0
Male,25000.0
Male,60000.0
Male,199000.0
Male,40000.0
Male,600.0
Male,50000.0
Female,7000.0
Male,135000.0
Female,160000.0
Female,83000.0
Male,33000.0
Male,275000.0
Male,7600.0
Female,7900.0
Male,1100.0
Male,35000.0
Male,100000.0
Male,100000.0
Male,54000.0
Female,7800.0
Female,10000.0
Female,18000.0
Female,28000.0
Female,30000.0
Male,119000.0
Male,250000.0
Male,40800.0
Male,80000.0
Female,78000.0
Male,50000.0
Female,52000.0
Male,16000.0
Male,36000.0
Female,40000.0
Female,80000.0
Male,98000.0
Female,12000.0
Male,75000.0
Female,165000.0
Male,47000.0
Female,10000.0
Male,36000.0
Male,82000.0
Male,165000.0
Male,47000.0
Male,176000.0
Female,150000.0
Male,80000.0
Female,12100.0
Female,125000.0
Male,60000.0
Male,120000.0
Female,10000.0
Female,55000.0
Male,70000.0
Male,13000.0
Female,205000.0
Male,32000.0
Female,4900.0
Female,18000.0
Male,250000.0
Female,22000.0
Female,90000.0
Male,56000.0
Female,40000.0
Male,48000.0
Female,10000.0
Female,3600.0
Male,126000.0
Female,150000.0
Male,80000.0
Male,30000.0
Male,80000.0
Female,8000.0
Female,19000.0
Female,36000.0
Male,110000.0
Female,28000.0
Female,50000.0
Male,26000.0
Female,55000.0
Female,74000.0
Female,4500.0
Female,40000.0
Male,26600.0
Male,45000.0
Female,80000.0
Male,75000.0
Female,7000.0
Female,2000.0
Female,24000.0
Female,200000.0
Male,40000.0
Female,48300.0
Female,64000.0
Female,152000.0
Female,6000.0
Male,47000.0
Male,105000.0
Female,82000.0
Female,35000.0
Female,52000.0
Female,54000.0
Male,48000.0
Male,160000.0
Female,8100.0
Female,65000.0
Male,70000.0
Male,120000.0
Male,200000.0
Male,39000.0
Female,90000.0
Female,8800.0
Male,23000.0
Male,85000.0
Male,80000.0
Male,135000.0
Female,78000.0
Male,62000.0
Female,110000.0
Female,6600.0
Male,70000.0
Male,210000.0
Female,75000.0
Male,12000.0
Male,18500.0
Female,65000.0
Female,5200.0
Male,16000.0
Male,2900.0
Female,36500.0
Male,300000.0
Female,70000.0
Male,6000.0
Male,90000.0
Female,43200.0
Female,7000.0
Male,74000.0
Female,9000.0
Male,205000.0
Male,5000.0
Male,7300.0
Male,90000.0
Male,60000.0
Male,3500.0
Female,28000.0
Female,4000.0
Male,250000.0
Male,40000.0
Female,26000.0
Male,26400.0
Female,85000.0
Female,34500.0
Male,75000.0
Male,20000.0
Female,80000.0
Male,34800.0
Male,125000.0
Male,88000.0
Female,142000.0
Male,40000.0
Female,40000.0
Female,87000.0
Female,1000.0
Male,300000.0
Male,29000.0
Male,35000.0
Female,85000.0
Female,32500.0
Male,87000.0
Male,200.0
Male,85000.0
Female,6000.0
Female,5500.0
Female,100.0
Male,100000.0
Female,20000.0
Male,74000.0
Male,2500.0
Male,50000.0
Male,82000.0
Male,50000.0
Female,25000.0
Male,130000.0
Female,3000.0
Female,15000.0
Male,175000.0
Male,80000.0
Male,90000.0
Female,130000.0
Male,11200.0
Male,57000.0
Female,30000.0
Female,2000.0
Male,150000.0
Male,70000.0
Female,65000.0
Female,14900.0
Male,150.0
Male,55000.0
Female,25000.0
Female,40000.0
Male,70000.0
Female,90000.0
Female,27800.0
Male,76000.0
Male,150000.0
Female,80000.0
Female,38000.0
Male,105000.0
Female,43000.0
Male,60000.0
Male,125000.0
Female,65000.0
Male,75000.0
Female,4000.0
Male,75000.0
Female,48000.0
Male,77000.0
Female,30000.0
Male,45000.0
Male,40000.0
Female,19000.0
Male,15000.0
Female,100000.0
Female,42500.0
Male,7500.0
Female,110000.0
Male,70000.0
Female,225000.0
Female,105000.0
Male,24000.0
Male,48000.0
Female,19000.0
Female,31200.0
Male,110000.0
Male,50000.0
Male,250000.0
Female,60000.0
Female,60000.0
Male,288000.0
Female,21000.0
Male,16000.0
Female,70000.0
Female,26000.0
Male,98000.0
Female,82000.0
Male,150000.0
Female,100000.0
Female,28000.0
Male,116000.0
Male,109000.0
Female,9000.0
Female,20000.0
Female,65000.0
Male,224000.0
Male,165000.0
Female,48000.0
Male,49400.0
Male,39000.0
Female,15600.0
Female,95000.0
Male,33000.0
Female,12500.0
Female,52000.0
Male,41000.0
Male,4500.0
Male,60000.0
Male,42000.0
Male,60000.0
Male,43600.0
Male,55000.0
Female,60000.0
Female,130000.0
Female,5000.0
Female,48000.0
Male,30000.0
Female,800.0
Male,72000.0
Male,25000.0
Female,45000.0
Male,15000.0
Male,85000.0
Female,205000.0
Male,65000.0
Male,70000.0
Male,33800.0
Female,46000.0
Male,3800.0
Female,80000.0
Male,73000.0
Female,200000.0
Female,92000.0
Male,35000.0
Male,760.0
Male,40000.0
Female,48000.0
Female,6000.0
Male,94000.0
Female,500.0
Male,40000.0
Male,145000.0
Male,50000.0
Male,57000.0
Female,45000.0
Male,66000.0
Female,25000.0
Female,36000.0
Female,170000.0
Female,3400.0
Male,2400.0
Male,40000.0
Female,55000.0
Male,225000.0
Male,65000.0
Male,56000.0
Male,60000.0
Female,41600.0
Male,20000.0
Female,108000.0
Male,70000.0
Male,5000.0
Male,160000.0
Male,165000.0
Male,65000.0
Female,22000.0
Male,65000.0
Female,20000.0
Female,5000.0
Male,30000.0
Female,110000.0
Female,8500.0
Male,20600.0
Male,83000.0
Male,86000.0
Female,60000.0
Female,34000.0
Male,50000.0
Male,300000.0
Male,13400.0
Female,46000.0
Female,30000.0
Male,53000.0
Male,43200.0
Female,80000.0
Female,4800.0
Male,200000.0
Male,20000.0
Female,10000.0
Female,47800.0
Female,65000.0
Male,93000.0
Male,8000.0
Male,85000.0
Female,38000.0
Male,47000.0
Female,35000.0
Male,45000.0
Female,67000.0
Male,30000.0
Female,53000.0
Male,19000.0
Female,10000.0
Male,33000.0
Female,70000.0
Male,21000.0
Male,70000.0
Female,90000.0
Female,85000.0
Male,17000.0
Male,25000.0
Female,42000.0
Male,35000.0
Female,45000.0
Female,60000.0
Male,160000.0
Female,500.0
Male,60000.0
Male,145000.0
Female,26000.0
Female,20400.0
Male,40000.0
Male,70000.0
Female,80000.0
Male,67000.0
Male,30000.0
Male,80000.0
Male,5000.0
Male,20000.0
Male,101000.0
Female,19200.0
Male,110000.0
Female,65000.0
Female,28000.0
Female,70000.0
Female,14000.0
Male,100000.0
Male,45000.0
Female,84000.0
Male,61000.0
Female,64000.0
Female,265000.0
Female,85000.0
Male,220000.0
Male,53000.0
Male,62000.0
Female,15000.0
Female,14200.0
Male,40000.0
Male,45000.0
Female,800.0
Male,173000.0
Female,65000.0
Male,250000.0
Male,5000.0
Female,5700.0
Female,70000.0
Male,35000.0
Male,45000.0
Male,60000.0
Male,62000.0
Male,79000.0
Female,10000.0
Male,38500.0
Male,65000.0
Female,26000.0
Male,50000.0
Female,90000.0
Male,9000.0
Female,48000.0
Male,3900.0
Male,20000.0
Male,110000.0
Male,100000.0
Male,120000.0
Female,35400.0
Male,76000.0
Male,80000.0
Female,43000.0
Male,15000.0
Female,40000.0
Male,41000.0
Male,20000.0
Male,80000.0
Female,10000.0
Male,122000.0
Female,72000.0
Male,90000.0
Female,450.0
Female,10400.0
Female,112000.0
Female,15000.0
Female,18000.0
Female,7500.0
Female,40000.0
Male,131000.0
Male,66000.0
Male,64000.0
Male,310.0
Male,36000.0
Male,50000.0
Female,56000.0
Female,37000.0
Male,100000.0
Female,62000.0
Female,109000.0
Male,250000.0
Female,26000.0
Female,24000.0
Female,55000.0
Male,10000.0
Female,64000.0
Male,70000.0
Female,77000.0
Male,199000.0
Male,42000.0
Male,80000.0
Male,155000.0
Female,70000.0
Male,5400.0
Female,60000.0
Male,77000.0
Male,48000.0
Female,89000.0
Female,47000.0
Male,80000.0
Male,22000.0
Female,50000.0
Female,1000.0
Male,14900.0
Female,9900.0
Female,76000.0
Female,13000.0
Female,30000.0
Male,300.0
Male,97000.0
Male,33000.0
Female,33000.0
Male,28000.0
Male,80000.0
Female,219000.0
Female,33000.0
Male,15000.0
Female,27000.0
Female,4000.0
Female,60000.0
Female,22000.0
Male,65000.0
Male,65000.0
Male,230000.0
Male,23800.0
Female,10000.0
Male,100000.0
Male,98000.0
Female,2000.0
Male,36000.0
Female,121000.0
Female,210000.0
Male,280000.0
Female,67000.0
Male,80000.0
Male,100000.0
Male,65000.0
Male,97000.0
Female,52000.0
Female,33000.0
Female,80000.0
Female,30000.0
Female,39000.0
Male,60000.0
Female,32000.0
Female,30000.0
Female,83000.0
Male,22000.0
Male,55000.0
Female,110000.0
Male,125000.0
Male,17500.0
Male,84000.0
Female,29000.0
Female,45000.0
Female,48000.0
Female,112000.0
Female,49000.0
Male,25000.0
Male,62000.0
Male,100000.0
Female,100000.0
Male,50000.0
Male,67000.0
Female,32000.0
Female,72000.0
Male,9000.0
Male,20000.0
Female,12000.0
Male,80000.0
Female,4500.0
Male,110000.0
Female,72000.0
Male,45000.0
Female,85000.0
Female,10000.0
Male,30000.0
Female,3400.0
Male,40300.0
Male,7000.0
Male,24000.0
Female,36000.0
Female,57000.0
Male,45000.0
Female,45000.0
Male,26000.0
Female,57000.0
Female,96000.0
Male,16600.0
Male,300000.0
Female,44000.0
Female,41000.0
Female,59000.0
Male,67000.0
Female,17000.0
Male,46000.0
Female,70000.0
Male,130000.0
Female,290000.0
Male,85000.0
Female,39000.0
Female,32000.0
Male,180000.0
Female,35000.0
Male,17000.0
Female,36000.0
Male,25000.0
Female,60000.0
Female,48200.0
Female,280000.0
Male,90000.0
Male,48000.0
Female,35000.0
Male,48000.0
Male,2100.0
Female,20900.0
Male,55000.0
Female,23000.0
Female,103000.0
Female,42800.0
Female,15500.0
Male,45000.0
Female,100000.0
Female,50000.0
Male,91000.0
Female,91000.0
Male,25000.0
Male,6500.0
Male,42100.0
Female,8300.0
Male,75000.0
Female,106000.0
Male,65000.0
Male,60000.0
Male,60000.0
Female,59000.0
Male,12000.0
Male,95000.0
Male,80000.0
Male,56000.0
Male,65000.0
Female,31000.0
Male,85000.0
Male,59000.0
Male,108000.0
Male,50000.0
Female,6000.0
Male,35000.0
Male,98000.0
Female,70000.0
Female,150000.0
Male,150000.0
Male,100000.0
Female,10000.0
Female,24000.0
Male,185000.0
Male,48000.0
Female,5000.0
Male,68000.0
Male,80000.0
Male,44000.0
Female,54000.0
Female,280000.0
Male,90000.0
Male,90000.0
Male,105000.0
Female,500.0
Female,56000.0
Female,15000.0
Male,30000.0
Female,50000.0
Female,60000.0
Female,61000.0
Female,20000.0
Female,2000.0
Male,39000.0
Female,15000.0
Male,150000.0
Female,48000.0
Female,18000.0
Female,1500.0
Male,25000.0
Female,52000.0
Female,35700.0
Male,30000.0
Female,52000.0
Female,3000.0
Male,140000.0
Female,5000.0
Female,95000.0
Male,25000.0
Male,46000.0
Female,9300.0
Female,2000.0
Female,5000.0
Male,115000.0
Male,100000.0
Male,46500.0
Female,125000.0
Male,45000.0
Male,130000.0
Male,32000.0
Male,58000.0
Male,10500.0
Female,20000.0
Female,25000.0
Female,105000.0
Female,25700.0
Male,100000.0
Male,100000.0
Female,28000.0
Male,150000.0
Male,19300.0
Female,40200.0
Female,12000.0
Male,50000.0
Male,82000.0
Male,28800.0
Female,33000.0
Male,45000.0
Male,80000.0
Female,94000.0
Male,50000.0
Male,20000.0
Male,54000.0
Male,18500.0
Male,13600.0
Female,65000.0
Male,14400.0
Female,7500.0
Male,185000.0
Female,77000.0
Male,25000.0
Male,10000.0
Female,58000.0
Male,4000.0
Female,122000.0
Female,2200.0
Male,80000.0
Male,150000.0
Male,106000.0
Male,250000.0
Male,100000.0
Female,34500.0
Female,103000.0
Male,15000.0
Female,27000.0
Male,46000.0
Female,80000.0
Male,70000.0
Male,80000.0
Male,50000.0
Female,30000.0
Male,12000.0
Female,30300.0
Male,75000.0
Female,4800.0
Male,85000.0
Male,3000.0
Male,16000.0
Male,35000.0
Female,43100.0
Female,73000.0
Male,85000.0
Female,16500.0
Female,10600.0
Male,100000.0
Female,50000.0
Female,4500.0
Female,8000.0
Female,130000.0
Female,80000.0
Male,19200.0
Female,2800.0
Male,46200.0
Male,6000.0
Male,30000.0
Male,65000.0
Male,159000.0
Female,60000.0
Female,17000.0
Male,149000.0
Male,35000.0
Female,2500.0
Female,98000.0
Male,28000.0
Male,200.0
Female,65000.0
Male,60000.0
Male,11000.0
Male,100000.0
Female,5100.0
Female,31900.0
Female,45300.0
Male,50000.0
Male,120000.0
Male,28000.0
Male,10800.0
Female,80000.0
Male,150000.0
Female,10000.0
Male,70000.0
Female,25600.0
Male,68000.0
Male,30000.0
Female,8100.0
Male,125000.0
Male,50000.0
Female,30000.0
Male,36400.0
Female,40800.0
Female,24000.0
Male,125000.0
Male,112000.0
Female,20000.0
Male,80000.0
Male,26000.0
Male,150000.0
Female,24000.0
Female,49000.0
Female,30000.0
Female,78000.0
Male,70000.0
Female,40000.0
Female,57000.0
Male,31600.0
Female,100000.0
Female,200.0
Male,125000.0
Male,40000.0
Male,41600.0
Male,130000.0
Female,64000.0
Male,125000.0
Female,40900.0
Male,40000.0
Female,130000.0
Male,10000.0
Female,100000.0
Male,6000.0
Male,80000.0
Female,70000.0
Male,83000.0
Male,70000.0
Male,50000.0
Female,100000.0
Male,105000.0
Male,15000.0
Female,29000.0
Male,2100.0
Male,30000.0
Male,115000.0
Male,180000.0
Male,30500.0
Male,51000.0
Female,160000.0
Male,24000.0
Female,63000.0
Female,70000.0
Male,9100.0
Male,113000.0
Female,150000.0
Female,225000.0
Female,70000.0
Female,83000.0
Male,14000.0
Female,22100.0
Female,55000.0
Female,33000.0
Female,64000.0
Male,50000.0
Female,92000.0
Male,69000.0
Female,50000.0
Female,41500.0
Female,70000.0
Male,110000.0
Female,33000.0
Male,30000.0
Female,35000.0
Male,26000.0
Female,19000.0
Female,12000.0
Male,30400.0
Male,7000.0
Male,80000.0
Male,50000.0
Female,24000.0
Male,178000.0
Female,11000.0
Female,18700.0
Female,22000.0
Female,60000.0
Male,5000.0
Male,45000.0
Female,35000.0
Female,23700.0
Female,22000.0
Female,25000.0
Male,17000.0
Female,70000.0
Male,100000.0
Female,80000.0
Male,22000.0
Female,111000.0
Male,100000.0
Female,110000.0
Male,104000.0
Female,35000.0
Male,29100.0
Female,25000.0
Female,25100.0
Male,130000.0
Male,28000.0
Male,190000.0
Male,80000.0
Male,45000.0
Male,27000.0
Male,34000.0
Male,24000.0
Male,70000.0
Male,120000.0
Female,35000.0
Female,90000.0
Male,115000.0
Male,200000.0
Male,10000.0
Male,53000.0
Female,30000.0
Male,160000.0
Male,121000.0
Male,37000.0
Male,25600.0
Male,15000.0
Female,46000.0
Male,40200.0
Female,45000.0
Male,36000.0
Female,55000.0
Female,35000.0
Male,65000.0
Female,13000.0
Male,3200.0
Female,60000.0
Female,30000.0
Male,24000.0
Female,95000.0
Male,60000.0
Male,26500.0
Male,17900.0
Female,47000.0
Male,85000.0
Male,48000.0
Female,52000.0
Female,52000.0
Male,32000.0
Female,28300.0
Male,54000.0
Male,20000.0
Female,1900.0
Female,58000.0
Male,57000.0
Female,19100.0
Male,32000.0
Male,60000.0
Female,36000.0
Male,45700.0
Female,5500.0
Male,60000.0
Female,26300.0
Male,126000.0
Male,70000.0
Female,57000.0
Female,8000.0
Female,31800.0
Male,51000.0
Male,64000.0
Male,48000.0
Female,60000.0
Male,232000.0
Female,8000.0
Female,60000.0
Female,100000.0
Male,272000.0
Female,6000.0
Male,75000.0
Male,200000.0
Male,130000.0
Male,15000.0
Female,6000.0
Male,46000.0
Male,5000.0
Female,73000.0
Male,7000.0
Male,100000.0
Male,80000.0
Male,60000.0
Male,92000.0
Female,130000.0
Male,12000.0
Male,58000.0
Female,70000.0
Male,119000.0
Male,67000.0
Female,100000.0
Male,94000.0
Female,60000.0
Male,38400.0
Female,80000.0
Female,40500.0
Female,37000.0
Female,52000.0
Male,180000.0
Male,100000.0
Female,60000.0
Male,135000.0
Male,100000.0
Female,85000.0
Female,56000.0
Female,60000.0
Female,87000.0
Male,130000.0
Female,42500.0
Male,60000.0
Female,19000.0
Female,30500.0
Male,7500.0
Female,22000.0
Female,5000.0
Male,28000.0
Female,70000.0
Female,32500.0
Female,80000.0
Male,43000.0
Female,17000.0
Female,33000.0
Female,108000.0
Male,120000.0
Female,160000.0
Female,15000.0
Male,37000.0
Male,80000.0
Female,2500.0
Female,90000.0
Female,32600.0
Male,12000.0
Female,85000.0
Female,80000.0
Male,60000.0
Male,60000.0
Female,24900.0
Female,50000.0
Male,60000.0
Male,60000.0
Male,42000.0
Female,49000.0
Male,40200.0
Female,65000.0
Female,20000.0
Female,135000.0
Male,37000.0
Male,1000.0
Male,96000.0
Female,50000.0
Male,18800.0
Male,2500.0
Female,34000.0
Female,75000.0
Male,150000.0
Male,110000.0
Male,75000.0
Male,65000.0
Female,12000.0
Male,65000.0
Female,2000.0
Male,23900.0
Male,60000.0
Female,67000.0
Female,112000.0
Male,80000.0
Male,48100.0
Female,21000.0
Female,30000.0
Female,44000.0
Male,200000.0
Female,6300.0
Female,65000.0
Female,77000.0
Male,34000.0
Female,22000.0
Male,1600.0
Female,100000.0
Female,45400.0
Female,7000.0
Male,11800.0
Male,77000.0
Male,36600.0
Female,23600.0
Female,100000.0
Male,93000.0
Male,58000.0
Female,18000.0
Male,83000.0
Female,42500.0
Male,62000.0
Female,72000.0
Male,70000.0
Male,23400.0
Female,50000.0
Male,35000.0
Female,60000.0
Female,90000.0
Female,2000.0
Female,45000.0
Female,52000.0
Male,167000.0
Male,65000.0
Female,12000.0
Female,50000.0
Female,33100.0
Female,47500.0
Male,68000.0
Female,24000.0
Female,110000.0
Male,160000.0
Male,20000.0
Female,27000.0
Female,165000.0
Male,60000.0
Female,42000.0
Female,85000.0
Male,50000.0
Female,47000.0
Male,75000.0
Male,70000.0
Male,40900.0
Female,54000.0
Male,35000.0
Female,10000.0
Female,100000.0
Female,80000.0
Male,99000.0
Female,58000.0
Male,68000.0
Female,52000.0
Male,35000.0
Male,4200.0
Male,11000.0
Male,51000.0
Male,160000.0
Female,76000.0
Male,56000.0
Male,48000.0
Female,78000.0
Female,89000.0
Male,145000.0
Female,65000.0
Male,40000.0
Female,23000.0
Male,50000.0
Female,55000.0
Male,89000.0
Male,6700.0
Female,17000.0
Male,9000.0
Female,31600.0
Female,7900.0
Male,23000.0
Female,5800.0
Female,34000.0
Male,150000.0
Male,22000.0
Male,40000.0
Female,160000.0
Female,130000.0
Male,120000.0
Male,40000.0
Female,35000.0
Male,50000.0
Male,36400.0
Female,41600.0
Male,230000.0
Female,62000.0
Female,12000.0
Male,33000.0
Female,35000.0
Female,21000.0
Female,2000.0
Male,12000.0
Female,40000.0
Male,68000.0
Male,30000.0
Male,18000.0
Male,121000.0
Male,51000.0
Male,120000.0
Male,65000.0
Female,13800.0
Male,125000.0
Female,36500.0
Female,130000.0
Male,110000.0
Female,93000.0
Male,50000.0
Male,12000.0
Female,125000.0
Male,40000.0
Male,40000.0
Male,84000.0
Male,100000.0
Male,250.0
Female,36000.0
Male,9000.0
Male,225000.0
Male,133000.0
Male,40900.0
Female,45000.0
Female,125000.0
Male,550.0
Male,140000.0
Female,90000.0
Female,26000.0
Male,24000.0
Male,50000.0
Female,50000.0
Female,10000.0
Male,50000.0
Female,40000.0
Male,300.0
Male,58000.0
Male,40000.0
Male,20000.0
Female,40000.0
Male,55000.0
Female,24000.0
Female,112000.0
Female,21400.0
Female,65000.0
Male,45000.0
Male,46300.0
Male,155000.0
Male,38000.0
Female,60000.0
Male,2000.0
Male,37500.0
Female,35000.0
Female,173000.0
Male,21300.0
Male,40000.0
Female,4000.0
Female,63000.0
Male,145000.0
Female,37200.0
Male,138000.0
Female,15000.0
Female,40000.0
Female,4500.0
Male,72000.0
Female,26200.0
Male,60000.0
Female,23000.0
Female,64000.0
Female,16000.0
Male,25000.0
Male,100000.0
Female,70000.0
Male,51000.0
Female,17500.0
Female,118000.0
Female,46000.0
Female,5000.0
Male,25000.0
Male,80000.0
Female,12000.0
Female,58000.0
Male,60000.0
Female,42100.0
Female,30000.0
Male,3600.0
Female,11000.0
Female,58000.0
Female,110000.0
Female,67000.0
Male,26000.0
Female,32000.0
Female,7500.0
Male,32000.0
Male,40000.0
Female,39900.0
Female,18000.0
Male,45000.0
Female,150000.0
Male,35000.0
Male,120000.0
Female,9200.0
Female,56000.0
Female,1200.0
Female,182000.0
Male,190000.0
Female,103000.0
Female,65000.0
Male,7000.0
Female,30000.0
Male,19000.0
Male,106000.0
Female,28000.0
Male,900.0
Male,85000.0
Male,16800.0
Male,110000.0
Female,47000.0
Female,80000.0
Female,33000.0
Female,68000.0
Female,160000.0
Male,35500.0
Female,97000.0
Female,71000.0
Male,3000.0
Male,27500.0
Female,58000.0
Male,70000.0
Female,12200.0
Female,61000.0
Male,10000.0
Male,65000.0
Male,50000.0
Female,14600.0
Male,40000.0
Male,83000.0
Female,40000.0
Female,28000.0
Female,51000.0
Male,20000.0
Male,86000.0
Male,147000.0
Female,62000.0
Female,90000.0
Male,60000.0
Female,49900.0
Female,4200.0
Female,4600.0
Male,65000.0
Female,22000.0
Female,150.0
Male,185000.0
Female,50000.0
Female,27500.0
Female,145000.0
Male,140000.0
Female,17000.0
Male,226000.0
Male,30000.0
Male,70000.0
Male,196000.0
Female,18000.0
Male,40000.0
Female,80000.0
Female,89000.0
Female,21000.0
Female,40000.0
Male,30000.0
Female,10000.0
Male,29000.0
Male,36000.0
Male,22000.0
Female,35400.0
Female,113000.0
Male,122000.0
Male,42000.0
Male,37000.0
Female,60000.0
Female,93000.0
Male,94000.0
Male,53000.0
Male,130000.0
Male,12000.0
Female,60000.0
Male,17000.0
Male,116000.0
Female,80000.0
Male,72000.0
Male,50000.0
Male,60000.0
Male,41000.0
Female,30000.0
Male,160000.0
Male,86000.0
Male,40000.0
Female,91000.0
Female,4000.0
Female,230000.0
Female,48000.0
Male,30000.0
Female,15800.0
Female,52000.0
Male,16300.0
Male,67000.0
Male,118000.0
Female,32000.0
Male,2600.0
Male,200000.0
Male,115000.0
Female,1200.0
Male,40000.0
Female,20000.0
Male,250000.0
Male,60000.0
Male,3000.0
Male,75000.0
Female,45000.0
Female,76000.0
Male,28000.0
Male,53000.0
Male,37000.0
Male,50000.0
Female,3100.0
Female,200000.0
Female,10000.0
Male,78000.0
Female,86000.0
Female,70000.0
Female,8300.0
Male,70000.0
Male,75000.0
Female,72000.0
Male,30000.0
Male,56000.0
Male,90000.0
Male,91000.0
Female,60000.0
Female,22100.0
Male,140000.0
Female,65000.0
Male,200000.0
Male,168000.0
Male,100000.0
Male,45000.0
Male,38000.0
Male,83000.0
Male,124000.0
Male,12000.0
Female,5600.0
Male,18100.0
Female,120000.0
Female,24000.0
Male,8000.0
Male,70000.0
Female,60000.0
Male,40000.0
Male,62000.0
Female,17700.0
Male,30000.0
Male,68000.0
Female,45100.0
Male,14000.0
Male,45700.0
Female,1500.0
Male,132000.0
Male,160000.0
Male,90000.0
Male,46800.0
Female,21000.0
Male,55000.0
Male,48000.0
Male,27000.0
Male,20000.0
Male,127000.0
Male,60000.0
Male,35000.0
Male,46800.0
Male,40000.0
Male,40000.0
Female,40000.0
Female,53000.0
Male,77000.0
Female,35500.0
Female,14800.0
Male,75000.0
Female,70000.0
Female,28000.0
Male,120000.0
Male,40000.0
Female,9000.0
Male,45000.0
Female,14000.0
Male,16300.0
Male,90000.0
Male,4600.0
Male,280000.0
Male,22000.0
Female,20000.0
Female,48000.0
Female,83000.0
Female,1600.0
Female,65000.0
Male,400.0
Female,17000.0
Male,55000.0
Male,200.0
Female,102000.0
Male,29000.0
Female,20000.0
Female,75000.0
Male,17000.0
Female,55000.0
Male,73000.0
Female,45000.0
Male,66000.0
Female,90000.0
Male,23000.0
Male,150000.0
Male,11000.0
Male,8000.0
Male,80000.0
Male,36000.0
Male,125000.0
Female,50000.0
Male,75000.0
Male,20000.0
Female,115000.0
Male,80000.0
Female,31000.0
Female,43900.0
Female,198000.0
Female,33000.0
Male,75000.0
Male,22700.0
Male,109000.0
Female,35000.0
Male,25000.0
Female,3000.0
Female,8000.0
Female,140000.0
Male,4700.0
Male,84000.0
Female,22400.0
Male,180000.0
Male,75000.0
Female,22500.0
Male,49500.0
Male,3200.0
Female,65000.0
Female,24000.0
Male,95000.0
Male,130000.0
Male,120000.0
Male,35000.0
Female,84000.0
Male,10000.0
Male,80000.0
Male,38000.0
Male,85000.0
Female,40000.0
Female,18800.0
Male,65000.0
Female,211000.0
Female,40000.0
Male,95000.0
Female,85000.0
Male,8000.0
Female,38000.0
Female,35000.0
Male,33000.0
Female,56000.0
Male,92000.0
Female,79000.0
Male,15000.0
Male,39400.0
Male,28000.0
Male,55000.0
Female,42000.0
Male,65000.0
Male,140000.0
Male,94000.0
Male,250000.0
Male,33600.0
Male,100000.0
Female,40000.0
Male,37000.0
Male,125000.0
Male,27000.0
Female,70000.0
Female,1000.0
Male,91000.0
Male,50000.0
Male,36000.0
Female,13000.0
Female,10000.0
Female,25000.0
Female,4000.0
Male,80000.0
Male,50000.0
Female,3300.0
Female,29500.0
Female,98000.0
Female,65000.0
Male,32000.0
Female,46000.0
Female,12000.0
Male,50000.0
Male,40000.0
Female,130000.0
Female,80000.0
Female,65000.0
Female,12000.0
Male,136000.0
Female,60000.0
Female,60000.0
Female,13000.0
Female,20000.0
Female,17000.0
Male,600.0
Male,41600.0
Male,38000.0
Male,89000.0
Male,53000.0
Female,20000.0
Male,160000.0
Female,88000.0
Male,12000.0
Male,133000.0
Female,20000.0
Female,72000.0
Female,126000.0
Male,60000.0
Female,40000.0
Female,120000.0
Male,10000.0
Female,25000.0
Female,72000.0
Female,30000.0
Male,30000.0
Female,5000.0
Female,40000.0
Female,20000.0
Female,11500.0
Male,25000.0
Female,38800.0
Female,46000.0
Male,27200.0
Female,54000.0
Male,130000.0
Female,52000.0
Female,100000.0
Female,100000.0
Male,36400.0
Female,80000.0
Female,20000.0
Female,30000.0
Male,36000.0
Female,74000.0
Female,9000.0
Male,30000.0
Male,75000.0
Female,200000.0
Male,75000.0
Female,56000.0
Female,70000.0
Female,25300.0
Male,25000.0
Male,15000.0
Female,41000.0
Female,102000.0
Female,161000.0
Female,20000.0
Female,20000.0
Male,18500.0
Male,84000.0
Male,56000.0
Female,50000.0
Male,16000.0
Male,50000.0
Female,5000.0
Male,120000.0
Female,15700.0
Female,70000.0
Female,47000.0
Female,2500.0
Female,15000.0
Male,78000.0
Female,121000.0
Male,75000.0
Male,12000.0
Female,65000.0
Female,35800.0
Male,34000.0
Male,150000.0
Female,8000.0
Female,220000.0
Female,5600.0
Male,100000.0
Male,30000.0
Male,90000.0
Female,67000.0
Female,50000.0
Male,30000.0
Female,1200.0
Male,2500.0
Female,31000.0
Female,59000.0
Male,35000.0
Male,4100.0
Female,1500.0
Male,125000.0
Male,50000.0
Male,200000.0
Female,12000.0
Male,10000.0
Female,2400.0
Female,38000.0
Male,35000.0
Female,54000.0
Male,46400.0
Male,38000.0
Male,118000.0
Male,70000.0
Female,37500.0
Male,30000.0
Male,4300.0
Male,45000.0
Female,53000.0
Male,11400.0
Male,108000.0
Female,70000.0
Male,32000.0
Male,39000.0
Male,6200.0
Female,9000.0
Female,28000.0
Male,37500.0
Female,10000.0
Male,20000.0
Female,31000.0
Female,35000.0
Female,1800.0
Female,41000.0
Male,9000.0
Male,75000.0
Female,10000.0
Male,65000.0
Female,1000.0
Female,52000.0
Male,214000.0
Male,23000.0
Female,86000.0
Male,70000.0
Male,30000.0
Male,100000.0
Female,50000.0
Male,4200.0
Female,40000.0
Female,10700.0
Female,100000.0
Male,68000.0
Male,130000.0
Female,30000.0
Male,70000.0
Male,21000.0
Male,180000.0
Female,8400.0
Male,40000.0
Female,5000.0
Female,9500.0
Female,30000.0
Male,60000.0
Female,30000.0
Female,60000.0
Male,33300.0
Male,23000.0
Female,29500.0
Female,105000.0
Male,230000.0
Male,80000.0
Male,150000.0
Male,93000.0
Female,28000.0
Male,48000.0
Male,30000.0
Male,78000.0
Female,140000.0
Male,27000.0
Male,78000.0
Female,10000.0
Female,76000.0
Male,160000.0
Male,50000.0
Female,47000.0
Female,100000.0
Female,45000.0
Male,16000.0
Male,34800.0
Male,95000.0
Male,50000.0
Male,9200.0
Male,30000.0
Female,35000.0
Male,11400.0
Female,57000.0
Male,28000.0
Male,72000.0
Male,9500.0
Male,760.0
Female,17000.0
Male,50000.0
Male,20000.0
Female,220000.0
Female,25000.0
Female,49100.0
Female,12000.0
Female,32800.0
Male,105000.0
Male,52000.0
Male,10000.0
Female,60000.0
Male,95000.0
Male,175000.0
Female,48000.0
Female,2200.0
Male,60000.0
Female,122000.0
Female,31600.0
Male,40000.0
Female,140000.0
Female,52000.0
Male,64000.0
Female,67000.0
Male,111000.0
Male,100000.0
Male,145000.0
Male,30000.0
Female,40000.0
Male,35000.0
Female,53000.0
Female,16000.0
Male,50000.0
Male,170000.0
Female,24000.0
Female,50000.0
Female,39000.0
Male,300000.0
Male,100000.0
Female,25000.0
Male,50000.0
Male,73000.0
Female,70000.0
Male,102000.0
Male,130000.0
Male,180000.0
Male,70000.0
Female,18000.0
Male,18000.0
Female,38000.0
Male,80000.0
Male,26000.0
Female,38000.0
Female,4000.0
Male,120000.0
Female,69000.0
Male,78000.0
Female,30000.0
Male,32500.0
Female,33300.0
Female,85000.0
Male,65000.0
Female,59000.0
Female,10000.0
Male,260000.0
Female,8000.0
Female,40000.0
Female,30000.0
Female,10000.0
Female,30000.0
Male,160000.0
Female,59000.0
Female,20000.0
Female,26000.0
Male,62000.0
Female,70000.0
Female,36000.0
Male,52000.0
Male,24000.0
Male,1000.0
Female,78000.0
Female,12000.0
Female,21000.0
Female,55000.0
Male,75000.0
Female,49500.0
Male,68000.0
Female,78000.0
Male,100000.0
Female,28500.0
Male,70000.0
Male,2000.0
Female,35000.0
Female,30000.0
Female,80000.0
Male,88000.0
Male,50000.0
Male,1400.0
Male,31200.0
Male,7500.0
Male,34200.0
Female,20000.0
Male,66000.0
Male,29000.0
Female,60000.0
Male,100000.0
Male,83000.0
Male,44000.0
Female,2500.0
Female,75000.0
Female,50000.0
Female,60000.0
Female,12500.0
Male,69000.0
Male,220000.0
Female,23200.0
Male,107000.0
Female,49100.0
Female,90000.0
Male,13000.0
Female,15000.0
Female,55000.0
Male,38000.0
Female,150000.0
Male,100000.0
Female,60000.0
Female,50000.0
Female,27000.0
Male,72000.0
Male,250000.0
Female,75000.0
Female,60000.0
Male,38500.0
Female,100000.0
Female,60000.0
Female,9000.0
Female,9000.0
Male,65000.0
Female,59000.0
Male,89000.0
Male,29100.0
Male,5000.0
Male,58000.0
Female,70000.0
Male,121000.0
Female,38000.0
Female,102000.0
Female,29000.0
Male,85000.0
Female,21400.0
Male,1000.0
Male,58000.0
Female,14000.0
Male,185000.0
Male,55000.0
Female,90000.0
Male,5700.0
Male,37400.0
Male,37000.0
Female,35000.0
Female,6000.0
Female,18900.0
Female,50000.0
Male,35000.0
Female,53000.0
Female,52000.0
Male,46000.0
Male,140000.0
Male,60000.0
Female,100000.0
Female,68000.0
Male,180000.0
Male,80000.0
Female,76000.0
Male,5000.0
Male,80000.0
Female,22200.0
Female,23000.0
Female,100000.0
Male,62000.0
Male,130000.0
Female,20000.0
Male,70000.0
Female,24000.0
Female,63000.0
Male,36000.0
Male,141000.0
Male,21200.0
Female,15400.0
Male,275000.0
Female,60000.0
Female,15000.0
Female,220000.0
Male,75000.0
Female,85000.0
Male,98000.0
Female,176000.0
Female,40000.0
Female,119000.0
Male,50000.0
Male,170000.0
Male,110000.0
Female,42000.0
Male,16300.0
Male,60000.0
Male,60000.0
Female,104000.0
Female,35000.0
Male,46000.0
Male,105000.0
Male,75000.0
Female,26000.0
Male,90000.0
Female,34000.0
Male,83000.0
Female,48000.0
Female,1800.0
Male,1400.0
Female,15600.0
Female,140000.0
Male,35400.0
Female,109000.0
Female,80000.0
Male,44900.0
Male,75000.0
Male,21600.0
Male,68000.0
Male,60000.0
Male,180.0
Male,60000.0
Male,30000.0
Female,18000.0
Female,5300.0
Female,88000.0
Male,42000.0
Male,185000.0
Male,85000.0
Female,68000.0
Female,500.0
Female,4000.0
Female,48000.0
Male,43000.0
Female,40000.0
Female,70000.0
Female,7000.0
Male,40000.0
Female,41000.0
Male,69000.0
Male,70000.0
Female,35000.0
Male,24000.0
Male,52000.0
Female,40000.0
Female,60000.0
Female,6200.0
Male,58000.0
Male,204000.0
Male,45600.0
Female,60000.0
Male,120000.0
Female,35000.0
Female,32000.0
Female,32000.0
Female,45000.0
Male,120000.0
Female,5000.0
Male,36000.0
Female,41600.0
Male,12000.0
Male,90000.0
Male,50000.0
Female,20000.0
Female,45000.0
Male,70000.0
Male,120000.0
Male,300000.0
Male,6000.0
Female,100000.0
Male,51000.0
Male,90000.0
Female,30000.0
Female,27000.0
Female,70000.0
Female,11200.0
Female,43200.0
Female,90000.0
Female,79000.0
Female,40000.0
Female,250000.0
Female,1500.0
Male,55000.0
Male,235000.0
Male,3200.0
Male,49000.0
Male,30000.0
Male,12000.0
Female,10600.0
Male,90000.0
Male,33000.0
Male,80000.0
Male,30000.0
Male,74000.0
Female,45000.0
Female,60000.0
Male,190000.0
Female,44000.0
Male,22000.0
Male,56000.0
Male,60000.0
Male,23000.0
Female,96000.0
Female,24000.0
Female,800.0
Male,260000.0
Male,43900.0
Male,34000.0
Male,1200.0
Female,99000.0
Female,130000.0
Female,38000.0
Female,8200.0
Male,70000.0
Female,1300.0
Male,36000.0
Male,265000.0
Female,60000.0
Male,50000.0
Male,4100.0
Female,10000.0
Female,5000.0
Male,142000.0
Male,7200.0
Female,250000.0
Female,100000.0
Male,100000.0
Male,800.0
Male,150000.0
Female,215000.0
Female,49000.0
Female,75000.0
Male,110000.0
Male,1500.0
Female,70000.0
Male,80000.0
Female,54000.0
Female,85000.0
Male,150000.0
Female,50000.0
Female,39000.0
Male,60000.0
Female,75000.0
Male,30000.0
Female,1800.0
Male,60000.0
Female,73000.0
Male,140000.0
Male,150000.0
Male,60000.0
Male,3000.0
Male,160000.0
Female,53000.0
Female,72000.0
Female,1300.0
Male,14900.0
Female,55000.0
Female,200000.0
Male,150000.0
Male,225000.0
Female,31000.0
Male,40000.0
Male,111000.0
Female,42000.0
Female,31000.0
Male,52000.0
Male,31200.0
Male,5000.0
Female,33000.0
Male,25000.0
Male,18000.0
Female,35000.0
Male,179000.0
Male,16000.0
Female,45800.0
Female,40000.0
Male,12000.0
Male,71000.0
Male,10000.0
Female,85000.0
Male,6000.0
Female,25000.0
Male,3000.0
Male,16800.0
Male,84000.0
Male,120000.0
Male,65000.0
Male,56000.0
Female,60000.0
Female,53000.0
Male,160000.0
Female,10800.0
Male,59000.0
Male,41600.0
Female,25000.0
Male,10000.0
Male,71000.0
Male,90000.0
Female,5000.0
Female,70000.0
Male,65000.0
Male,90000.0
Male,73000.0
Male,60000.0
Male,75000.0
Male,206000.0
Female,45300.0
Female,18000.0
Female,10000.0
Male,24000.0
Male,75000.0
Male,90000.0
Female,148000.0
Male,116000.0
Female,120000.0
Female,21300.0
Male,60000.0
Female,94000.0
Male,160000.0
Male,135000.0
Female,15000.0
Female,53000.0
Male,34000.0
Male,77000.0
Male,148000.0
Male,65000.0
Male,5000.0
Female,30000.0
Female,155000.0
Female,50000.0
Male,180000.0
Female,67000.0
Male,50000.0
Male,58000.0
Female,76000.0
Female,7200.0
Male,111000.0
Male,109000.0
Female,96000.0
Female,30000.0
Male,13200.0
Female,87000.0
Female,30000.0
Male,4400.0
Male,41000.0
Female,12000.0
Male,25000.0
Male,16200.0
Female,19500.0
Female,35000.0
Female,48000.0
Male,100000.0
Male,8800.0
Female,38900.0
Female,20000.0
Male,70000.0
Female,5000.0
Female,75000.0
Male,60000.0
Female,70000.0
Female,75000.0
Female,200000.0
Female,75000.0
Male,50000.0
Female,90000.0
Male,35000.0
Female,8300.0
Male,54000.0
Male,4000.0
Male,76000.0
Male,70000.0
Female,60000.0
Male,70000.0
Female,42600.0
Female,28000.0
Male,2400.0
Female,200000.0
Male,9200.0
Male,16000.0
Female,15600.0
Female,30000.0
Male,34000.0
Female,122000.0
Female,40000.0
Female,75000.0
Female,36000.0
Female,60000.0
Male,32900.0
Male,14000.0
Male,210000.0
Female,34000.0
Female,11000.0
Male,90000.0
Male,24000.0
Male,50000.0
Female,25000.0
Male,50000.0
Female,75000.0
Female,123000.0
Female,50000.0
Female,88000.0
Female,70000.0
Male,84000.0
Male,28000.0
Male,3000.0
Female,19000.0
Male,16000.0
Female,68000.0
Male,200.0
Male,50000.0
Female,50000.0
Female,35000.0
Female,11800.0
Male,45000.0
Male,65000.0
Male,32000.0
Male,75000.0
Male,72000.0
Female,5300.0
Male,90000.0
Female,90000.0
Male,50000.0
Female,262000.0
Male,50000.0
Female,74000.0
Female,60000.0
Female,60000.0
Male,10000.0
Female,22000.0
Male,3000.0
Male,200.0
Female,35000.0
Female,140000.0
Female,30000.0
Male,150000.0
Female,29400.0
Female,98000.0
Female,90000.0
Male,200000.0
Female,17000.0
Male,80000.0
Female,140000.0
Male,30000.0
Male,65000.0
Female,200000.0
Female,47500.0
Female,75000.0
Male,32000.0
Female,150000.0
Male,75000.0
Female,24000.0
Female,25000.0
Male,147000.0
Female,100000.0
Male,70000.0
Female,300000.0
Female,29300.0
Female,68000.0
Male,50000.0
Female,84000.0
Male,69000.0
Male,20000.0
Female,160000.0
Female,130000.0
Female,50000.0
Female,24000.0
Male,80000.0
Male,50000.0
Female,20000.0
Male,8000.0
Male,46000.0
Female,63000.0
Male,60000.0
Female,14000.0
Female,60000.0
Female,105000.0
Male,85000.0
Female,37500.0
Male,100000.0
Female,125000.0
Female,150000.0
Female,70000.0
Female,36000.0
Male,1500.0
Male,30000.0
Female,35000.0
Female,54000.0
Female,80000.0
Female,43600.0
Male,100000.0
Female,60000.0
Male,45000.0
Female,52000.0
Male,55000.0
Male,117000.0
Male,21600.0
Female,12000.0
Male,41000.0
Female,9600.0
Male,9000.0
Male,22000.0
Female,55000.0
Male,20800.0
Female,46800.0
Female,35000.0
Male,58000.0
Male,14400.0
Male,12000.0
Male,27000.0
Female,84000.0
Male,82000.0
Male,40000.0
Female,78000.0
Male,130000.0
Female,45000.0
Female,18100.0
Male,84000.0
Female,5300.0
Male,100000.0
Female,85000.0
Male,140000.0
Female,60000.0
Male,45000.0
Male,120000.0
Female,35100.0
Female,85000.0
Male,160000.0
Male,24000.0
Male,100000.0
Male,40000.0
Male,54000.0
Female,12000.0
Male,120000.0
Male,182000.0
Male,27000.0
Male,40000.0
Male,200000.0
Male,7000.0
Female,10000.0
Female,25000.0
Male,20000.0
Male,87000.0
Female,37000.0
Female,120000.0
Female,40000.0
Male,72000.0
Male,78000.0
Female,90000.0
Male,60000.0
Male,60000.0
Female,10500.0
Male,70000.0
Female,119000.0
Female,240.0
Male,21000.0
Female,14300.0
Female,115000.0
Male,15000.0
Male,70000.0
Male,25000.0
Female,90000.0
Male,7000.0
Male,45000.0
Male,8000.0
Male,100000.0
Male,120000.0
Male,53000.0
Female,12800.0
Female,45000.0
Female,115000.0
Female,40000.0
Male,175000.0
Female,100000.0
Male,50000.0
Male,15000.0
Female,25800.0
Male,36600.0
Male,1800.0
Male,29500.0
Female,40000.0
Female,90000.0
Female,96000.0
Female,50000.0
Female,19000.0
Female,55000.0
Female,27000.0
Female,100000.0
Female,85000.0
Female,10000.0
Female,49000.0
Female,25000.0
Male,60000.0
Female,100000.0
Male,125000.0
Male,30000.0
Male,96000.0
Female,29000.0
Female,30000.0
Male,17000.0
Male,190000.0
Male,96000.0
Male,200000.0
Male,22000.0
Male,200000.0
Female,192000.0
Female,9600.0
Male,90000.0
Male,88000.0
Male,13000.0
Female,80000.0
Male,35000.0
Female,92000.0
Female,31300.0
Male,45000.0
Female,38900.0
Female,140.0
Female,36000.0
Female,19000.0
Female,60000.0
Female,30000.0
Female,6500.0
Male,80000.0
Male,90000.0
Female,17000.0
Female,2000.0
Female,50000.0
Male,45000.0
Female,89000.0
Male,90000.0
Male,112000.0
Female,66000.0
Female,136000.0
Female,74000.0
Female,62000.0
Male,66000.0
Female,22000.0
Male,39000.0
Female,16000.0
Male,90000.0
Male,4000.0
Female,150000.0
Male,20000.0
Female,13400.0
Female,50000.0
Male,65000.0
Female,24000.0
Female,40000.0
Female,34000.0
Male,95000.0
Male,98000.0
Male,24000.0
Female,10500.0
Male,48000.0
Male,275000.0
Female,12000.0
Male,190000.0
Male,168000.0
Female,67000.0
Male,36000.0
Female,60000.0
Female,197000.0
Female,100000.0
Male,4000.0
Male,50000.0
Male,40000.0
Male,135000.0
Female,12700.0
Female,45000.0
Male,92000.0
Male,330.0
Male,110000.0
Female,132000.0
Male,150000.0
Female,77000.0
Male,85000.0
Female,31000.0
Male,97000.0
Male,150000.0
Male,110000.0
Male,65000.0
Male,5000.0
Female,72000.0
Female,21600.0
Male,40000.0
Male,88000.0
Female,58000.0
Male,4300.0
Male,21000.0
Female,4200.0
Female,35100.0
Male,75000.0
Male,72000.0
Female,22000.0
Female,53000.0
Male,93000.0
Female,90000.0
Male,141000.0
Female,2500.0
Male,55000.0
Female,60000.0
Male,165000.0
Male,100000.0
Male,60000.0
Male,135000.0
Female,16800.0
Female,6000.0
Male,100000.0
Female,21200.0
Male,38000.0
Male,80000.0
Male,65000.0
Male,1000.0
Male,165000.0
Female,5200.0
Male,58000.0
Male,40000.0
Male,45000.0
Female,83000.0
Male,70000.0
Male,45000.0
Male,3000.0
Female,18000.0
Male,120000.0
Female,9200.0
Male,30000.0
Male,29000.0
Male,30000.0
Male,35000.0
Male,90000.0
Female,400.0
Male,6500.0
Female,9000.0
Female,50000.0
Male,40000.0
Female,32100.0
Female,15000.0
Female,12000.0
Male,125000.0
Female,40000.0
Female,5000.0
Female,58000.0
Female,31000.0
Male,70000.0
Female,25000.0
Male,67000.0
Male,54000.0
Male,50000.0
Male,290000.0
Male,65000.0
Female,55000.0
Female,23000.0
Female,45000.0
Female,9000.0
Female,35000.0
Female,9000.0
Male,60000.0
Female,140000.0
Female,174000.0
Female,80000.0
Male,80000.0
Male,250000.0
Male,14300.0
Female,90000.0
Male,200000.0
Male,10000.0
Female,43900.0
Male,50000.0
Female,64000.0
Female,60000.0
Male,71000.0
Male,20000.0
Female,20000.0
Male,161000.0
Female,84000.0
Male,200000.0
Female,60000.0
Male,71000.0
Male,210000.0
Female,85000.0
Male,60000.0
Female,30000.0
Female,20000.0
Male,65000.0
Male,50000.0
Female,120000.0
Female,77000.0
Male,150000.0
Female,13000.0
Female,12000.0
Male,103000.0
Male,20000.0
Male,100000.0
Male,36000.0
Female,100000.0
Male,57000.0
Male,25000.0
Male,140000.0
Male,110000.0
Female,20000.0
Female,58000.0
Male,30000.0
Male,60000.0
Male,36400.0
Female,3600.0
Female,30000.0
Male,48000.0
Male,11700.0
Female,45000.0
Male,25000.0
Male,66000.0
Male,7700.0
Male,40000.0
Female,95000.0
Female,3500.0
Female,5000.0
Female,20000.0
Male,85000.0
Female,26000.0
Female,50000.0
Male,30600.0
Male,65000.0
Female,19000.0
Female,45000.0
Female,14000.0
Female,145000.0
Female,20000.0
Male,220000.0
Female,22000.0
Male,112000.0
Female,240000.0
Male,112000.0
Female,46000.0
Female,77000.0
Male,48000.0
Male,13000.0
Male,160000.0
Male,70000.0
Male,43000.0
Male,44000.0
Female,500.0
Male,100000.0
Female,48000.0
Female,55000.0
Female,30000.0
Male,11400.0
Male,25000.0
Male,120000.0
Female,57000.0
Male,57000.0
Female,40000.0
Female,4700.0
Female,34100.0
Male,44000.0
Male,60000.0
Male,12000.0
Female,98000.0
Male,20000.0
Male,125000.0
Male,140000.0
Female,4000.0
Male,6400.0
Female,65000.0
Male,100000.0
Female,50000.0
Male,91000.0
Male,25000.0
Male,170000.0
Female,124000.0
Female,30000.0
Male,80000.0
Female,12000.0
Male,40000.0
Female,48000.0
Female,110000.0
Male,20000.0
Female,126000.0
Female,59000.0
Female,70000.0
Female,54000.0
Female,10000.0
Female,42000.0
Female,58000.0
Male,80000.0
Female,19200.0
Male,130000.0
Male,30000.0
Female,20500.0
Female,2800.0
Female,35000.0
Female,22000.0
Female,15000.0
Male,27800.0
Female,60000.0
Female,53000.0
Female,43000.0
Female,14000.0
Male,5000.0
Female,24000.0
Male,85000.0
Female,125000.0
Female,23000.0
Male,50000.0
Male,146000.0
Male,74000.0
Female,67000.0
Male,138000.0
Male,42000.0
Male,65000.0
Male,2200.0
Male,46000.0
Male,150000.0
Male,100000.0
Male,6500.0
Female,105000.0
Male,44000.0
Female,95000.0
Male,24000.0
Female,35000.0
Female,53000.0
Male,12000.0
Male,26000.0
Male,70000.0
Male,45000.0
Female,48000.0
Male,103000.0
Female,7000.0
Female,2000.0
Male,176000.0
Female,60000.0
Female,26000.0
Male,105000.0
Female,137000.0
Female,40000.0
Male,65000.0
Female,160000.0
Female,115000.0
Female,65000.0
Male,43700.0
Male,102000.0
Female,110000.0
Female,65000.0
Male,55000.0
Female,50000.0
Male,140000.0
Male,12000.0
Male,54000.0
Male,184000.0
Female,75000.0
Male,60000.0
Male,40000.0
Female,5000.0
Male,100000.0
Female,31000.0
Female,84000.0
Male,63000.0
Female,150000.0
Female,60000.0
Female,30000.0
Male,30000.0
Male,92000.0
Female,49000.0
Male,80000.0
Male,17000.0
Male,50000.0
Male,100000.0
Male,50000.0
Male,12000.0
Female,28000.0
Female,28000.0
Female,28000.0
Male,117000.0
Male,38000.0
Female,52000.0
Female,55000.0
Male,39500.0
Female,150000.0
Male,60000.0
Female,24500.0
Female,12400.0
Female,95000.0
Female,99000.0
Female,40000.0
Male,59000.0
Male,109000.0
Male,138000.0
Male,18000.0
Female,20000.0
Female,28800.0
Female,17000.0
Female,10000.0
Male,40000.0
Male,48000.0
Female,90000.0
Female,35000.0
Male,380.0
Female,50000.0
Male,86000.0
Female,24000.0
Female,60000.0
Female,120000.0
Female,110000.0
Female,60000.0
Female,51000.0
Male,59000.0
Female,30000.0
Male,83000.0
Female,38500.0
Male,65000.0
Male,50000.0
Male,72000.0
Male,80000.0
Female,30000.0
Female,60000.0
Male,53000.0
Male,110000.0
Male,69000.0
Female,9000.0
Female,8000.0
Female,101000.0
Female,84000.0
Male,160000.0
Female,95000.0
Female,117000.0
Male,75000.0
Male,230000.0
Female,16000.0
Male,600.0
Male,100000.0
Male,88000.0
Female,3000.0
Male,45000.0
Male,52000.0
Male,16300.0
Female,100000.0
Female,37000.0
Female,12000.0
Male,80000.0
Female,82000.0
Male,7000.0
Male,68000.0
Female,100000.0
Female,69000.0
Male,28100.0
Female,12000.0
Male,57000.0
Male,162000.0
Female,28800.0
Female,6000.0
Female,70000.0
Male,50000.0
Female,165000.0
Male,60000.0
Female,48000.0
Male,25000.0
Male,135000.0
Male,60000.0
Female,17900.0
Female,59000.0
Male,120000.0
Female,30000.0
Female,15000.0
Female,85000.0
Female,29600.0
Male,20000.0
Female,25200.0
Female,96000.0
Male,110000.0
Female,75000.0
Female,30000.0
Female,69000.0
Male,15800.0
Female,20800.0
Male,69000.0
Female,5000.0
Male,72000.0
Male,15000.0
Female,85000.0
Female,70000.0
Male,70000.0
Female,4800.0
Male,65000.0
Male,5600.0
Female,45000.0
Female,59000.0
Male,90000.0
Male,21000.0
Male,74000.0
Male,23000.0
Female,60000.0
Male,57000.0
Male,23000.0
Female,56000.0
Male,12000.0
Female,56000.0
Male,42000.0
Female,70000.0
Male,60000.0
Female,110000.0
Male,24000.0
Female,235000.0
Female,85000.0
Female,76000.0
Female,111000.0
Female,41000.0
Female,300000.0
Male,225000.0
Male,33000.0
Female,2100.0
Male,1800.0
Female,30000.0
Male,47000.0
Male,119000.0
Female,115000.0
Male,25000.0
Male,36000.0
Male,103000.0
Female,5000.0
Male,48000.0
Male,50000.0
Male,130000.0
Female,95000.0
Female,150000.0
Female,7000.0
Male,20000.0
Male,15000.0
Male,225000.0
Male,25000.0
Male,30400.0
Male,350.0
Female,40000.0
Male,55000.0
Female,83000.0
Male,153000.0
Male,45000.0
Female,16200.0
Female,83000.0
Female,200000.0
Male,93000.0
Female,3600.0
Female,108000.0
Female,85000.0
Female,70000.0
Female,27000.0
Female,40500.0
Female,45000.0
Male,110000.0
Male,30000.0
Female,15000.0
Male,130000.0
Female,29000.0
Male,185000.0
Male,65000.0
Male,115000.0
Male,42000.0
Male,40000.0
Female,42000.0
Female,28400.0
Female,20000.0
Female,13000.0
Male,5000.0
Male,116000.0
Female,60000.0
Female,64000.0
Male,38400.0
Female,20000.0
Female,38000.0
Female,70000.0
Female,70000.0
Male,5000.0
Female,52000.0
Male,80000.0
Female,10500.0
Male,4200.0
Female,600.0
Male,83000.0
Male,33700.0
Male,96000.0
Female,37000.0
Female,80000.0
Female,27000.0
Female,12000.0
Female,35000.0
Male,87000.0
Male,30000.0
Female,171000.0
Male,45000.0
Male,42000.0
Male,37000.0
Male,235000.0
Male,125000.0
Male,83000.0
Female,75000.0
Female,72000.0
Male,85000.0
Male,65000.0
Female,100000.0
Male,24000.0
Male,40700.0
Female,160000.0
Female,3200.0
Male,3000.0
Male,157000.0
Male,60000.0
Male,5600.0
Male,50000.0
Female,95000.0
Female,55000.0
Female,88000.0
Female,45000.0
Male,22500.0
Female,32000.0
Male,14000.0
Male,36000.0
Male,68000.0
Male,5100.0
Male,11200.0
Female,50000.0
Female,6700.0
Male,54000.0
Female,35000.0
Male,28800.0
Male,147000.0
Male,84000.0
Male,38000.0
Female,10000.0
Male,90000.0
Female,160000.0
Male,22000.0
Male,200000.0
Male,60000.0
Male,8000.0
Male,118000.0
Female,108000.0
Female,41000.0
Female,55000.0
Female,100000.0
Female,86000.0
Male,200000.0
Male,41600.0
Male,200000.0
Male,40000.0
Female,44000.0
Male,65000.0
Male,33300.0
Female,80000.0
Female,30000.0
Male,68000.0
Male,175000.0
Male,70000.0
Female,60000.0
Male,61000.0
Female,18000.0
Female,27000.0
Female,94000.0
Male,50000.0
Female,40000.0
Male,2000.0
Male,1500.0
Female,22000.0
Male,101000.0
Male,65000.0
Female,11000.0
Male,15000.0
Male,84000.0
Male,4000.0
Female,95000.0
Male,27100.0
Male,40000.0
Male,130000.0
Male,90000.0
Female,25000.0
Female,80000.0
Male,125000.0
Female,70000.0
Female,26000.0
Male,175000.0
Female,10000.0
Female,6300.0
Male,2300.0
Female,90000.0
Male,170000.0
Male,46000.0
Male,40000.0
Female,44000.0
Female,23000.0
Male,110000.0
Male,40000.0
Male,3000.0
Female,80000.0
Male,24000.0
Female,100000.0
Female,40000.0
Female,114000.0
Male,50000.0
Male,24000.0
Male,125000.0
Male,15000.0
Male,140000.0
Female,35000.0
Male,250000.0
Male,25000.0
Male,40000.0
Female,10000.0
Male,32000.0
Male,32500.0
Female,75000.0
Male,20000.0
Female,113000.0
Male,20000.0
Male,37000.0
Male,21100.0
Female,10000.0
Male,65000.0
Male,45000.0
Female,36000.0
Male,48000.0
Male,240000.0
Female,60000.0
Female,76000.0
Female,2400.0
Female,103000.0
Male,65000.0
Male,20000.0
Male,95000.0
Female,80000.0
Male,85000.0
Male,80000.0
Female,65000.0
Female,27000.0
Female,160000.0
Female,4000.0
Male,40000.0
Male,210000.0
Male,120000.0
Male,14300.0
Male,192000.0
Female,30000.0
Female,70000.0
Female,100000.0
Female,40000.0
Male,40000.0
Male,44200.0
Female,20000.0
Female,57000.0
Female,10000.0
Female,45000.0
Female,5800.0
Male,72000.0
Female,46200.0
Male,35000.0
Female,18000.0
Male,32000.0
Female,100000.0
Female,14000.0
Female,73000.0
Male,20000.0
Male,64000.0
Male,71000.0
Female,179000.0
Female,25500.0
Male,35000.0
Male,50000.0
Female,37000.0
Male,75000.0
Female,25000.0
Male,12000.0
Male,208000.0
Male,12000.0
Female,50000.0
Male,21200.0
Female,28000.0
Female,25000.0
Male,100000.0
Male,67000.0
Male,150000.0
Male,36000.0
Male,70000.0
Male,140000.0
Male,13000.0
Male,30000.0
Female,60000.0
Male,170000.0
Female,50000.0
Male,25000.0
Male,12000.0
Female,1400.0
Female,50000.0
Male,50000.0
Male,200000.0
Male,33600.0
Female,90000.0
Male,48000.0
Female,90000.0
Male,25800.0
Male,120000.0
Female,60000.0
Male,2000.0
Male,50000.0
Female,2500.0
Male,68000.0
Female,100000.0
Male,102000.0
Male,29000.0
Female,57000.0
Female,3300.0
Male,86000.0
Male,150000.0
Female,57000.0
Female,15000.0
Female,67000.0
Female,20000.0
Female,60000.0
Male,40000.0
Male,18400.0
Female,10000.0
Female,35000.0
Male,100000.0
Male,5000.0
Female,4500.0
Female,23000.0
Male,90000.0
Male,25000.0
Male,34100.0
Male,8400.0
Male,75000.0
Female,42000.0
Female,2000.0
Male,38000.0
Female,50000.0
Male,80000.0
Male,24300.0
Female,80000.0
Male,73000.0
Male,52000.0
Female,8000.0
Female,62000.0
Female,15000.0
Female,80000.0
Female,92000.0
Male,115000.0
Male,26000.0
Male,38000.0
Female,8000.0
Female,69000.0
Male,148000.0
Female,35000.0
Female,15000.0
Male,90000.0
Female,40000.0
Female,25000.0
Male,178000.0
Female,40000.0
Male,20000.0
Female,150000.0
Male,72000.0
Female,45000.0
Female,3000.0
Male,1500.0
Male,9400.0
Female,70000.0
Female,70000.0
Female,191000.0
Female,15000.0
Male,100000.0
Male,45000.0
Female,40000.0
Female,48000.0
Female,30000.0
Male,19000.0
Male,32000.0
Male,150000.0
Male,40000.0
Male,30000.0
Female,52000.0
Male,60000.0
Male,230000.0
Male,21000.0
Female,100000.0
Female,3500.0
Male,175000.0
Male,64000.0
Female,100000.0
Female,53000.0
Female,20000.0
Male,100000.0
Female,73000.0
Female,86000.0
Male,40000.0
Male,99000.0
Male,25000.0
Male,47000.0
Male,200000.0
Male,120000.0
Female,4600.0
Female,3000.0
Male,45000.0
Female,32000.0
Male,27000.0
Female,150000.0
Female,110000.0
Male,50000.0
Male,40000.0
Female,30000.0
Male,6800.0
Male,120000.0
Female,115000.0
Female,30000.0
Female,64000.0
Male,40000.0
Female,5000.0
Male,27000.0
Male,1500.0
Male,230000.0
Male,90000.0
Male,48000.0
Male,123000.0
Male,30000.0
Female,150000.0
Female,49700.0
Female,55000.0
Male,1500.0
Female,73000.0
Male,80000.0
Male,36000.0
Male,120000.0
Female,15000.0
Female,43000.0
Female,42000.0
Female,32000.0
Male,9000.0
Female,30000.0
Male,79000.0
Female,60000.0
Female,8500.0
Male,107000.0
Male,24000.0
Male,48000.0
Female,41500.0
Female,20000.0
Male,3000.0
Female,48000.0
Male,100000.0
Female,42700.0
Female,25000.0
Female,35000.0
Male,200000.0
Female,100000.0
Male,70000.0
Female,38000.0
Female,48000.0
Male,11000.0
Male,42000.0
Male,70000.0
Female,60000.0
Female,86000.0
Male,45000.0
Female,24000.0
Female,10000.0
Male,250000.0
Male,27000.0
Male,28000.0
Male,75000.0
Female,260000.0
Male,40000.0
Female,100000.0
Male,40000.0
Male,170000.0
Female,10000.0
Male,21000.0
Male,78000.0
Female,4000.0
Male,200000.0
Male,155000.0
Female,87000.0
Male,80000.0
Male,70000.0
Female,25000.0
Female,15000.0
Female,46000.0
Female,120000.0
Female,6600.0
Female,66000.0
Female,48000.0
Female,14000.0
Female,80000.0
Male,80000.0
Male,5200.0
Male,140000.0
Female,56000.0
Female,49000.0
Male,100000.0
Female,32000.0
Male,60000.0
Female,10000.0
Female,30000.0
Female,32300.0
Female,20000.0
Female,8500.0
Female,40000.0
Female,175000.0
Female,72000.0
Male,80000.0
Female,23500.0
Female,45000.0
Female,96000.0
Male,4500.0
Female,37000.0
Female,10000.0
Male,40000.0
Male,250000.0
Female,107000.0
Female,45000.0
Female,130000.0
Male,111000.0
Female,10700.0
Male,48000.0
Male,2700.0
Male,220000.0
Female,60000.0
Male,150000.0
Male,22000.0
Female,180000.0
Female,101000.0
Female,65000.0
Male,300000.0
Male,30000.0
Female,45000.0
Female,50000.0
Female,70000.0
Male,35000.0
Male,140000.0
Male,80000.0
Female,175000.0
Male,50000.0
Female,168000.0
Male,27000.0
Male,175000.0
Male,22000.0
Male,80000.0
Female,60000.0
Female,67000.0
Female,57000.0
Female,41600.0
Male,230000.0
Male,100000.0
Female,1000.0
Male,107000.0
Female,40000.0
Female,400.0
Male,250000.0
Female,27000.0
Male,63000.0
Male,46000.0
Female,30000.0
Male,24000.0
Female,20000.0
Male,99000.0
Male,275000.0
Male,60000.0
Female,75000.0
Female,12200.0
Male,104000.0
Female,23000.0
Male,150000.0
Male,48000.0
Female,21000.0
Male,18800.0
Male,55000.0
Male,120000.0
Female,60000.0
Male,75000.0
Male,35000.0
Female,45000.0
Female,12000.0
Female,60000.0
Female,110000.0
Female,51000.0
Male,18000.0
Male,5000.0
Female,215000.0
Male,75000.0
Male,65000.0
Female,100000.0
Female,31000.0
Female,48000.0
Female,31200.0
Male,50000.0
Male,37000.0
Male,200000.0
Female,12000.0
Male,115000.0
Female,30000.0
Male,250000.0
Female,42000.0
Female,58000.0
Male,12000.0
Male,160000.0
Female,250000.0
Female,79000.0
Female,183000.0
Female,25000.0
Male,90000.0
Female,43000.0
Male,36000.0
Male,15600.0
Female,90000.0
Male,79000.0
Male,12000.0
Male,120000.0
Male,30000.0
Male,300000.0
Male,75000.0
Male,25500.0
Female,12000.0
Male,70000.0
Female,45000.0
Female,600.0
Female,19900.0
Female,115000.0
Male,250000.0
Male,84000.0
Male,70000.0
Female,102000.0
Female,40000.0
Male,15000.0
Female,100000.0
Female,50000.0
Female,78000.0
Male,120000.0
Male,28000.0
Male,10000.0
Male,50000.0
Female,27000.0
Female,85000.0
Male,128000.0
Female,200000.0
Female,200000.0
Female,10900.0
Male,80000.0
Female,35000.0
Male,85000.0
Male,65000.0
Male,23000.0
Female,13300.0
Male,60000.0
Male,8000.0
Female,21300.0
Male,60000.0
Male,40000.0
Female,58000.0
Female,10000.0
Male,35000.0
Female,2500.0
Male,75000.0
Female,60000.0
Male,227000.0
Female,8000.0
Male,250000.0
Male,2300.0
Male,10000.0
Female,116000.0
Female,52000.0
Female,18000.0
Female,70000.0
Female,75000.0
Female,70000.0
Male,52000.0
Male,72000.0
Male,30000.0
Female,115000.0
Female,40000.0
Male,60000.0
Female,200.0
Female,140000.0
Female,85000.0
Female,67000.0
Female,15600.0
Male,105000.0
Female,45000.0
Male,69000.0
Male,300000.0
Female,43000.0
Male,89000.0
Female,33300.0
Female,25500.0
Female,30000.0
Male,60000.0
Female,50000.0
Female,29500.0
Female,18700.0
Female,27000.0
Female,40000.0
Female,28000.0
Female,26000.0
Male,1500.0
Female,22300.0
Female,24000.0
Female,2200.0
Male,60000.0
Male,54000.0
Male,29800.0
Female,36000.0
Male,73000.0
Female,250.0
Female,2000.0
Male,7000.0
Male,40000.0
Male,42000.0
Female,5000.0
Male,71000.0
Female,4000.0
Male,12000.0
Male,5000.0
Female,45000.0
Female,45000.0
Female,60000.0
Female,120000.0
Male,13600.0
Female,40000.0
Male,100000.0
Female,6000.0
Female,51000.0
Male,50000.0
Female,10000.0
Female,7000.0
Male,95000.0
Male,200000.0
Female,26000.0
Female,70000.0
Male,100000.0
Male,30000.0
Male,1200.0
Male,188000.0
Female,18000.0
Male,80000.0
Female,180000.0
Female,31000.0
Female,51000.0
Male,42500.0
Female,25000.0
Male,20000.0
Female,31000.0
Male,40000.0
Female,13000.0
Male,100000.0
Male,200000.0
Male,60000.0
Female,71000.0
Male,42500.0
Male,100000.0
Male,45000.0
Female,60000.0
Male,120000.0
Female,35000.0
Male,50000.0
Female,25000.0
Female,46700.0
Female,62000.0
Female,36400.0
Female,41000.0
Male,20000.0
Male,62000.0
Male,250000.0
Male,68000.0
Male,40000.0
Male,110000.0
Male,90000.0
Female,107000.0
Female,30000.0
Female,33000.0
Male,150000.0
Female,52000.0
Male,810.0
Female,110000.0
Female,20000.0
Female,155000.0
Male,5900.0
Male,70000.0
Male,39000.0
Male,58000.0
Male,500.0
Male,28000.0
Female,100000.0
Female,2600.0
Female,60000.0
Male,150000.0
Male,76000.0
Female,45000.0
Male,92000.0
Female,20000.0
Female,50000.0
Male,115000.0
Female,23000.0
Female,76000.0
Male,25000.0
Female,22000.0
Male,5000.0
Female,63000.0
Female,65000.0
Male,15000.0
Male,4300.0
Female,40000.0
Female,86000.0
Female,22000.0
Female,6000.0
Male,35000.0
Female,104000.0
Male,100000.0
Female,90000.0
Male,49000.0
Female,280.0
Female,15000.0
Male,85000.0
Female,7000.0
Male,48000.0
Male,60000.0
Male,148000.0
Female,33300.0
Female,37400.0
Male,12000.0
Female,18000.0
Male,62000.0
Male,104000.0
Female,12000.0
Male,95000.0
Female,32000.0
Male,150000.0
Female,18000.0
Male,8000.0
Male,30000.0
Female,1200.0
Female,108000.0
Male,28100.0
Female,50000.0
Female,4800.0
Male,40400.0
Female,43200.0
Female,93000.0
Female,88000.0
Male,120000.0
Male,18600.0
Female,33300.0
Male,99000.0
Female,102000.0
Female,48900.0
Female,99000.0
Female,70000.0
Male,77000.0
Male,15000.0
Male,20000.0
Male,28000.0
Male,27000.0
Female,51000.0
Male,55000.0
Male,60000.0
Female,11700.0
Male,125000.0
Female,68000.0
Female,15600.0
Female,40000.0
Female,80000.0
Male,50000.0
Male,155000.0
Male,135000.0
Female,70000.0
Female,31200.0
Female,55000.0
Female,92000.0
Male,59000.0
Male,31200.0
Male,10000.0
Male,75000.0
Male,88000.0
Female,60000.0
Female,75000.0
Male,142000.0
Female,10300.0
Male,86000.0
Male,200000.0
Male,85000.0
Female,35500.0
Female,75000.0
Female,8000.0
Female,60000.0
Male,250000.0
Female,33000.0
Female,26000.0
Female,45000.0
Female,70000.0
Male,40000.0
Male,37500.0
Female,45000.0
Female,47500.0
Female,29000.0
Female,104000.0
Female,159000.0
Female,82000.0
Male,240000.0
Female,25000.0
Female,2000.0
Female,60000.0
Female,190.0
Female,96000.0
Male,72000.0
Male,120000.0
Female,5000.0
Female,34200.0
Female,40000.0
Male,80000.0
Male,49000.0
Female,44200.0
Female,120000.0
Female,7000.0
Female,9000.0
Male,24000.0
Male,105000.0
Male,60000.0
Female,80000.0
Female,120000.0
Male,40000.0
Male,45000.0
Male,30000.0
Female,53000.0
Male,15600.0
Male,40000.0
Male,90000.0
Female,34900.0
Female,50000.0
Female,690.0
Female,40000.0
Male,720.0
Female,53000.0
Female,45000.0
Female,46000.0
Male,92000.0
Male,225000.0
Male,41000.0
Female,55000.0
Female,11000.0
Female,8200.0
Male,95000.0
Female,85000.0
Male,11200.0
Female,28000.0
Male,120000.0
Male,100000.0
Male,58000.0
Male,100000.0
Female,13200.0
Female,139000.0
Female,45000.0
Female,100000.0
Male,87000.0
Female,35400.0
Female,50000.0
Female,50000.0
Male,120000.0
Female,37000.0
Female,150000.0
Female,80000.0
Female,18000.0
Male,20000.0
Female,40000.0
Female,14200.0
Female,38000.0
Female,46000.0
Female,52000.0
Male,88000.0
Female,6500.0
Male,145000.0
Male,4800.0
Female,3000.0
Female,56000.0
Male,73000.0
Male,55000.0
Female,110000.0
Male,120000.0
Female,87000.0
Female,10000.0
Female,42000.0
Male,58000.0
Female,30000.0
Male,105000.0
Male,115000.0
Male,45500.0
Female,53000.0
Male,4500.0
Male,161000.0
Male,195000.0
Male,200000.0
Male,12000.0
Male,120000.0
Female,125000.0
Male,900.0
Male,39000.0
Female,85000.0
Female,130000.0
Female,103000.0
Female,9000.0
Female,93000.0
Male,40000.0
Female,72000.0
Male,11000.0
Male,185000.0
Female,85000.0
Male,35000.0
Male,71000.0
Male,40000.0
Male,120000.0
Male,70000.0
Female,230000.0
Female,80000.0
Female,50000.0
Male,205000.0
Female,50000.0
Male,55000.0
Male,61000.0
Female,60000.0
Male,55000.0
Female,120000.0
Female,4400.0
Male,45000.0
Male,97000.0
Female,49700.0
Male,55000.0
Male,40000.0
Male,80.0
Female,23000.0
Female,174000.0
Male,63000.0
Male,27000.0
Female,24100.0
Female,36500.0
Female,10000.0
Female,45000.0
Male,16400.0
Female,3000.0
Female,90000.0
Male,148000.0
Female,40000.0
Male,25000.0
Male,35000.0
Female,26000.0
Female,75000.0
Female,60000.0
Female,96000.0
Male,40000.0
Male,11000.0
Female,150000.0
Female,3300.0
Female,60000.0
Female,150000.0
Male,25000.0
Male,25000.0
Male,190000.0
Female,35000.0
Female,45000.0
Female,148000.0
Female,7700.0
Male,145000.0
Female,7500.0
Female,12000.0
Female,191000.0
Female,65000.0
Female,60000.0
Female,18000.0
Male,65000.0
Male,54000.0
Male,45000.0
Male,117000.0
Male,100000.0
Female,50000.0
Female,20000.0
Male,176000.0
Female,125000.0
Female,10000.0
Male,36000.0
Female,33800.0
Female,15400.0
Male,70000.0
Female,52000.0
Female,125000.0
Male,133000.0
Male,30000.0
Male,150000.0
Female,2000.0
Male,100000.0
Male,25000.0
Female,49000.0
Male,20800.0
Male,30000.0
Male,15000.0
Male,10800.0
Male,60000.0
Female,18400.0
Male,45000.0
Female,30000.0
Female,90000.0
Female,56000.0
Female,25000.0
Male,60000.0
Male,30000.0
Male,27000.0
Female,66000.0
Female,230000.0
Female,85000.0
Female,55000.0
Female,12000.0
Male,96000.0
Male,30000.0
Female,9000.0
Female,65000.0
Female,50000.0
Female,180000.0
Male,90000.0
Female,43000.0
Female,63000.0
Male,1400.0
Male,85000.0
Female,18900.0
Female,70000.0
Male,65000.0
Male,72000.0
Female,18000.0
Female,48900.0
Male,90000.0
Male,55000.0
Female,6000.0
Male,102000.0
Female,107000.0
Female,6800.0
Female,3500.0
Male,145000.0
Female,16200.0
Female,45000.0
Female,32800.0
Female,63000.0
Female,50000.0
Male,50000.0
Male,100000.0
Female,57000.0
Female,48000.0
Male,45000.0
Female,135000.0
Female,155000.0
Female,30000.0
Male,46000.0
Male,95000.0
Male,70000.0
Female,65000.0
Male,146000.0
Female,45000.0
Female,250000.0
Male,45000.0
Female,9800.0
Female,24800.0
Female,38000.0
Female,60000.0
Male,630.0
Female,48800.0
Female,38000.0
Male,100000.0
Male,30000.0
Male,65000.0
Female,134000.0
Male,204000.0
Female,89000.0
Female,30000.0
Male,48000.0
Male,30000.0
Female,45000.0
Male,22000.0
Male,44000.0
Female,120000.0
Female,45000.0
Male,44500.0
Female,62000.0
Female,8000.0
Female,6000.0
Female,30000.0
Female,39000.0
Female,150000.0
Male,75000.0
Male,50000.0
Female,75000.0
Male,200000.0
Male,40000.0
Male,279000.0
Female,20000.0
Male,34000.0
Male,20000.0
Male,49100.0
Male,200000.0
Female,130000.0
Female,3600.0
Male,65000.0
Male,29800.0
Male,61000.0
Male,135000.0
Male,153000.0
Female,130.0
Female,34600.0
Male,130000.0
Male,7000.0
Male,36800.0
Male,250000.0
Female,32000.0
Male,140000.0
Male,150000.0
Female,30000.0
Male,70000.0
Female,70000.0
Male,175000.0
Female,65000.0
Male,163000.0
Male,31000.0
Male,100000.0
Male,69000.0
Male,25000.0
Female,73000.0
Male,96000.0
Male,3000.0
Female,60000.0
Male,6000.0
Male,9000.0
Male,60000.0
Female,50000.0
Female,17500.0
Female,80000.0
Female,4000.0
Male,24000.0
Female,75000.0
Female,45000.0
Female,87000.0
Female,120000.0
Male,30000.0
Male,50000.0
Male,72000.0
Male,50000.0
Female,28000.0
Male,82000.0
Male,35000.0
Male,10000.0
Male,295000.0
Female,82000.0
Female,150000.0
Female,56000.0
Female,22900.0
Female,200000.0
Male,200000.0
Female,34000.0
Male,42000.0
Male,135000.0
Female,160000.0
Male,103000.0
Male,87000.0
Female,500.0
Male,150000.0
Male,11000.0
Female,187000.0
Male,130000.0
Female,48000.0
Female,52000.0
Male,86000.0
Male,11700.0
Male,7900.0
Male,44500.0
Female,55000.0
Male,150000.0
Female,12000.0
Male,98000.0
Male,45000.0
Female,4000.0
Male,5000.0
Male,90000.0
Female,840.0
Female,30000.0
Female,50000.0
Male,28000.0
Female,44000.0
Female,85000.0
Male,130000.0
Male,42500.0
Male,40000.0
Female,50000.0
Male,60000.0
Male,148000.0
Male,111000.0
Male,60000.0
Male,35000.0
Male,34000.0
Female,135000.0
Male,88000.0
Male,225000.0
Female,130000.0
Male,70000.0
Female,70000.0
Male,20000.0
Female,38000.0
Female,75000.0
Female,130000.0
Male,5800.0
Male,36000.0
Male,46300.0
Male,38500.0
Female,65000.0
Female,103000.0
Male,95000.0
Male,10600.0
Female,120000.0
Male,83000.0
Male,27700.0
Male,90000.0
Female,88000.0
Female,3200.0
Male,36000.0
Male,70000.0
Male,33000.0
Female,40000.0
Female,40000.0
Female,22000.0
Female,20000.0
Male,185000.0
Male,40000.0
Male,2000.0
Male,65000.0
Male,57000.0
Female,70000.0
Male,65000.0
Male,204000.0
Male,280000.0
Male,50000.0
Female,20000.0
Male,140000.0
Female,2000.0
Male,78000.0
Female,36000.0
Female,24000.0
Male,22000.0
Male,28000.0
Female,80000.0
Female,135000.0
Female,43500.0
Male,121000.0
Male,70000.0
Male,70000.0
Male,120000.0
Female,2500.0
Female,8200.0
Female,700.0
Male,21000.0
Male,76000.0
Female,32000.0
Male,44000.0
Male,43700.0
Male,190000.0
Male,80000.0
Female,27100.0
Male,61000.0
Male,52000.0
Female,56000.0
Male,63000.0
Female,18600.0
Male,225000.0
Female,33000.0
Male,48000.0
Female,14000.0
Female,42000.0
Female,22000.0
Female,92000.0
Female,43000.0
Male,45000.0
Male,95000.0
Male,35000.0
Male,30000.0
Female,150000.0
Female,62000.0
Male,235000.0
Female,100000.0
Female,80000.0
Female,55000.0
Male,120000.0
Female,7900.0
Female,26000.0
Male,120000.0
Female,70000.0
Male,78000.0
Male,67000.0
Female,2000.0
Male,86000.0
Female,48000.0
Female,150000.0
Female,7200.0
Female,25000.0
Female,90000.0
Female,74000.0
Female,29000.0
Male,125000.0
Male,100000.0
Male,18000.0
Male,26000.0
Female,11500.0
Male,90000.0
Female,49100.0
Female,56000.0
Female,115000.0
Female,8900.0
Male,58000.0
Female,120000.0
Male,52000.0
Female,50000.0
Female,3000.0
Female,11000.0
Male,2800.0
Male,100000.0
Male,110000.0
Male,80000.0
Male,65000.0
Male,21800.0
Male,45000.0
Female,33000.0
Female,90000.0
Male,120000.0
Male,37000.0
Male,135000.0
Male,130000.0
Male,41100.0
Female,195000.0
Female,90000.0
Female,22000.0
Male,80000.0
Female,35000.0
Male,80000.0
Female,100000.0
Male,49000.0
Female,10000.0
Male,48000.0
Male,54000.0
Female,30000.0
Female,60000.0
Male,120000.0
Female,100.0
Female,39000.0
Male,80000.0
Male,50000.0
Female,24000.0
Female,23000.0
Female,250000.0
Female,40000.0
Female,6500.0
Male,225000.0
Male,110000.0
Male,33000.0
Male,42000.0
Male,100000.0
Male,50000.0
Female,90000.0
Female,24000.0
Male,62000.0
Female,77000.0
Female,34000.0
Female,35000.0
Male,10000.0
Female,65000.0
Female,25000.0
Female,36600.0
Female,20000.0
Female,22000.0
Male,5800.0
Female,5000.0
Male,140000.0
Male,53000.0
Female,20000.0
Female,8000.0
Male,50000.0
Male,42000.0
Male,100000.0
Female,135000.0
Male,100000.0
Female,2000.0
Female,45000.0
Female,8200.0
Male,40500.0
Female,45000.0
Female,75000.0
Male,40000.0
Female,100000.0
Female,36000.0
Male,50000.0
Male,110000.0
Female,48000.0
Male,37400.0
Male,62000.0
Female,3000.0
Female,175000.0
Female,110000.0
Female,30000.0
Female,40000.0
Female,18000.0
Male,4800.0
Female,40000.0
Male,55000.0
Male,20700.0
Female,23300.0
Male,22000.0
Female,40000.0
Male,170000.0
Male,28000.0
Female,25000.0
Male,18500.0
Male,70000.0
Female,70000.0
Female,70000.0
Male,3000.0
Female,5000.0
Male,27000.0
Male,43500.0
Male,140000.0
Male,50000.0
Female,40000.0
Male,84000.0
Female,40000.0
Male,115000.0
Male,34300.0
Female,90000.0
Female,53000.0
Female,35000.0
Female,30000.0
Female,10000.0
Male,2700.0
Female,70000.0
Female,12000.0
Male,20000.0
Female,35000.0
Female,100000.0
Male,22000.0
Female,129000.0
Male,70000.0
Male,13000.0
Male,10000.0
Male,85000.0
Male,86000.0
Male,50000.0
Male,62000.0
Female,12000.0
Female,12000.0
Male,42000.0
Male,5000.0
Male,18000.0
Male,50000.0
Female,17000.0
Female,12000.0
Male,60000.0
Female,25000.0
Female,120000.0
Male,5000.0
Female,35000.0
Female,55000.0
Male,189000.0
Male,47000.0
Male,174000.0
Female,113000.0
Female,10000.0
Male,65000.0
Male,170000.0
Male,23000.0
Male,65000.0
Female,145000.0
Male,60000.0
Female,250000.0
Male,35000.0
Male,19500.0
Female,30000.0
Male,200000.0
Male,100000.0
Female,35000.0
Male,48000.0
Female,32000.0
Female,50000.0
Male,115000.0
Female,48000.0
Female,20000.0
Male,125000.0
Male,72000.0
Male,110000.0
Female,62000.0
Male,13300.0
Male,40000.0
Female,277000.0
Male,21000.0
Male,30000.0
Female,56000.0
Male,65000.0
Male,30000.0
Male,118000.0
Female,37000.0
Male,62000.0
Male,30000.0
Female,35000.0
Male,41000.0
Male,200000.0
Female,75000.0
Male,19000.0
Female,29000.0
Female,4800.0
Male,200000.0
Male,70000.0
Male,11700.0
Female,48000.0
Female,7000.0
Male,30500.0
Female,52000.0
Female,54000.0
Female,35000.0
Female,65000.0
Male,7000.0
Male,30000.0
Female,45000.0
Male,70000.0
Female,18000.0
Female,2000.0
Female,72000.0
Female,150000.0
Male,25000.0
Female,30000.0
Male,75000.0
Female,117000.0
Female,70000.0
Male,68000.0
Male,52000.0
Male,139000.0
Female,72000.0
Male,5000.0
Male,75000.0
Male,120000.0
Female,25000.0
Female,52000.0
Female,150.0
Male,90000.0
Male,94000.0
Female,6000.0
Male,107000.0
Male,150000.0
Female,40000.0
Male,45000.0
Female,20000.0
Female,22000.0
Male,40000.0
Female,5000.0
Male,15000.0
Female,25300.0
Female,5600.0
Female,260000.0
Female,60000.0
Male,20000.0
Male,12000.0
Male,85000.0
Female,49000.0
Female,32000.0
Male,85000.0
Male,135000.0
Female,6000.0
Male,2300.0
Male,32000.0
Female,28000.0
Male,10000.0
Male,160000.0
Female,31200.0
Female,32000.0
Male,90000.0
Male,90000.0
Male,50000.0
Female,18000.0
Male,90000.0
Male,65000.0
Male,55000.0
Male,45000.0
Female,75000.0
Male,23400.0
Female,171000.0
Male,77000.0
Male,50000.0
Male,43300.0
Female,100000.0
Male,51000.0
Male,44900.0
Male,200000.0
Female,45000.0
Female,144000.0
Female,115000.0
Female,50000.0
Male,21000.0
Male,14400.0
Male,71000.0
Male,164000.0
Female,57000.0
Male,57000.0
Male,127000.0
Male,32000.0
Male,60000.0
Male,200000.0
Female,105000.0
Female,4000.0
Female,40000.0
Female,10000.0
Male,15000.0
Female,50000.0
Male,72000.0
Male,120000.0
Female,20000.0
Female,55000.0
Male,90000.0
Female,57000.0
Female,65000.0
Male,14000.0
Female,13600.0
Female,500.0
Female,14000.0
Male,75000.0
Male,8500.0
Male,110000.0
Female,88000.0
Male,89000.0
Male,80000.0
Male,74000.0
Female,23500.0
Male,40000.0
Female,64000.0
Female,3000.0
Female,24000.0
Female,47000.0
Female,31600.0
Female,36000.0
Female,125000.0
Female,52000.0
Male,115000.0
Female,7000.0
Female,200000.0
Male,73000.0
Female,50000.0
Male,200000.0
Female,2500.0
Female,150000.0
Male,75000.0
Male,37000.0
Male,3800.0
Male,45000.0
Female,32600.0
Male,77000.0
Female,31000.0
Female,20500.0
Male,226000.0
Female,49500.0
Female,400.0
Female,24000.0
Female,120000.0
Male,35000.0
Female,53000.0
Female,46000.0
Female,85000.0
Female,20000.0
Female,57000.0
Female,1800.0
Male,285000.0
Female,15000.0
Male,15000.0
Male,40000.0
Male,170000.0
Female,250000.0
Female,105000.0
Female,4000.0
Male,60000.0
Female,7000.0
Female,23400.0
Male,145000.0
Male,90000.0
Female,65000.0
Male,140000.0
Male,110000.0
Female,150000.0
Male,70000.0
Male,5300.0
Male,90000.0
Female,200000.0
Female,12000.0
Female,38700.0
Female,60000.0
Female,15800.0
Female,72000.0
Female,6000.0
Male,75000.0
Male,20000.0
Female,16000.0
Female,70000.0
Male,14300.0
Male,66000.0
Male,98000.0
Female,6500.0
Male,25000.0
Male,10000.0
Female,50000.0
Female,50000.0
Female,48000.0
Female,115000.0
Female,170000.0
Male,53000.0
Female,18000.0
Male,54000.0
Female,163000.0
Male,6000.0
Female,145000.0
Female,12000.0
Female,22000.0
Male,33300.0
Female,40000.0
Male,165000.0
Male,95000.0
Male,91000.0
Female,260000.0
Male,46000.0
Female,93000.0
Female,50000.0
Female,1900.0
Female,80000.0
Male,51000.0
Male,36000.0
Female,31400.0
Female,97000.0
Male,5000.0
Female,10000.0
Female,60000.0
Female,58000.0
Female,60000.0
Female,70000.0
Female,70000.0
Male,51000.0
Female,43200.0
Male,33000.0
Male,120000.0
Female,115000.0
Female,125000.0
Male,40000.0
Female,31000.0
Male,55000.0
Male,20000.0
Female,36200.0
Male,50000.0
Male,90000.0
Male,44000.0
Female,41000.0
Male,110000.0
Male,75000.0
Female,200000.0
Female,40000.0
Female,3000.0
Male,56000.0
Female,50000.0
Male,30000.0
Female,22000.0
Female,14400.0
Female,38700.0
Male,15000.0
Female,25000.0
Female,100000.0
Male,86000.0
Female,51000.0
Male,46000.0
Female,80000.0
Female,31800.0
Male,15000.0
Male,80000.0
Male,45000.0
Male,90000.0
Male,850.0
Female,40000.0
Female,40000.0
Female,52000.0
Male,15000.0
Male,41000.0
Female,30000.0
Female,55000.0
Male,55000.0
Male,55000.0
Male,37700.0
Male,40000.0
Male,130000.0
Female,6000.0
Female,72000.0
Female,30000.0
Female,45800.0
Male,80000.0
Female,100000.0
Male,42000.0
Male,200000.0
Male,47000.0
Female,80000.0
Female,53000.0
Male,25000.0
Male,24000.0
Male,40000.0
Male,5000.0
Male,15000.0
Male,215000.0
Male,37000.0
Male,113000.0
Female,1300.0
Male,200000.0
Male,2500.0
Male,200000.0
Female,55000.0
Female,72000.0
Female,48000.0
Male,42800.0
Female,12000.0
Female,1800.0
Female,17800.0
Male,235000.0
Male,60000.0
Female,35000.0
Male,200000.0
Male,48000.0
Male,7500.0
Female,12000.0
Male,54000.0
Male,60000.0
Female,20000.0
Female,62000.0
Male,100000.0
Male,26100.0
Male,30000.0
Male,32000.0
Male,98000.0
Female,130000.0
Female,34800.0
Male,300000.0
Female,1400.0
Male,40000.0
Male,6000.0
Female,50000.0
Male,82000.0
Female,11400.0
Female,180000.0
Male,86000.0
Male,90000.0
Female,65000.0
Male,182000.0
Female,18000.0
Male,120000.0
Female,80000.0
Male,32000.0
Female,30000.0
Female,40000.0
Female,96000.0
Female,45000.0
Female,65000.0
Female,52000.0
Male,50000.0
Male,93000.0
Female,45000.0
Female,68000.0
Female,53000.0
Male,97000.0
Male,53000.0
Female,35000.0
Female,37000.0
Male,55000.0
Female,5000.0
Male,75000.0
Male,250000.0
Female,30000.0
Male,35000.0
Male,19400.0
Female,32500.0
Female,45000.0
Male,25200.0
Male,2000.0
Female,25000.0
Female,58000.0
Male,100000.0
Female,11000.0
Male,53000.0
Female,42000.0
Female,30000.0
Female,50000.0
Female,43300.0
Male,120000.0
Female,90000.0
Male,36000.0
Male,123000.0
Female,170000.0
Female,33000.0
Male,42600.0
Male,40000.0
Female,20000.0
Male,95000.0
Female,250000.0
Male,110000.0
Female,221000.0
Male,10000.0
Female,7800.0
Female,96000.0
Male,27600.0
Male,48000.0
Female,8000.0
Male,50000.0
Male,70000.0
Male,22900.0
Female,35000.0
Female,125000.0
Male,150000.0
Male,62000.0
Female,76000.0
Male,36000.0
Female,23000.0
Male,100000.0
Male,100000.0
Female,130000.0
Male,12000.0
Male,72000.0
Female,100000.0
Male,76000.0
Female,48000.0
Male,75000.0
Female,71000.0
Female,100000.0
Male,65000.0
Female,4500.0
Female,65000.0
Female,10000.0
Male,60000.0
Male,23000.0
Female,36000.0
Male,83000.0
Male,57000.0
Male,1200.0
Female,120000.0
Female,60000.0
Male,56000.0
Male,80000.0
Male,52000.0
Female,46800.0
Female,55000.0
Male,130000.0
Male,32000.0
Female,60000.0
Female,27300.0
Male,40000.0
Female,30000.0
Male,18900.0
Female,80000.0
Male,28000.0
Male,32800.0
Male,600.0
Female,40000.0
Female,6300.0
Female,32000.0
Female,300000.0
Female,94000.0
Male,12000.0
Female,90000.0
Male,40000.0
Male,28600.0
Female,90000.0
Female,40400.0
Male,1300.0
Female,9500.0
Female,690.0
Female,72000.0
Female,92000.0
Male,50000.0
Female,117000.0
Female,65000.0
Female,250000.0
Female,40000.0
Male,70000.0
Male,300000.0
Male,55000.0
Female,5000.0
Female,75000.0
Male,45000.0
Female,12200.0
Male,20000.0
Female,86000.0
Male,50000.0
Female,56000.0
Male,50000.0
Female,65000.0
Female,30000.0
Male,76000.0
Female,60000.0
Male,70000.0
Female,50000.0
Female,62000.0
Male,19000.0
Female,50000.0
Male,37000.0
Male,65000.0
Male,3400.0
Male,66000.0
Male,81000.0
Female,12000.0
Male,225000.0
Female,49000.0
Male,180000.0
Female,83000.0
Male,26000.0
Male,50000.0
Female,40000.0
Male,11900.0
Female,85000.0
Male,125000.0
Female,64000.0
Female,47900.0
Female,28000.0
Male,28800.0
Male,20000.0
Female,40000.0
Male,15000.0
Female,44000.0
Male,48000.0
Female,20000.0
Female,50000.0
Female,90000.0
Female,5000.0
Female,80000.0
Male,2000.0
Male,30000.0
Female,11300.0
Male,67000.0
Male,37000.0
Male,58000.0
Female,47000.0
Female,50000.0
Female,40000.0
Female,2200.0
Male,26000.0
Male,52000.0
Male,15000.0
Male,140000.0
Male,25000.0
Male,60000.0
Female,13500.0
Female,570.0
Male,300000.0
Male,80000.0
Female,65000.0
Female,74000.0
Male,6000.0
Female,90000.0
Male,103000.0
Female,12000.0
Female,70000.0
Male,27000.0
Male,30000.0
Female,113000.0
Male,2100.0
Male,32000.0
Female,8500.0
Male,19000.0
Female,12000.0
Male,140000.0
Male,165000.0
Male,70000.0
Female,184000.0
Male,82000.0
Male,50000.0
Female,52000.0
Male,55000.0
Female,35400.0
Male,70000.0
Female,8000.0
Female,250.0
Female,38300.0
Female,24000.0
Male,65000.0
Male,65000.0
Male,55000.0
Male,30000.0
Female,95000.0
Male,87000.0
Female,50000.0
Male,25000.0
Female,98000.0
Male,40000.0
Female,80000.0
Male,48000.0
Female,90000.0
Male,30000.0
Female,32000.0
Male,60000.0
Female,14900.0
Female,80000.0
Female,32000.0
Female,18000.0
Female,60000.0
Female,95000.0
Male,168000.0
Male,65000.0
Male,58000.0
Male,40800.0
Male,103000.0
Female,300000.0
Male,9000.0
Female,70000.0
Female,25000.0
Male,50000.0
Female,1600.0
Female,48000.0
Female,24000.0
Male,4500.0
Female,54000.0
Male,93000.0
Male,125000.0
Female,42000.0
Male,24000.0
Male,34200.0
Female,96000.0
Male,48000.0
Female,40700.0
Female,1300.0
Female,45300.0
Male,35000.0
Male,49000.0
Male,40000.0
Female,11000.0
Female,15000.0
Male,144000.0
Male,48000.0
Male,43000.0
Female,55000.0
Female,35000.0
Female,80000.0
Female,67000.0
Female,5000.0
Female,175000.0
Male,225000.0
Female,80000.0
Female,24000.0
Male,73000.0
Female,50000.0
Female,12000.0
Male,75000.0
Female,90000.0
Male,263000.0
Male,156000.0
Male,27000.0
Male,8600.0
Male,67000.0
Male,100000.0
Female,95000.0
Male,24000.0
Female,20000.0
Female,1200.0
Male,45000.0
Female,57000.0
Male,46200.0
Female,50000.0
Female,22800.0
Female,30000.0
Female,209000.0
Female,2000.0
Female,65000.0
Female,37000.0
Male,1700.0
Female,45000.0
Female,102000.0
Female,88000.0
Male,58000.0
Female,24000.0
Male,93000.0
Female,6200.0
Male,70000.0
Male,3000.0
Female,44700.0
Male,40000.0
Male,45000.0
Male,20000.0
Male,65000.0
Male,25000.0
Female,12000.0
Male,88000.0
Male,50000.0
Male,87000.0
Male,100000.0
Female,35000.0
Female,57000.0
Male,150000.0
Female,68000.0
Female,60000.0
Female,5000.0
Female,9600.0
Female,9000.0
Female,192000.0
Male,134000.0
Female,27000.0
Male,42000.0
Female,35000.0
Male,7300.0
Male,140000.0
Male,60000.0
Male,50000.0
Female,196000.0
Male,49700.0
Male,6000.0
Male,65000.0
Female,150000.0
Male,25000.0
Female,43700.0
Male,55000.0
Male,55000.0
Male,65000.0
Male,3000.0
Female,5000.0
Female,50000.0
Male,40000.0
Female,70000.0
Male,59000.0
Male,26000.0
Female,31200.0
Male,57000.0
Female,65000.0
Male,23000.0
Male,41000.0
Female,25000.0
Male,35000.0
Male,125000.0
Male,108000.0
Male,57000.0
Male,110000.0
Male,31000.0
Male,50000.0
Male,80000.0
Male,90000.0
Female,52000.0
Female,5000.0
Male,225000.0
Male,20000.0
Female,30000.0
Female,100000.0
Female,86000.0
Female,120000.0
Female,11000.0
Female,50000.0
Male,14000.0
Female,60000.0
Female,38400.0
Female,50000.0
Female,20000.0
Female,22000.0
Female,101000.0
Female,32900.0
Male,32500.0
Female,14200.0
Female,56000.0
Male,30000.0
Male,48000.0
Male,35000.0
Female,10000.0
Female,3900.0
Male,60000.0
Female,60000.0
Male,100000.0
Female,45000.0
Female,25000.0
Female,61000.0
Male,177000.0
Male,90000.0
Male,100000.0
Female,40000.0
Male,29700.0
Female,58000.0
Male,110000.0
Male,145000.0
Male,2200.0
Male,1400.0
Female,113000.0
Female,120000.0
Male,107000.0
Male,26000.0
Female,43000.0
Male,46000.0
Male,80000.0
Male,70000.0
Male,36000.0
Male,112000.0
Female,24000.0
Female,11000.0
Male,14000.0
Male,122000.0
Male,6700.0
Female,4000.0
Female,70000.0
Female,49500.0
Male,75000.0
Female,75000.0
Female,90000.0
Female,100000.0
Male,85000.0
Male,45000.0
Female,30000.0
Male,5000.0
Female,41300.0
Male,50000.0
Female,50000.0
Female,54000.0
Female,7800.0
Female,63000.0
Male,17000.0
Male,88000.0
Female,50000.0
Female,6000.0
Male,20000.0
Female,55000.0
Female,55000.0
Female,85000.0
Male,3500.0
Female,15600.0
Female,56000.0
Female,30000.0
Male,130000.0
Female,54000.0
Female,25000.0
Female,50000.0
Male,7200.0
Male,90000.0
Male,112000.0
Female,25000.0
Female,150000.0
Male,35000.0
Male,207000.0
Female,275000.0
Male,30000.0
Female,14000.0
Female,6000.0
Male,40000.0
Male,30000.0
Male,50000.0
Male,5000.0
Male,70000.0
Male,450.0
Female,28000.0
Female,35500.0
Female,4000.0
Female,2000.0
Female,3000.0
Female,35000.0
Male,120000.0
Male,84000.0
Male,98000.0
Male,45000.0
Female,10000.0
Male,60000.0
Male,80.0
Female,10000.0
Female,94000.0
Female,14000.0
Male,175000.0
Female,17100.0
Male,69000.0
Male,15000.0
Female,50000.0
Male,90000.0
Female,7500.0
Male,100000.0
Male,110000.0
Male,250000.0
Male,80000.0
Male,60000.0
Male,62000.0
Male,125000.0
Female,55000.0
Male,122000.0
Female,50000.0
Female,65000.0
Female,1200.0
Female,70000.0
Male,125000.0
Female,55000.0
Female,32000.0
Male,60000.0
Male,20000.0
Male,4000.0
Female,2000.0
Male,50000.0
Male,25000.0
Male,12000.0
Male,100000.0
Female,16600.0
Male,300000.0
Male,52000.0
Male,180000.0
Male,67000.0
Female,24000.0
Male,27000.0
Male,98000.0
Male,70000.0
Male,32200.0
Male,72000.0
Male,115000.0
Female,125000.0
Male,80000.0
Male,120000.0
Male,36000.0
Male,176000.0
Male,50000.0
Female,25000.0
Female,2100.0
Female,16000.0
Male,100000.0
Female,120000.0
Female,23000.0
Male,36000.0
Female,200000.0
Male,90000.0
Male,59000.0
Male,35000.0
Male,22000.0
Male,3000.0
Female,162000.0
Female,2900.0
Male,108000.0
Female,30100.0
Male,98000.0
Male,215000.0
Male,60000.0
Female,150000.0
Male,35000.0
Female,8000.0
Female,30000.0
Female,30000.0
Male,62000.0
Female,148000.0
Male,69000.0
Female,60000.0
Female,4700.0
Female,7700.0
Female,1600.0
Female,60000.0
Male,110000.0
Male,49500.0
Male,38000.0
Male,97000.0
Male,135000.0
Female,80000.0
Female,41200.0
Male,150000.0
Male,90000.0
Male,30000.0
Male,90000.0
Male,66000.0
Female,50000.0
Female,45800.0
Female,10000.0
Female,55000.0
Male,6500.0
Female,10000.0
Female,20000.0
Female,104000.0
Male,10000.0
Female,65000.0
Male,38700.0
Male,65000.0
Female,45000.0
Male,80000.0
Male,15000.0
Female,80000.0
Male,12000.0
Female,20000.0
Male,94000.0
Female,30000.0
Female,7000.0
Male,102000.0
Female,26000.0
Male,3000.0
Female,43000.0
Male,140000.0
Female,225000.0
Female,100000.0
Female,7300.0
Male,97000.0
Male,13000.0
Female,9000.0
Male,100000.0
Male,125000.0
Female,29000.0
Male,40000.0
Male,50000.0
Male,70000.0
Female,80000.0
Male,38400.0
Male,50000.0
Male,120000.0
Female,15000.0
Female,1000.0
Male,15000.0
Female,800.0
Female,40000.0
Male,115000.0
Female,55000.0
Male,90000.0
Male,122000.0
Female,13500.0
Male,195000.0
Female,115000.0
Male,30000.0
Male,130000.0
Female,78000.0
Male,50000.0
Female,24000.0
Male,65000.0
Male,89000.0
Female,120000.0
Female,83000.0
Male,25000.0
Male,50000.0
Female,70000.0
Female,44400.0
Female,25000.0
Male,65000.0
Female,72000.0
Female,100000.0
Female,200000.0
Male,12000.0
Male,274000.0
Male,48000.0
Female,118000.0
Male,140000.0
Female,22000.0
Male,95000.0
Female,83000.0
Male,80000.0
Male,220000.0
Female,60000.0
Female,33300.0
Male,25000.0
Female,40000.0
Male,48000.0
Male,51000.0
Male,165000.0
Male,120000.0
Male,300000.0
Male,113000.0
Male,70000.0
Male,70000.0
Male,50000.0
Male,40000.0
Female,25000.0
Female,20000.0
Male,110000.0
Female,95000.0
Male,66000.0
Female,15000.0
Male,102000.0
Female,45800.0
Female,200000.0
Male,90000.0
Male,52000.0
Female,72000.0
Male,83000.0
Female,40000.0
Female,102000.0
Male,27000.0
Male,181000.0
Male,95000.0
Male,23000.0
Male,125000.0
Female,70000.0
Male,8000.0
Male,80000.0
Female,500.0
Male,62000.0
Male,42000.0
Male,72000.0
Female,64000.0
Male,180000.0
Female,26400.0
Male,135000.0
Female,17000.0
Male,50000.0
Female,15000.0
Male,60000.0
Male,116000.0
Male,100000.0
Female,6700.0
Male,50000.0
Female,75000.0
Male,2200.0
Male,90000.0
Female,96000.0
Male,52000.0
Male,12000.0
Female,50000.0
Female,41500.0
Female,36000.0
Male,57000.0
Female,23000.0
Male,110000.0
Female,150000.0
Female,59000.0
Female,70000.0
Female,20000.0
Male,103000.0
Male,65000.0
Female,105000.0
Male,30000.0
Male,135000.0
Male,26400.0
Male,4800.0
Female,8000.0
Male,200000.0
Female,30000.0
Male,2500.0
Male,10000.0
Male,110000.0
Female,22300.0
Female,11000.0
Female,6500.0
Male,24000.0
Male,56000.0
Female,80000.0
Female,60000.0
Male,35000.0
Male,160000.0
Male,8300.0
Female,28000.0
Female,70000.0
Male,7100.0
Male,48000.0
Female,18500.0
Female,54000.0
Female,80000.0
Male,85000.0
Male,50000.0
Female,1800.0
Male,54000.0
Female,110000.0
Male,70000.0
Female,100000.0
Female,35000.0
Female,5000.0
Male,51000.0
Female,5900.0
Male,130000.0
Female,30000.0
Male,25000.0
Male,12000.0
Male,25000.0
Female,51000.0
Female,65000.0
Male,350.0
Male,90000.0
Female,100000.0
Male,48000.0
Female,60000.0
Female,1200.0
Male,4000.0
Male,52000.0
Male,24400.0
Male,77000.0
Male,5000.0
Female,90000.0
Female,1000.0
Male,120000.0
Female,3800.0
Female,29000.0
Male,110000.0
Female,30000.0
Female,45000.0
Male,15200.0
Female,3400.0
Male,92000.0
Male,20000.0
Female,80000.0
Male,70000.0
Male,60000.0
Male,14000.0
Male,52000.0
Male,8000.0
Male,104000.0
Male,2200.0
Female,4800.0
Male,300000.0
Female,13200.0
Female,70000.0
Female,50000.0
Male,8000.0
Male,80000.0
Male,75000.0
Female,46000.0
Male,700.0
Female,15000.0
Male,270000.0
Male,185000.0
Female,44300.0
Female,65000.0
Female,37900.0
Female,69000.0
Female,280000.0
Male,190000.0
Male,80000.0
Male,450.0
Male,100000.0
Female,55000.0
Female,24000.0
Male,4000.0
Male,85000.0
Male,36400.0
Female,100000.0
Female,41000.0
Female,72000.0
Male,70000.0
Female,82000.0
Male,50000.0
Male,50000.0
Female,10000.0
Male,93000.0
Female,39100.0
Male,41000.0
Female,41300.0
Female,4500.0
Female,1200.0
Male,121000.0
Male,135000.0
Female,2700.0
Male,181000.0
Female,76000.0
Female,150000.0
Male,100000.0
Female,300000.0
Female,31000.0
Female,130000.0
Male,67000.0
Female,45000.0
Female,78000.0
Male,73000.0
Female,25000.0
Male,150000.0
Female,62000.0
Male,59000.0
Male,55000.0
Male,145000.0
Male,125000.0
Female,97000.0
Female,300.0
Male,79000.0
Male,51000.0
Female,63000.0
Male,120000.0
Female,800.0
Male,98000.0
Male,37000.0
Male,55000.0
Female,47000.0
Male,26700.0
Male,100000.0
Male,110000.0
Female,55000.0
Female,55000.0
Female,4000.0
Male,40000.0
Male,137000.0
Male,12000.0
Male,82000.0
Male,36000.0
Male,25000.0
Female,35000.0
Female,180000.0
Female,160000.0
Female,40000.0
Male,67000.0
Female,65000.0
Male,25000.0
Female,35600.0
Male,100000.0
Female,6000.0
Female,85000.0
Male,150000.0
Male,154000.0
Male,13000.0
Male,45000.0
Male,82000.0
Male,60000.0
Female,48000.0
Female,30000.0
Male,88000.0
Female,245000.0
Male,35000.0
Female,160000.0
Male,150000.0
Female,46200.0
Female,28000.0
Female,28000.0
Male,61000.0
Male,50000.0
Female,31300.0
Male,34600.0
Male,110000.0
Female,250000.0
Male,17900.0
Female,300.0
Male,57000.0
Male,11000.0
Female,94000.0
Female,40000.0
Male,70000.0
Male,70000.0
Male,230000.0
Male,5000.0
Male,80000.0
Male,33900.0
Male,45000.0
Female,50000.0
Male,190000.0
Male,178000.0
Female,36000.0
Male,40000.0
Female,7500.0
Male,100000.0
Male,67000.0
Male,300000.0
Male,55000.0
Male,61000.0
Female,55000.0
Male,125000.0
Male,33000.0
Male,50000.0
Male,800.0
Female,100000.0
Male,49000.0
Female,4800.0
Male,160000.0
Female,68000.0
Female,320.0
Male,450.0
Male,30000.0
Male,45000.0
Female,83000.0
Female,49000.0
Female,5000.0
Female,45000.0
Male,13400.0
Male,200000.0
Female,44000.0
Male,180000.0
Male,60000.0
Male,72000.0
Male,24000.0
Female,75000.0
Male,50000.0
Female,22000.0
Male,40500.0
Female,50000.0
Female,21000.0
Male,92000.0
Female,65000.0
Female,60000.0
Male,5400.0
Male,22000.0
Male,24700.0
Female,60000.0
Female,7000.0
Male,60000.0
Female,73000.0
Male,47000.0
Male,6000.0
Male,285000.0
Female,35000.0
Female,55000.0
Male,19000.0
Male,1000.0
Female,40000.0
Female,80000.0
Male,40000.0
Male,40000.0
Male,175000.0
Male,61000.0
Female,10000.0
Female,46800.0
Female,17000.0
Male,48000.0
Female,103000.0
Female,47000.0
Male,164000.0
Male,50000.0
Female,90000.0
Female,10000.0
Male,75000.0
Male,75000.0
Male,67000.0
Female,75000.0
Female,80000.0
Male,45000.0
Male,160000.0
Male,100000.0
Male,2500.0
Female,107000.0
Female,59000.0
Male,215000.0
Male,24000.0
Female,30000.0
Male,35000.0
Female,19000.0
Female,50000.0
Male,76000.0
Male,28800.0
Male,68000.0
Male,5000.0
Male,100000.0
Female,21000.0
Male,15000.0
Male,62000.0
Male,67000.0
Female,80000.0
Female,30000.0
Male,60000.0
Female,50000.0
Female,60000.0
Female,123000.0
Female,69000.0
Male,10000.0
Female,7000.0
Male,25500.0
Female,29000.0
Female,70000.0
Female,85000.0
Female,152000.0
Female,3000.0
Male,105000.0
Female,92000.0
Female,15000.0
Female,90000.0
Female,63000.0
Male,65000.0
Male,60000.0
Male,100000.0
Male,36000.0
Male,47000.0
Male,65000.0
Female,38400.0
Female,60000.0
Male,50000.0
Male,65000.0
Male,60000.0
Female,70000.0
Male,6000.0
Female,113000.0
Male,30000.0
Female,8600.0
Female,6700.0
Female,38400.0
Female,77000.0
Male,7200.0
Male,15000.0
Male,85000.0
Female,1500.0
Male,130000.0
Female,30900.0
Female,93000.0
Male,70000.0
Male,20000.0
Female,5000.0
Male,50000.0
Male,60000.0
Male,125000.0
Male,121000.0
Female,40000.0
Female,50000.0
Female,12000.0
Male,29000.0
Male,170000.0
Male,148000.0
Female,30000.0
Male,75000.0
Female,2000.0
Male,19300.0
Male,85000.0
Female,42100.0
Male,15000.0
Male,48000.0
Female,53000.0
Female,71000.0
Male,76000.0
Male,85000.0
Female,31000.0
Male,20000.0
Male,80000.0
Male,70000.0
Female,100000.0
Female,40000.0
Female,90000.0
Male,45000.0
Male,57000.0
Male,95000.0
Female,48000.0
Female,200000.0
Female,30000.0
Male,60000.0
Female,100000.0
Male,45000.0
Female,86000.0
Female,64000.0
Female,130000.0
Female,57000.0
Female,15000.0
Female,16400.0
Male,80000.0
Male,140000.0
Male,98000.0
Female,300.0
Male,54000.0
Female,100000.0
Female,45000.0
Male,70000.0
Female,25000.0
Female,26000.0
Female,700.0
Male,2300.0
Female,40000.0
Male,35900.0
Male,30000.0
Female,36000.0
Male,12000.0
Male,36900.0
Female,12200.0
Female,120000.0
Female,300000.0
Female,47700.0
Male,190000.0
Female,141000.0
Male,55000.0
Male,100000.0
Female,1000.0
Male,57000.0
Female,68000.0
Male,42000.0
Female,5800.0
Female,48000.0
Male,35000.0
Male,172000.0
Male,75000.0
Male,100000.0
Male,65000.0
Male,70000.0
Female,97000.0
Female,36000.0
Female,24700.0
Male,70000.0
Female,80000.0
Male,186000.0
Female,73000.0
Male,30000.0
Female,53000.0
Female,40000.0
Female,30000.0
Female,8000.0
Female,95000.0
Female,68000.0
Female,85000.0
Female,38400.0
Male,14300.0
Female,70000.0
Female,83000.0
Female,10800.0
Male,15000.0
Male,45000.0
Female,60000.0
Male,30700.0
Male,10000.0
Female,8800.0
Male,115000.0
Male,41700.0
Male,58000.0
Female,26000.0
Male,140000.0
Male,130000.0
Male,111000.0
Male,52000.0
Female,70000.0
Male,50000.0
Male,14100.0
Male,100000.0
Female,58000.0
Female,144000.0
Male,32000.0
Female,102000.0
Female,72000.0
Male,140000.0
Female,5600.0
Female,40000.0
Female,35900.0
Female,14000.0
Male,58000.0
Male,110000.0
Male,30000.0
Male,85000.0
Female,30000.0
Female,52000.0
Female,40000.0
Female,12000.0
Female,28000.0
Female,2000.0
Male,150000.0
Female,45000.0
Female,47000.0
Female,60000.0
Female,34000.0
Male,114000.0
Female,44400.0
Male,32000.0
Male,10000.0
Male,60000.0
Male,40000.0
Male,21600.0
Male,100000.0
Male,24000.0
Female,70000.0
Female,47400.0
Female,18000.0
Female,40000.0
Female,5000.0
Female,20000.0
Male,55000.0
Female,237000.0
Female,127000.0
Female,19000.0
Male,75000.0
Male,130000.0
Female,32100.0
Female,28000.0
Female,20600.0
Female,54000.0
Male,25000.0
Male,80000.0
Female,10000.0
Male,12000.0
Male,100000.0
Female,68000.0
Male,152000.0
Male,195000.0
Female,10400.0
Female,80000.0
Male,100000.0
Female,100000.0
Male,10300.0
Female,22100.0
Male,22000.0
Female,52000.0
Male,125000.0
Male,12000.0
Female,50000.0
Female,100000.0
Male,48000.0
Female,48000.0
Female,22800.0
Female,50000.0
Male,30000.0
Female,1000.0
Female,22000.0
Female,31300.0
Male,48000.0
Female,82000.0
Female,35000.0
Female,123000.0
Male,175000.0
Female,90000.0
Female,30000.0
Female,65000.0
Female,45000.0
Male,7000.0
Male,35700.0
Male,60000.0
Female,13700.0
Male,24000.0
Male,30500.0
Female,35000.0
Female,24000.0
Male,12000.0
Female,53000.0
Male,48000.0
Female,15600.0
Female,3000.0
Male,18200.0
Male,92000.0
Female,31000.0
Male,48900.0
Male,20000.0
Male,40000.0
Female,66000.0
Male,163000.0
Female,100000.0
Female,117000.0
Male,15000.0
Male,45000.0
Male,160000.0
Female,30000.0
Female,132000.0
Female,5200.0
Male,28600.0
Female,38000.0
Male,39600.0
Male,23000.0
Male,60000.0
Female,55000.0
Male,16000.0
Male,45000.0
Female,20000.0
Female,70000.0
Female,12000.0
Female,47000.0
Female,21200.0
Male,12000.0
Male,124000.0
Female,28000.0
Male,117000.0
Male,195000.0
Male,34000.0
Female,33000.0
Male,140000.0
Female,5000.0
Female,64000.0
Male,36400.0
Female,1800.0
Male,23400.0
Female,185000.0
Male,50000.0
Female,50000.0
Female,39900.0
Male,1200.0
Female,41000.0
Male,105000.0
Male,250000.0
Female,10000.0
Female,243000.0
Female,50000.0
Female,100000.0
Male,6800.0
Female,130.0
Female,45000.0
Male,11200.0
Male,84000.0
Male,24000.0
Female,180000.0
Female,29000.0
Male,10000.0
Female,23100.0
Male,96000.0
Male,38000.0
Male,70000.0
Male,75000.0
Male,75000.0
Female,85000.0
Male,31000.0
Male,120000.0
Male,75000.0
Female,470.0
Male,75000.0
Male,60000.0
Female,30000.0
Female,37600.0
Male,40000.0
Male,40000.0
Male,55000.0
Male,55000.0
Male,50000.0
Female,15000.0
Male,70000.0
Male,13000.0
Female,25000.0
Female,41000.0
Male,74000.0
Female,80000.0
Female,50000.0
Female,50000.0
Female,55000.0
Female,70000.0
Female,16600.0
Male,200000.0
Female,64000.0
Male,36000.0
Female,3600.0
Male,80000.0
Male,10000.0
Male,60000.0
Male,42000.0
Female,46000.0
Male,215000.0
Male,150000.0
Male,60000.0
Male,100000.0
Male,180000.0
Female,1600.0
Female,19800.0
Female,175000.0
Female,28000.0
Female,18500.0
Female,41600.0
Female,30000.0
Female,90000.0
Female,40000.0
Male,43000.0
Male,620.0
Male,55000.0
Male,155000.0
Female,42000.0
Female,40000.0
Female,3500.0
Male,40000.0
Female,143000.0
Female,15600.0
Female,70000.0
Female,43500.0
Male,102000.0
Female,1000.0
Female,8700.0
Female,2000.0
Male,16500.0
Female,60000.0
Female,183000.0
Male,94000.0
Male,63000.0
Female,23500.0
Female,35000.0
Male,5000.0
Female,11000.0
Male,65000.0
Male,30000.0
Female,4000.0
Male,150000.0
Female,48000.0
Female,28800.0
Male,52000.0
Male,75000.0
Female,20000.0
Female,37000.0
Male,60000.0
Female,10600.0
Male,112000.0
Female,10000.0
Female,21500.0
Female,5000.0
Male,80000.0
Female,45000.0
Male,54000.0
Female,30000.0
Female,39000.0
Male,45000.0
Female,5000.0
Male,72000.0
Female,20000.0
Male,49000.0
Female,75000.0
Female,125000.0
Male,30000.0
Female,12600.0
Female,140000.0
Male,10000.0
Male,72000.0
Male,37400.0
Female,40000.0
Female,18600.0
Female,10000.0
Male,10000.0
Female,36000.0
Male,10000.0
Female,20000.0
Female,101000.0
Female,34000.0
Male,137000.0
Female,13700.0
Female,9000.0
Male,108000.0
Female,84000.0
Male,95000.0
Male,200.0
Male,45000.0
Male,69000.0
Female,56000.0
Male,15000.0
Female,180.0
Male,36000.0
Female,55000.0
Female,33600.0
Male,123000.0
Male,70000.0
Male,80000.0
Male,151000.0
Male,2000.0
Male,100000.0
Male,20000.0
Female,9000.0
Male,90000.0
Male,167000.0
Female,63000.0
Female,86000.0
Female,35000.0
Female,18000.0
Male,15000.0
Male,100000.0
Male,105000.0
Female,168000.0
Male,60000.0
Male,100000.0
Male,9200.0
Female,12000.0
Male,30000.0
Male,14000.0
Male,70000.0
Male,134000.0
Female,30000.0
Male,14400.0
Female,78000.0
Male,62000.0
Female,18000.0
Male,30000.0
Male,1000.0
Female,120000.0
Male,20000.0
Female,30000.0
Female,16000.0
Female,35500.0
Male,84000.0
Male,30000.0
Male,64000.0
Female,157000.0
Female,55000.0
Male,96000.0
Female,36000.0
Female,27800.0
Female,52000.0
Female,24000.0
Male,40000.0
Female,40000.0
Male,110000.0
Male,40000.0
Male,52000.0
Female,23000.0
Female,5000.0
Female,225000.0
Male,40000.0
Male,48000.0
Male,45000.0
Female,68000.0
Male,90000.0
Male,87000.0
Male,60000.0
Female,19300.0
Male,40000.0
Male,44000.0
Male,24000.0
Male,250.0
Male,30000.0
Male,10000.0
Male,12700.0
Male,72000.0
Female,6300.0
Male,25000.0
Female,8000.0
Female,105000.0
Male,47000.0
Male,98000.0
Male,2000.0
Female,88000.0
Female,50000.0
Male,44700.0
Male,40000.0
Female,12500.0
Male,32800.0
Female,50000.0
Male,30000.0
Female,6000.0
Male,300.0
Female,300000.0
Male,5000.0
Male,40000.0
Male,1300.0
Male,78000.0
Female,18000.0
Male,60000.0
Female,32000.0
Male,5000.0
Female,37400.0
Male,100000.0
Male,180000.0
Female,51000.0
Male,47000.0
Male,65000.0
Male,200000.0
Male,150000.0
Female,12000.0
Female,55000.0
Male,49000.0
Female,60000.0
Male,230000.0
Female,40000.0
Male,175000.0
Male,25000.0
Female,3200.0
Female,100.0
Male,30000.0
Female,76000.0
Male,79000.0
Male,145000.0
Female,48000.0
Female,15300.0
Male,15000.0
Male,50000.0
Male,54000.0
Male,150000.0
Male,15000.0
Female,10000.0
Male,250000.0
Female,32000.0
Female,86000.0
Male,45000.0
Female,60000.0
Male,13200.0
Female,24000.0
Female,25000.0
Female,12500.0
Female,150000.0
Female,20000.0
Male,65000.0
Female,7200.0
Male,25000.0
Male,61000.0
Male,55000.0
Female,54000.0
Female,50000.0
Female,179000.0
Female,41700.0
Female,36000.0
Male,6800.0
Male,70000.0
Female,100000.0
Male,4000.0
Female,50000.0
Female,49500.0
Male,54000.0
Female,1500.0
Male,32000.0
Female,45000.0
Female,64000.0
Male,140000.0
Male,120000.0
Female,70000.0
Female,78000.0
Female,40000.0
Male,14700.0
Male,45600.0
Male,49000.0
Male,56000.0
Male,17500.0
Male,42000.0
Male,44000.0
Female,48000.0
Female,60000.0
Female,25000.0
Female,96000.0
Male,16200.0
Male,45000.0
Male,2000.0
Female,50000.0
Male,8000.0
Female,8000.0
Male,36000.0
Male,60000.0
Female,32000.0
Male,90000.0
Female,55000.0
Male,175000.0
Male,80000.0
Female,105000.0
Female,34000.0
Female,6000.0
Female,10000.0
Male,20000.0
Female,35000.0
Female,35000.0
Female,47000.0
Male,45000.0
Male,40000.0
Female,70000.0
Female,300000.0
Female,70000.0
Male,34000.0
Male,35000.0
Female,30700.0
Male,32000.0
Male,80000.0
Female,6200.0
Male,77000.0
Female,125000.0
Female,31500.0
Female,35000.0
Female,75000.0
Male,102000.0
Female,55000.0
Male,10000.0
Female,45000.0
Male,40000.0
Male,40000.0
Female,35000.0
Male,45000.0
Male,120000.0
Female,85000.0
Female,25000.0
Male,150000.0
Female,30200.0
Male,1000.0
Female,40000.0
Female,105000.0
Female,33000.0
Female,115000.0
Female,35000.0
Female,30000.0
Male,100000.0
Female,27500.0
Male,50000.0
Male,23400.0
Male,4100.0
Female,15400.0
Male,110000.0
Male,49700.0
Male,100000.0
Female,105000.0
Male,50000.0
Female,30000.0
Male,60000.0
Male,48000.0
Male,4200.0
Male,1700.0
Male,62000.0
Female,44600.0
Female,53000.0
Female,70000.0
Female,100000.0
Female,40000.0
Male,35000.0
Female,30000.0
Male,65000.0
Female,58000.0
Male,33000.0
Female,156000.0
Female,25000.0
Female,130000.0
Male,89000.0
Female,37600.0
Male,214000.0
Male,1600.0
Female,6000.0
Male,48000.0
Female,60000.0
Male,70000.0
Male,100000.0
Male,80000.0
Male,14000.0
Female,62000.0
Male,92000.0
Female,8200.0
Female,27000.0
Male,33000.0
Male,80000.0
Male,120000.0
Female,50000.0
Male,150000.0
Female,49500.0
Female,2000.0
Male,45000.0
Female,2000.0
Male,130000.0
Female,70000.0
Female,60000.0
Male,120000.0
Male,52000.0
Male,90000.0
Female,12000.0
Male,15400.0
Female,3000.0
Female,63000.0
Male,1500.0
Male,30700.0
Male,45000.0
Female,80000.0
Female,47000.0
Male,78000.0
Male,85000.0
Male,38000.0
Male,100.0
Male,32500.0
Female,18000.0
Female,65000.0
Male,41600.0
Female,5000.0
Male,38000.0
Male,25000.0
Female,10000.0
Male,62000.0
Male,38900.0
Male,120000.0
Female,125000.0
Male,35000.0
Female,20000.0
Male,72000.0
Female,12000.0
Female,56000.0
Male,62000.0
Female,34800.0
Male,950.0
Female,24000.0
Female,1300.0
Female,2100.0
Male,200000.0
Female,132000.0
Male,100000.0
Female,61000.0
Male,9600.0
Female,30000.0
Male,28000.0
Female,225000.0
Female,80000.0
Female,70000.0
Female,18000.0
Male,50000.0
Male,27000.0
Male,55000.0
Male,70000.0
Male,95000.0
Male,39000.0
Female,108000.0
Male,15000.0
Male,7000.0
Male,50000.0
Male,8000.0
Female,49000.0
Female,30000.0
Female,36000.0
Male,37000.0
Male,51000.0
Female,70000.0
Female,68000.0
Male,450.0
Female,7200.0
Female,40000.0
Female,75000.0
Female,120000.0
Female,32000.0
Male,20000.0
Male,50000.0
Male,48000.0
Female,92000.0
Female,45000.0
Female,27000.0
Female,30000.0
Female,35000.0
Female,20000.0
Female,50000.0
Male,50000.0
Male,90000.0
Female,63000.0
Female,15000.0
Female,38000.0
Female,30000.0
Male,6000.0
Male,120000.0
Male,250000.0
Male,40200.0
Female,1100.0
Female,3000.0
Female,140000.0
Male,1000.0
Male,4400.0
Male,48000.0
Female,95000.0
Male,33400.0
Female,68000.0
Male,115000.0
Female,20000.0
Female,55000.0
Female,223000.0
Female,63000.0
Female,15000.0
Female,35000.0
Female,120000.0
Female,50000.0
Female,48000.0
Female,560.0
Male,100000.0
Female,25000.0
Male,65000.0
Female,64000.0
Male,30000.0
Female,55000.0
Male,90000.0
Female,31000.0
Male,41200.0
Female,51000.0
Female,3000.0
Male,160000.0
Male,60000.0
Female,80000.0
Male,125000.0
Male,190000.0
Male,2000.0
Male,140000.0
Female,20000.0
Female,75000.0
Male,200000.0
Male,2200.0
Male,15000.0
Female,50000.0
Female,55000.0
Female,30000.0
Female,100000.0
Male,167000.0
Male,8000.0
Male,29000.0
Male,118000.0
Female,39000.0
Male,5000.0
Male,65000.0
Female,210000.0
Female,75000.0
Male,175000.0
Female,46000.0
Male,50000.0
Female,100000.0
Female,75000.0
Male,2500.0
Female,2000.0
Female,64000.0
Male,80000.0
Female,3000.0
Female,2800.0
Female,35000.0
Female,54000.0
Female,1600.0
Male,100000.0
Male,58000.0
Female,90000.0
Female,130000.0
Female,19400.0
Male,14900.0
Male,300000.0
Female,88000.0
Male,44500.0
Male,125000.0
Male,120000.0
Female,36000.0
Female,35000.0
Female,52000.0
Female,4500.0
Female,50000.0
Male,95000.0
Male,115000.0
Female,48000.0
Female,36000.0
Male,115000.0
Female,120000.0
Male,650.0
Male,72000.0
Female,25000.0
Male,65000.0
Female,40000.0
Male,150000.0
Female,101000.0
Male,300000.0
Female,19000.0
Male,58000.0
Female,46000.0
Female,140000.0
Female,23000.0
Male,17000.0
Female,27500.0
Male,200000.0
Male,90000.0
Male,42000.0
Male,35000.0
Female,36000.0
Male,44000.0
Female,80000.0
Male,70.0
Female,120000.0
Female,200000.0
Female,34300.0
Male,125000.0
Female,27000.0
Female,150000.0
Female,20000.0
Male,55000.0
Male,45000.0
Female,35000.0
Male,16000.0
Female,8600.0
Female,55000.0
Male,155000.0
Female,50000.0
Male,30000.0
Female,60000.0
Male,190000.0
Male,58000.0
Female,15000.0
Male,97000.0
Male,80000.0
Female,83000.0
Male,40000.0
Female,2000.0
Male,15000.0
Female,60000.0
Female,72000.0
Female,89000.0
Male,120000.0
Male,225000.0
Male,110.0
Male,77000.0
Male,150000.0
Male,10000.0
Male,33300.0
Female,130000.0
Female,8000.0
Male,50000.0
Female,27500.0
Female,52000.0
Female,19900.0
Female,10000.0
Male,95000.0
Female,100000.0
Male,76000.0
Female,100000.0
Male,46000.0
Male,160000.0
Female,48000.0
Male,40000.0
Female,84000.0
Male,40000.0
Female,50000.0
Female,55000.0
Male,37000.0
Male,190000.0
Female,62000.0
Female,38700.0
Male,2500.0
Female,80000.0
Male,180000.0
Female,69000.0
Female,13000.0
Male,11000.0
Male,25000.0
Female,13000.0
Male,125000.0
Female,4800.0
Female,50000.0
Female,80000.0
Female,15000.0
Female,18000.0
Male,43000.0
Male,78000.0
Male,55000.0
Male,152000.0
Female,35000.0
Female,35000.0
Male,20000.0
Female,42200.0
Female,82000.0
Female,2300.0
Male,35000.0
Female,88000.0
Male,275000.0
Female,48000.0
Male,72000.0
Male,225000.0
Male,55000.0
Female,30000.0
Male,6000.0
Female,20000.0
Female,60000.0
Male,200000.0
Female,24600.0
Male,5000.0
Male,100000.0
Male,20000.0
Male,12000.0
Female,20000.0
Female,62000.0
Female,10400.0
Male,50000.0
Female,120000.0
Female,3900.0
Male,83000.0
Male,120.0
Female,130000.0
Male,40000.0
Female,6800.0
Male,75000.0
Male,52000.0
Male,130000.0
Male,171000.0
Female,23600.0
Male,45000.0
Male,148000.0
Female,136000.0
Female,75000.0
Female,4100.0
Female,75000.0
Female,58000.0
Female,142000.0
Female,30000.0
Female,50000.0
Male,44000.0
Female,30000.0
Female,31000.0
Male,2300.0
Female,112000.0
Female,40000.0
Female,14000.0
Female,76000.0
Male,95000.0
Female,42000.0
Female,14900.0
Female,8000.0
Male,150000.0
Female,15000.0
Male,20000.0
Male,126000.0
Female,41000.0
Female,57000.0
Female,64000.0
Female,30000.0
Male,38000.0
Male,84000.0
Male,100000.0
Male,120000.0
Male,46000.0
Male,30000.0
Male,48000.0
Female,187000.0
Male,100000.0
Male,78000.0
Female,15000.0
Male,60000.0
Female,13000.0
Female,27100.0
Male,10000.0
Male,132000.0
Female,62000.0
Male,60000.0
Female,52000.0
Male,57000.0
Male,28500.0
Male,9600.0
Female,52000.0
Male,90000.0
Male,30000.0
Female,60000.0
Male,75000.0
Male,30000.0
Male,235000.0
Male,75000.0
Female,45000.0
Female,35000.0
Female,53000.0
Female,45000.0
Male,80000.0
Female,40000.0
Male,14000.0
Male,141000.0
Male,74000.0
Female,27200.0
Female,64000.0
Female,133000.0
Male,83000.0
Male,210000.0
Male,65000.0
Male,7500.0
Male,75000.0
Male,61000.0
Male,38000.0
Female,2000.0
Male,91000.0
Female,35000.0
Male,40000.0
Female,8000.0
Female,75000.0
Female,15000.0
Male,100000.0
Female,62000.0
Female,400.0
Male,56000.0
Male,50000.0
Male,57000.0
Male,4300.0
Male,80000.0
Male,98000.0
Female,55000.0
Male,26000.0
Female,60000.0
Male,52000.0
Female,37000.0
Female,14500.0
Male,90000.0
Female,290000.0
Male,35000.0
Male,50000.0
Female,65000.0
Female,290000.0
Male,53000.0
Male,140000.0
Female,30000.0
Female,50000.0
Female,18000.0
Male,76000.0
Female,30000.0
Male,60000.0
Female,170000.0
Female,200000.0
Female,195000.0
Female,25000.0
Female,6400.0
Female,86000.0
Male,65000.0
Female,72000.0
Male,31200.0
Female,80000.0
Male,130000.0
Male,27700.0
Female,83000.0
Male,50000.0
Female,20000.0
Male,50000.0
Male,53000.0
Male,15000.0
Male,3000.0
Female,80000.0
Female,6500.0
Male,70000.0
Female,7800.0
Male,75000.0
Female,6000.0
Female,70000.0
Female,63000.0
Female,57000.0
Male,25400.0
Male,240000.0
Male,25000.0
Male,41900.0
Female,1400.0
Male,44000.0
Female,40000.0
Male,37000.0
Male,40000.0
Female,18000.0
Male,110000.0
Female,46000.0
Male,111000.0
Female,51000.0
Female,30000.0
Male,132000.0
Female,22000.0
Female,88000.0
Female,75000.0
Female,82000.0
Female,19000.0
Male,7000.0
Male,150000.0
Male,100000.0
Male,15000.0
Female,20000.0
Male,25000.0
Female,60000.0
Female,64000.0
Male,5000.0
Male,34300.0
Male,25000.0
Male,2200.0
Female,56000.0
Female,47000.0
Male,300000.0
Female,38000.0
Male,34000.0
Female,38000.0
Male,80000.0
Female,44200.0
Male,12300.0
Male,50000.0
Female,90000.0
Male,40000.0
Male,110000.0
Female,47000.0
Female,70000.0
Female,35000.0
Male,85000.0
Female,225000.0
Female,191000.0
Female,10000.0
Male,125000.0
Male,106000.0
Male,75000.0
Female,60000.0
Male,48000.0
Female,90000.0
Male,130000.0
Male,89000.0
Male,39900.0
Female,1300.0
Male,120000.0
Female,4400.0
Female,62000.0
Male,40000.0
Male,34800.0
Female,75000.0
Male,150000.0
Male,62000.0
Male,20000.0
Male,120000.0
Male,90000.0
Male,9000.0
Male,30000.0
Male,98000.0
Male,35000.0
Male,6000.0
Female,109000.0
Female,12200.0
Male,110000.0
Female,19000.0
Male,294000.0
Male,46000.0
Female,19600.0
Female,118000.0
Male,150000.0
Male,36000.0
Male,47000.0
Male,65000.0
Male,11000.0
Male,76000.0
Male,55000.0
Female,21000.0
Male,39000.0
Male,18000.0
Female,90000.0
Male,12000.0
Male,35000.0
Male,23000.0
Female,56000.0
Male,36800.0
Female,16800.0
Male,200000.0
Male,109000.0
Male,150000.0
Female,75000.0
Female,50000.0
Female,75000.0
Female,57000.0
Female,64000.0
Female,12700.0
Female,80000.0
Male,29000.0
Male,25000.0
Female,62000.0
Male,122000.0
Female,42000.0
Female,80000.0
Male,100000.0
Female,120000.0
Male,75000.0
Male,40000.0
Male,24000.0
Female,34900.0
Male,60000.0
Female,56000.0
Male,129000.0
Male,50000.0
Male,65000.0
Male,20000.0
Female,50000.0
Female,83000.0
Female,6700.0
Male,175000.0
Male,5000.0
Female,35000.0
Female,55000.0
Male,65000.0
Male,20000.0
Female,130000.0
Female,80000.0
Male,60000.0
Female,45000.0
Male,40000.0
Male,72000.0
Male,52000.0
Female,55000.0
Female,40000.0
Female,72000.0
Female,20000.0
Female,55000.0
Female,27000.0
Male,147000.0
Male,4200.0
Male,5000.0
Female,91000.0
Male,23000.0
Male,50000.0
Male,130000.0
Female,20000.0
Male,63000.0
Female,44000.0
Male,60000.0
Female,62000.0
Female,23000.0
Female,3600.0
Male,40000.0
Female,36000.0
Male,100000.0
Male,6000.0
Male,50000.0
Male,60000.0
Female,28000.0
Male,31000.0
Female,16000.0
Female,30000.0
Female,72000.0
Female,100000.0
Male,125000.0
Male,190000.0
Male,30000.0
Male,25000.0
Female,282000.0
Male,5100.0
Male,42000.0
Male,18400.0
Male,74000.0
Male,46000.0
Female,20000.0
Male,55000.0
Male,10000.0
Female,34900.0
Female,5000.0
Female,82000.0
Female,37000.0
Female,40500.0
Female,37000.0
Male,64000.0
Male,1000.0
Male,60000.0
Male,25400.0
Female,115000.0
Female,47500.0
Female,50000.0
Male,40000.0
Female,12000.0
Male,40000.0
Male,100000.0
Female,36000.0
Male,10000.0
Female,11000.0
Female,36000.0
Female,43000.0
Male,90000.0
Female,26000.0
Female,17700.0
Female,60000.0
Female,112000.0
Male,23000.0
Female,80000.0
Female,20800.0
Male,1600.0
Male,60000.0
Female,100000.0
Female,56000.0
Male,75000.0
Female,78000.0
Male,30000.0
Male,300000.0
Female,32000.0
Female,85000.0
Male,65000.0
Male,37000.0
Female,31700.0
Female,2000.0
Male,14500.0
Female,25000.0
Male,119000.0
Female,38000.0
Male,15000.0
Male,28000.0
Male,25000.0
Male,132000.0
Male,160000.0
Female,36000.0
Male,80000.0
Female,51000.0
Female,115000.0
Female,49000.0
Female,2600.0
Female,2000.0
Female,69000.0
Female,276000.0
Female,175000.0
Female,17000.0
Male,5000.0
Male,75000.0
Male,34000.0
Male,9400.0
Male,106000.0
Female,14500.0
Male,37000.0
Female,400.0
Female,55000.0
Male,59000.0
Female,400.0
Male,290000.0
Male,150000.0
Female,26800.0
Female,110000.0
Male,250000.0
Male,126000.0
Female,18000.0
Male,70000.0
Female,1900.0
Male,40000.0
Female,45000.0
Male,17000.0
Male,18000.0
Male,177000.0
Female,200000.0
Female,90000.0
Male,80000.0
Male,130000.0
Male,130000.0
Male,42200.0
Male,60000.0
Female,20000.0
Male,116000.0
Female,103000.0
Male,50000.0
Male,120000.0
Male,143000.0
Male,128000.0
Male,99000.0
Female,32400.0
Female,79000.0
Male,31500.0
Female,200000.0
Female,5000.0
Male,36000.0
Female,80000.0
Female,125000.0
Male,100000.0
Male,130000.0
Male,98000.0
Male,44200.0
Female,90000.0
Male,24000.0
Male,40000.0
Male,35000.0
Female,49000.0
Male,107000.0
Female,195000.0
Male,40000.0
Female,40000.0
Male,70000.0
Male,130000.0
Male,72000.0
Male,18000.0
Female,68000.0
Female,63000.0
Female,137000.0
Male,150000.0
Male,8000.0
Male,53000.0
Male,6000.0
Male,165000.0
Male,50000.0
Male,131000.0
Male,80000.0
Male,135000.0
Male,6000.0
Male,32000.0
Male,30000.0
Female,20000.0
Male,45000.0
Male,21000.0
Female,80000.0
Female,70000.0
Male,100000.0
Female,40000.0
Female,40000.0
Male,40000.0
Male,60000.0
Male,70000.0
Male,1000.0
Female,60000.0
Male,73000.0
Male,169000.0
Male,32000.0
Female,50000.0
Male,18000.0
Male,35000.0
Male,150000.0
Male,28800.0
Male,40000.0
Female,50000.0
Female,75000.0
Male,108000.0
Female,120000.0
Female,1200.0
Female,45000.0
Female,56000.0
Female,25000.0
Female,18000.0
Female,44000.0
Male,50000.0
Male,700.0
Female,50000.0
Female,21000.0
Female,94000.0
Female,180000.0
Female,80000.0
Male,70000.0
Female,60000.0
Female,68000.0
Male,60000.0
Female,80000.0
Male,20600.0
Female,90000.0
Female,56000.0
Female,50000.0
Female,85000.0
Male,800.0
Male,8900.0
Male,137000.0
Male,146000.0
Female,24000.0
Male,50000.0
Female,75000.0
Male,3100.0
Male,150000.0
Female,39400.0
Male,35000.0
Male,118000.0
Male,90000.0
Female,68000.0
Female,70000.0
Male,50000.0
Female,54000.0
Male,145000.0
Male,50000.0
Female,45000.0
Male,111000.0
Female,15000.0
Male,35400.0
Female,17000.0
Male,104000.0
Female,63000.0
Male,128000.0
Female,55000.0
Female,16000.0
Male,109000.0
Female,41000.0
Male,115000.0
Female,45000.0
Female,39900.0
Female,150000.0
Male,490.0
Female,45800.0
Female,50000.0
Female,29100.0
Female,127000.0
Female,85000.0
Female,16800.0
Female,56000.0
Male,30000.0
Female,41600.0
Female,50000.0
Female,48000.0
Male,45000.0
Female,6000.0
Male,57000.0
Female,40000.0
Male,140000.0
Male,130000.0
Female,43000.0
Female,38400.0
Female,5000.0
Male,80000.0
Female,32800.0
Female,200000.0
Female,22000.0
Female,50000.0
Female,50000.0
Male,115000.0
Female,35000.0
Male,70000.0
Male,20000.0
Female,24000.0
Female,115000.0
Female,70000.0
Female,100000.0
Female,40000.0
Male,60000.0
Male,2000.0
Male,75000.0
Male,160000.0
Female,60000.0
Female,63000.0
Male,40000.0
Female,23000.0
Female,64000.0
Male,72000.0
Female,201000.0
Male,66000.0
Male,20000.0
Female,4200.0
Female,45000.0
Male,100000.0
Male,67000.0
Female,80000.0
Female,25000.0
Female,125000.0
Female,200000.0
Female,43700.0
Female,35100.0
Female,92000.0
Female,40000.0
Female,31000.0
Male,190000.0
Male,46000.0
Female,26000.0
Female,41000.0
Female,35000.0
Male,7400.0
Male,6000.0
Female,45000.0
Male,22500.0
Male,65000.0
Male,86000.0
Female,9800.0
Female,50000.0
Male,97000.0
Female,54000.0
Female,61000.0
Male,35000.0
Female,60000.0
Female,6000.0
Male,15000.0
Female,30000.0
Male,112000.0
Female,140000.0
Male,2400.0
Male,140000.0
Female,90000.0
Male,20000.0
Male,50000.0
Male,48000.0
Female,50000.0
Female,180000.0
Male,116000.0
Male,172000.0
Male,80000.0
Male,65000.0
Female,150000.0
Female,2500.0
Female,80000.0
Female,105000.0
Male,3000.0
Female,268000.0
Male,210000.0
Male,72000.0
Female,50000.0
Female,34000.0
Female,47000.0
Male,20000.0
Male,78000.0
Male,78000.0
Male,101000.0
Female,74000.0
Male,32000.0
Female,75000.0
Female,8400.0
Male,6800.0
Female,21000.0
Male,70000.0
Female,32000.0
Female,40000.0
Male,125000.0
Female,4800.0
Female,25000.0
Female,75000.0
Female,40000.0
Female,101000.0
Male,45000.0
Female,60000.0
Male,107000.0
Male,95000.0
Male,89000.0
Male,60000.0
Female,96000.0
Male,130000.0
Male,37000.0
Female,39000.0
Male,120000.0
Female,60000.0
Female,60000.0
Female,71000.0
Female,67000.0
Female,2000.0
Female,11800.0
Male,36400.0
Female,66000.0
Male,207000.0
Female,70000.0
Female,35000.0
Male,95000.0
Female,50000.0
Female,240000.0
Female,81000.0
Male,30000.0
Male,2000.0
Male,100000.0
Female,150000.0
Male,136000.0
Female,103000.0
Female,20000.0
Male,150000.0
Female,4000.0
Male,31800.0
Female,52000.0
Female,22100.0
Male,15000.0
Male,25000.0
Female,17100.0
Male,75000.0
Male,3000.0
Male,40000.0
Female,40000.0
Female,5000.0
Female,120000.0
Female,50000.0
Female,60000.0
Female,120000.0
Female,20000.0
Male,65000.0
Male,215000.0
Female,41000.0
Female,93000.0
Male,7000.0
Male,20400.0
Female,56000.0
Female,40000.0
Female,295000.0
Female,28900.0
Male,45000.0
Male,16000.0
Female,38000.0
Male,40000.0
Female,43600.0
Male,38000.0
Male,74000.0
Male,150000.0
Female,30000.0
Male,58000.0
Male,50000.0
Female,55000.0
Male,100000.0
Female,198000.0
Male,25000.0
Female,85000.0
Female,55000.0
Female,40000.0
Female,50000.0
Male,90000.0
Male,40000.0
Male,45500.0
Female,36000.0
Male,230000.0
Female,12700.0
Male,6000.0
Male,205000.0
Male,105000.0
Male,120000.0
Male,40000.0
Female,72000.0
Male,26000.0
Female,20000.0
Female,130000.0
Female,112000.0
Male,81000.0
Female,31200.0
Male,80000.0
Male,112000.0
Female,32000.0
Male,230000.0
Male,43600.0
Male,134000.0
Male,3500.0
Male,150000.0
Male,90000.0
Male,175000.0
Female,45000.0
Female,68000.0
Male,250000.0
Female,119000.0
Female,10000.0
Female,72000.0
Male,188000.0
Male,74000.0
Male,210000.0
Female,72000.0
Male,150000.0
Female,19000.0
Female,108000.0
Female,5000.0
Male,35000.0
Male,25000.0
Female,64000.0
Male,73000.0
Male,10000.0
Male,45000.0
Male,60000.0
Female,100000.0
Male,80000.0
Male,100000.0
Male,8000.0
Female,29000.0
Male,200000.0
Male,21800.0
Male,11000.0
Female,30000.0
Female,135000.0
Male,65000.0
Male,50000.0
Male,11100.0
Female,40000.0
Male,30000.0
Male,90000.0
Male,40000.0
Female,52000.0
Male,45000.0
Male,40000.0
Female,37000.0
Female,60000.0
Female,90000.0
Female,35500.0
Male,85000.0
Female,85000.0
Male,130000.0
Male,240000.0
Male,45000.0
Male,110000.0
Female,78000.0
Female,60000.0
Male,15000.0
Male,40000.0
Male,48000.0
Female,15000.0
Male,275000.0
Male,182000.0
Male,93000.0
Male,35000.0
Female,72000.0
Male,80000.0
Female,12000.0
Male,63000.0
Female,21000.0
Male,57000.0
Male,187000.0
Male,129000.0
Male,114000.0
Male,45000.0
Female,65000.0
Female,6000.0
Female,72000.0
Female,76000.0
Male,55000.0
Female,61000.0
Female,100000.0
Male,54000.0
Male,57000.0
Male,150000.0
Female,36400.0
Male,78000.0
Male,18000.0
Male,20000.0
Male,80000.0
Male,45000.0
Female,110000.0
Male,200000.0
Male,65000.0
Female,65000.0
Female,55000.0
Female,125000.0
Female,57000.0
Male,120000.0
Male,97000.0
Female,28800.0
Female,41700.0
Female,87000.0
Female,97000.0
Male,80000.0
Female,3000.0
Female,130000.0
Male,30000.0
Female,70000.0
Female,35000.0
Male,5200.0
Female,23000.0
Female,50000.0
Female,43000.0
Male,45000.0
Male,42000.0
Female,30000.0
Female,60000.0
Male,90000.0
Female,95000.0
Male,42000.0
Female,52000.0
Male,22000.0
Male,90000.0
Female,28100.0
Male,33600.0
Male,4000.0
Female,100000.0
Male,80000.0
Male,60000.0
Male,6400.0
Female,200.0
Female,120000.0
Male,150000.0
Female,4000.0
Male,50000.0
Male,89000.0
Male,135000.0
Female,51000.0
Male,10000.0
Male,30000.0
Male,35000.0
Male,55000.0
Female,200000.0
Male,30000.0
Male,20000.0
Female,37500.0
Female,90000.0
Female,50000.0
Male,125000.0
Male,190000.0
Male,180000.0
Female,30000.0
Female,93000.0
Female,3600.0
Male,190000.0
Male,100000.0
Female,520.0
Female,24000.0
Female,45000.0
Male,65000.0
Male,60000.0
Male,80000.0
Male,55000.0
Female,7000.0
Female,80000.0
Female,40000.0
Female,30000.0
Male,75000.0
Male,60000.0
Female,71000.0
Female,52000.0
Female,3000.0
Male,106000.0
Female,25000.0
Female,34000.0
Male,110000.0
Male,200000.0
Male,145000.0
Male,38000.0
Male,55000.0
Female,34000.0
Female,87000.0
Female,40000.0
Male,49400.0
Female,24000.0
Male,150000.0
Male,64000.0
Male,5000.0
Male,160000.0
Male,175000.0
Male,119000.0
Female,36000.0
Female,55000.0
Female,130000.0
Female,8800.0
Male,39000.0
Female,19400.0
Male,93000.0
Female,80000.0
Male,16000.0
Female,20000.0
Female,56000.0
Male,90000.0
Female,127000.0
Male,65000.0
Female,85000.0
Male,60000.0
Female,51000.0
Male,30500.0
Male,300.0
Female,98000.0
Male,60000.0
Female,16800.0
Female,72000.0
Male,23600.0
Male,85000.0
Female,18000.0
Female,80000.0
Male,121000.0
Female,22000.0
Male,31200.0
Female,71000.0
Female,14600.0
Female,53000.0
Male,72000.0
Female,86000.0
Female,6000.0
Male,42000.0
Female,50000.0
Female,26000.0
Female,7900.0
Female,85000.0
Male,120000.0
Male,22000.0
Male,28800.0
Female,65000.0
Male,107000.0
Female,29900.0
Female,25700.0
Male,114000.0
Female,73000.0
Female,4900.0
Male,45000.0
Female,4400.0
Male,110000.0
Female,56000.0
Female,80000.0
Male,20000.0
Male,110000.0
Male,70000.0
Male,11000.0
Female,90000.0
Male,74000.0
Male,57000.0
Female,131000.0
Female,33400.0
Female,40000.0
Female,35000.0
Male,85000.0
Male,52000.0
Female,103000.0
Male,35000.0
Female,12000.0
Male,63000.0
Male,204000.0
Female,60000.0
Female,99000.0
Female,31600.0
Female,53000.0
Female,32000.0
Male,75000.0
Male,30000.0
Female,70000.0
Male,35000.0
Male,55000.0
Female,39500.0
Female,29000.0
Female,10600.0
Male,245000.0
Male,39700.0
Male,95000.0
Male,80000.0
Male,40000.0
Male,230000.0
Male,87000.0
Female,75000.0
Female,48000.0
Female,58000.0
Male,56000.0
Female,20200.0
Female,6000.0
Female,15000.0
Female,55000.0
Female,20000.0
Female,39000.0
Female,95000.0
Male,40000.0
Female,50000.0
Male,10000.0
Female,10000.0
Female,70000.0
Female,9000.0
Male,58000.0
Female,1000.0
Female,56000.0
Male,95000.0
Male,52000.0
Male,20000.0
Female,100000.0
Male,13000.0
Female,75000.0
Male,55000.0
Female,65000.0
Female,74000.0
Male,11000.0
Male,245000.0
Male,70000.0
Male,50000.0
Male,45000.0
Male,30000.0
Male,120000.0
Male,68000.0
Female,25000.0
Female,30000.0
Male,37900.0
Female,140000.0
Female,77000.0
Male,100000.0
Female,45000.0
Male,62000.0
Female,40000.0
Male,50000.0
Male,90000.0
Female,6000.0
Female,90000.0
Female,90000.0
Female,57000.0
Female,95000.0
Male,88000.0
Male,115000.0
Female,45000.0
Female,23500.0
Male,80000.0
Male,10000.0
Male,88000.0
Female,30000.0
Female,39200.0
Female,130000.0
Female,64000.0
Male,30000.0
Female,55000.0
Female,39000.0
Male,85000.0
Female,85000.0
Male,71000.0
Male,250000.0
Female,46000.0
Male,33000.0
Male,42000.0
Male,170000.0
Female,5000.0
Male,8000.0
Male,39000.0
Female,10000.0
Female,25000.0
Male,40000.0
Female,14000.0
Female,35000.0
Female,46900.0
Male,103000.0
Male,60000.0
Female,75000.0
Female,38000.0
Male,13000.0
Male,15000.0
Male,70000.0
Male,58000.0
Male,7700.0
Female,21000.0
Female,34000.0
Male,170000.0
Male,18000.0
Female,74000.0
Female,83000.0
Male,80000.0
Female,4500.0
Male,60000.0
Female,10200.0
Female,34000.0
Male,9900.0
Male,100000.0
Female,2900.0
Female,22000.0
Male,60000.0
Female,109000.0
Male,72000.0
Female,60000.0
Female,8300.0
Male,150000.0
Female,16700.0
Female,15000.0
Male,140000.0
Female,92000.0
Male,25500.0
Female,50000.0
Female,7000.0
Female,35000.0
Female,10000.0
Male,118000.0
Male,78000.0
Female,13000.0
Male,50000.0
Male,100000.0
Female,200000.0
Female,75000.0
Male,60000.0
Male,300000.0
Female,70000.0
Male,230000.0
Male,33000.0
Female,50000.0
Male,100000.0
Male,2000.0
Female,34100.0
Male,19500.0
Male,65000.0
Female,30000.0
Male,2400.0
Male,18000.0
Female,52000.0
Female,11600.0
Female,32000.0
Female,3100.0
Female,36000.0
Male,49400.0
Male,120000.0
Female,107000.0
Male,180000.0
Female,6000.0
Male,160000.0
Female,98000.0
Female,70000.0
Male,115000.0
Female,45000.0
Female,47000.0
Female,38000.0
Female,5700.0
Female,135000.0
Male,22600.0
Male,170000.0
Male,90000.0
Male,50000.0
Male,140000.0
Female,25000.0
Male,175000.0
Male,124000.0
Female,1300.0
Male,70000.0
Male,85000.0
Female,9000.0
Male,16000.0
Female,60000.0
Female,100000.0
Male,16000.0
Male,37000.0
Female,8000.0
Female,110000.0
Female,83000.0
Female,8000.0
Female,27000.0
Female,28000.0
Female,15000.0
Female,16000.0
Male,50000.0
Female,35000.0
Male,175000.0
Female,13000.0
Male,28900.0
Male,47700.0
Female,34000.0
Male,31200.0
Male,7300.0
Male,175000.0
Male,38000.0
Male,62000.0
Female,30000.0
Male,70000.0
Female,53000.0
Female,13000.0
Female,48000.0
Male,165000.0
Male,119000.0
Male,50000.0
Female,35000.0
Female,58000.0
Male,25900.0
Female,20000.0
Female,25000.0
Female,2500.0
Male,60000.0
Male,100000.0
Female,80000.0
Female,44000.0
Male,65000.0
Male,75000.0
Female,45000.0
Male,40000.0
Female,20000.0
Male,76000.0
Male,85000.0
Female,48000.0
Female,61000.0
Male,165000.0
Female,43700.0
Male,32000.0
Female,83000.0
Female,36600.0
Male,36000.0
Male,68000.0
Male,120000.0
Male,32000.0
Male,107000.0
Female,20000.0
Male,42100.0
Male,20000.0
Male,87000.0
Female,28000.0
Male,200000.0
Male,60000.0
Male,31800.0
Female,330.0
Male,24000.0
Female,70000.0
Male,90000.0
Male,30000.0
Male,150000.0
Male,30000.0
Male,56000.0
Male,130000.0
Female,20000.0
Male,25100.0
Male,45000.0
Female,3200.0
Female,125000.0
Female,9900.0
Female,70000.0
Female,149000.0
Male,110000.0
Male,20000.0
Female,40000.0
Female,145000.0
Male,600.0
Female,3800.0
Male,70000.0
Female,18900.0
Female,32000.0
Male,38500.0
Female,83000.0
Male,160000.0
Female,2000.0
Male,9600.0
Male,120000.0
Male,50000.0
Female,48000.0
Female,1200.0
Male,60000.0
Female,48000.0
Female,60000.0
Male,42000.0
Female,75000.0
Male,60000.0
Female,50000.0
Male,105000.0
Female,40000.0
Male,59000.0
Female,1600.0
Female,5000.0
Male,40000.0
Female,1500.0
Female,35800.0
Female,98000.0
Male,120000.0
Female,140000.0
Male,490.0
Male,50000.0
Male,80000.0
Female,26500.0
Male,165000.0
Female,45000.0
Female,11800.0
Female,29000.0
Male,120000.0
Male,300000.0
Female,37800.0
Male,55000.0
Female,36500.0
Female,85000.0
Female,4000.0
Female,43000.0
Female,16800.0
Male,93000.0
Female,37000.0
Male,50000.0
Male,65000.0
Male,60000.0
Male,20000.0
Female,14800.0
Female,32000.0
Female,56000.0
Male,182000.0
Female,40000.0
Male,50000.0
Female,6000.0
Female,50000.0
Female,6000.0
Male,39900.0
Male,100000.0
Female,24000.0
Female,8500.0
Male,60000.0
Male,44900.0
Male,52000.0
Male,65000.0
Male,36000.0
Male,90000.0
Female,23000.0
Female,51000.0
Female,10100.0
Female,22000.0
Male,140000.0
Male,130000.0
Female,38000.0
Male,50000.0
Female,91000.0
Male,85000.0
Female,14200.0
Male,180000.0
Male,36000.0
Female,68000.0
Female,65000.0
Male,7000.0
Female,40000.0
Male,50000.0
Male,82000.0
Male,175000.0
Female,26700.0
Female,75000.0
Female,20000.0
Female,11000.0
Male,37000.0
Female,62000.0
Female,34000.0
Female,69000.0
Female,130000.0
Female,103000.0
Female,16000.0
Male,18400.0
Male,70000.0
Female,48000.0
Female,15000.0
Female,19000.0
Female,52000.0
Female,44000.0
Female,46000.0
Male,25000.0
Male,180000.0
Male,70000.0
Female,145000.0
Male,80000.0
Female,55000.0
Female,20000.0
Male,54000.0
Male,60000.0
Male,15600.0
Male,88000.0
Female,50000.0
Male,80000.0
Female,149000.0
Male,70000.0
Female,40000.0
Female,100000.0
Female,30000.0
Female,5000.0
Female,11000.0
Female,80000.0
Female,25000.0
Male,66000.0
Female,25000.0
Female,87000.0
Male,8000.0
Female,150000.0
Male,9000.0
Female,10000.0
Female,9200.0
Male,15000.0
Female,17000.0
Female,12000.0
Male,115000.0
Male,5600.0
Female,90000.0
Female,30000.0
Male,28000.0
Female,40000.0
Male,25000.0
Male,10000.0
Male,30100.0
Male,90000.0
Female,50000.0
Female,73000.0
Male,86000.0
Male,148000.0
Male,150000.0
Female,23500.0
Female,43700.0
Male,127000.0
Female,65000.0
Male,23600.0
Female,50000.0
Female,50000.0
Female,83000.0
Male,162000.0
Male,100000.0
Female,30000.0
Female,70000.0
Male,165000.0
Male,20000.0
Male,78000.0
Male,42000.0
Male,35000.0
Female,20000.0
Male,52000.0
Male,150000.0
Female,10000.0
Female,52000.0
Male,80000.0
Male,155000.0
Male,52000.0
Male,5200.0
Male,45000.0
Female,48000.0
Male,48000.0
Female,7200.0
Male,70000.0
Male,43800.0
Female,80000.0
Female,35000.0
Male,60000.0
Female,39000.0
Female,7200.0
Female,11000.0
Female,102000.0
Male,50000.0
Male,32000.0
Female,45000.0
Female,49600.0
Female,65000.0
Male,50000.0
Female,2000.0
Female,68000.0
Female,8000.0
Female,33300.0
Female,45000.0
Male,32200.0
Male,50000.0
Male,12400.0
Male,20000.0
Male,100000.0
Male,90000.0
Male,110000.0
Male,73000.0
Female,17000.0
Male,130000.0
Male,96000.0
Male,60000.0
Male,79000.0
Female,17500.0
Male,55000.0
Female,122000.0
Female,38000.0
Male,24000.0
Female,300.0
Male,25000.0
Male,35900.0
Female,115000.0
Female,213000.0
Female,60000.0
Female,10300.0
Male,10000.0
Male,96000.0
Male,86000.0
Female,82000.0
Female,5000.0
Female,50000.0
Male,23000.0
Male,76000.0
Female,30000.0
Female,40800.0
Male,48000.0
Female,60000.0
Male,96000.0
Female,60000.0
Male,75000.0
Male,90000.0
Male,40000.0
Male,40000.0
Male,4000.0
Female,33000.0
Male,150000.0
Female,49000.0
Female,22000.0
Female,32000.0
Male,200000.0
Male,200000.0
Male,45400.0
Male,12500.0
Male,200000.0
Male,70000.0
Female,73000.0
Female,72000.0
Female,50000.0
Female,36000.0
Male,200000.0
Male,300000.0
Female,37000.0
Male,10100.0
Male,29000.0
Female,40000.0
Female,60000.0
Male,35000.0
Female,28000.0
Male,130000.0
Female,2100.0
Male,45000.0
Male,130000.0
Female,50000.0
Female,57000.0
Female,45000.0
Female,54000.0
Male,160000.0
Male,138000.0
Male,20000.0
Female,130000.0
Female,84000.0
Female,60000.0
Male,25000.0
Male,40000.0
Female,25000.0
Male,52000.0
Male,56000.0
Female,50000.0
Female,65000.0
Female,8200.0
Female,3000.0
Female,60000.0
Female,20300.0
Female,20000.0
Male,36000.0
Female,260000.0
Female,70000.0
Female,15000.0
Male,44500.0
Male,100000.0
Female,60000.0
Female,80000.0
Male,36500.0
Female,55000.0
Male,5000.0
Male,95000.0
Male,72000.0
Male,8700.0
Female,40000.0
Male,40000.0
Female,56000.0
Male,173000.0
Female,38100.0
Female,34000.0
Male,9300.0
Female,40000.0
Male,50000.0
Female,10800.0
Male,102000.0
Female,85000.0
Male,28800.0
Male,45000.0
Male,65000.0
Female,40000.0
Male,5000.0
Female,55000.0
Male,185000.0
Male,48700.0
Female,25000.0
Female,80000.0
Female,1200.0
Male,175000.0
Male,82000.0
Female,55000.0
Female,85000.0
Male,50000.0
Male,112000.0
Male,90000.0
Male,52000.0
Female,75000.0
Female,4500.0
Female,29100.0
Male,105000.0
Female,3900.0
Male,43200.0
Male,60000.0
Female,40000.0
Female,60000.0
Female,30000.0
Female,47000.0
Female,38000.0
Female,15300.0
Male,10000.0
Female,7100.0
Female,55000.0
Female,4000.0
Female,117000.0
Male,180000.0
Male,49000.0
Female,20000.0
Female,48500.0
Female,6700.0
Male,45000.0
Female,78000.0
Male,48000.0
Male,34000.0
Female,150000.0
Female,73000.0
Female,12000.0
Female,142000.0
Female,100000.0
Male,34500.0
Male,500.0
Female,230000.0
Male,47000.0
Male,235000.0
Female,5600.0
Male,45700.0
Female,19000.0
Male,70000.0
Female,106000.0
Female,24000.0
Male,55000.0
Male,10200.0
Female,100000.0
Male,58000.0
Male,42000.0
Female,800.0
Male,4400.0
Female,24100.0
Female,4900.0
Male,74000.0
Male,225000.0
Female,96000.0
Male,64000.0
Female,1400.0
Female,30000.0
Male,83000.0
Male,100000.0
Female,200000.0
Male,100000.0
Male,50000.0
Female,42000.0
Female,95000.0
Female,28200.0
Female,100000.0
Male,30000.0
Male,52000.0
Male,88000.0
Male,56000.0
Male,50000.0
Male,50000.0
Male,47500.0
Male,100000.0
Female,24000.0
Male,40000.0
Female,44000.0
Female,112000.0
Male,30000.0
Male,90000.0
Male,400.0
Female,41000.0
Female,170.0
Male,135000.0
Male,115000.0
Male,24000.0
Female,140000.0
Male,180000.0
Female,150000.0
Female,50000.0
Female,20000.0
Male,139000.0
Male,20500.0
Female,38000.0
Female,24600.0
Male,115000.0
Male,2000.0
Male,30000.0
Male,120000.0
Male,24000.0
Male,30100.0
Male,50000.0
Female,85000.0
Female,18000.0
Female,114000.0
Male,100000.0
Female,40000.0
Female,10000.0
Female,41000.0
Male,34000.0
Female,33600.0
Female,60000.0
Male,70000.0
Male,36000.0
Male,20000.0
Male,9600.0
Female,1500.0
Male,32000.0
Female,15000.0
Female,24900.0
Female,101000.0
Female,3000.0
Male,47800.0
Male,59000.0
Male,65000.0
Female,76000.0
Male,250000.0
Male,30000.0
Male,55000.0
Female,60000.0
Male,50000.0
Male,47000.0
Female,11400.0
Female,30000.0
Female,28000.0
Male,100000.0
Male,20000.0
Female,110000.0
Male,40000.0
Female,66000.0
Male,85000.0
Male,136000.0
Male,56000.0
Male,89000.0
Female,24000.0
Female,57000.0
Male,250000.0
Female,18600.0
Female,43000.0
Male,172000.0
Male,13000.0
Female,65000.0
Male,50000.0
Female,105000.0
Female,20000.0
Female,30000.0
Female,28000.0
Female,22000.0
Female,55000.0
Male,50000.0
Female,40000.0
Female,28000.0
Female,96000.0
Male,18000.0
Male,85000.0
Male,22000.0
Female,3500.0
Female,49000.0
Female,110000.0
Female,13000.0
Female,140000.0
Female,147000.0
Female,104000.0
Female,200000.0
Female,25000.0
Female,73000.0
Male,139000.0
Male,65000.0
Female,54000.0
Male,31200.0
Male,54000.0
Male,41000.0
Female,23400.0
Female,125000.0
Female,125000.0
Male,65000.0
Female,110000.0
Female,10000.0
Male,32600.0
Male,130000.0
Male,80000.0
Female,58000.0
Female,52000.0
Male,30000.0
Male,97000.0
Female,17000.0
Female,14000.0
Male,41000.0
Female,95000.0
Female,27900.0
Male,50000.0
Female,36500.0
Male,80000.0
Female,14000.0
Female,13000.0
Male,155000.0
Female,8000.0
Male,165000.0
Female,76000.0
Female,50000.0
Female,120000.0
Male,120000.0
Female,29000.0
Male,45000.0
Male,164000.0
Female,31000.0
Female,25000.0
Female,60000.0
Male,130000.0
Female,40000.0
Male,110000.0
Female,54000.0
Female,9000.0
Female,50000.0
Female,50000.0
Male,21300.0
Female,20000.0
Female,34600.0
Male,3000.0
Female,65000.0
Male,41000.0
Female,20700.0
Female,103000.0
Male,10800.0
Female,14000.0
Female,110000.0
Female,69000.0
Female,100.0
Female,27500.0
Male,14700.0
Male,4000.0
Female,69000.0
Male,90000.0
Male,177000.0
Female,54000.0
Female,40000.0
Female,82000.0
Female,300.0
Male,80000.0
Male,60000.0
Male,95000.0
Female,26300.0
Male,51000.0
Male,77000.0
Male,52000.0
Female,275000.0
Female,17000.0
Female,76000.0
Female,57000.0
Female,12000.0
Male,53000.0
Female,65000.0
Male,42000.0
Male,60000.0
Female,75000.0
Male,75000.0
Female,19100.0
Female,28000.0
Female,4000.0
Male,112000.0
Male,400.0
Female,60000.0
Female,45000.0
Male,62000.0
Female,35000.0
Male,2500.0
Male,40000.0
Male,225000.0
Male,85000.0
Female,60000.0
Male,90000.0
Male,120000.0
Male,100000.0
Female,46000.0
Male,89000.0
Female,45000.0
Female,30000.0
Male,30000.0
Female,31200.0
Male,84000.0
Male,50000.0
Male,3000.0
Male,96000.0
Male,55000.0
Male,560.0
Female,50000.0
Male,9800.0
Female,94000.0
Male,120000.0
Male,35300.0
Female,73000.0
Female,20000.0
Female,155000.0
Female,65000.0
Male,70000.0
Male,80000.0
Female,14000.0
Female,100000.0
Male,101000.0
Female,85000.0
Male,54000.0
Male,110000.0
Male,35000.0
Female,225000.0
Female,8200.0
Female,100000.0
Female,168000.0
Male,50000.0
Male,35000.0
Male,80000.0
Male,36000.0
Female,1400.0
Female,48600.0
Female,32000.0
Male,60000.0
Male,140000.0
Female,20000.0
Male,60000.0
Female,30000.0
Male,57000.0
Female,150.0
Male,40000.0
Male,50000.0
Female,40000.0
Male,26000.0
Male,160000.0
Female,60000.0
Female,880.0
Male,9000.0
Female,27300.0
Female,9000.0
Female,20000.0
Male,38000.0
Male,47200.0
Male,16000.0
Male,42000.0
Male,50000.0
Female,118000.0
Female,26200.0
Male,37000.0
Female,26000.0
Male,100000.0
Female,45000.0
Female,6700.0
Female,24000.0
Male,115000.0
Female,146000.0
Male,100000.0
Female,48000.0
Male,36000.0
Female,33600.0
Male,59000.0
Male,9600.0
Male,150000.0
Male,25900.0
Female,12000.0
Male,60000.0
Female,120000.0
Female,35000.0
Male,165000.0
Male,98000.0
Male,80000.0
Male,27500.0
Male,86000.0
Female,50000.0
Male,60000.0
Male,28000.0
Female,30000.0
Male,45000.0
Female,112000.0
Female,100000.0
Female,11000.0
Female,32000.0
Female,11900.0
Female,45000.0
Female,91000.0
Female,95000.0
Male,50000.0
Male,80000.0
Male,80000.0
Male,99000.0
Male,70000.0
Male,4500.0
Female,100000.0
Male,180000.0
Female,50000.0
Female,10000.0
Female,10000.0
Male,212000.0
Female,68000.0
Male,220000.0
Female,57000.0
Female,24000.0
Female,20000.0
Male,54000.0
Female,117000.0
Female,45000.0
Male,200000.0
Female,75000.0
Male,98000.0
Female,90000.0
Male,85000.0
Male,26000.0
Female,70000.0
Male,117000.0
Female,48800.0
Male,39500.0
Female,22400.0
Male,50000.0
Female,12000.0
Male,110000.0
Female,225000.0
Female,40000.0
Male,240000.0
Male,65000.0
Female,40000.0
Male,12900.0
Female,9000.0
Male,70000.0
Male,55000.0
Female,245000.0
Male,6500.0
Female,19600.0
Male,70000.0
Female,70000.0
Male,130000.0
Female,69000.0
Male,120000.0
Female,70000.0
Female,30000.0
Female,21000.0
Male,82000.0
Male,113000.0
Male,200000.0
Female,58000.0
Male,100000.0
Male,175000.0
Female,75000.0
Female,8000.0
Male,110000.0
Male,20000.0
Male,72000.0
Female,3600.0
Female,121000.0
Male,88000.0
Female,40000.0
Female,38400.0
Male,40000.0
Female,50000.0
Male,85000.0
Male,45000.0
Female,400.0
Male,15000.0
Male,2000.0
Female,40000.0
Male,42000.0
Female,36000.0
Female,6100.0
Female,25000.0
Female,30000.0
Male,150000.0
Male,4300.0
Female,55000.0
Male,56000.0
Female,18700.0
Female,12000.0
Male,75000.0
Male,45000.0
Female,5600.0
Female,8000.0
Female,5000.0
Female,30000.0
Male,70000.0
Male,93000.0
Female,95000.0
Female,30000.0
Male,152000.0
Male,53000.0
Female,40000.0
Female,16100.0
Female,16000.0
Male,45000.0
Female,30000.0
Male,15000.0
Female,110000.0
Male,45000.0
Male,3500.0
Female,24000.0
Male,15000.0
Male,70000.0
Female,32100.0
Male,600.0
Male,1500.0
Female,46000.0
Male,190000.0
Female,180000.0
Female,60000.0
Male,60000.0
Male,20100.0
Male,180000.0
Female,70000.0
Male,40000.0
Female,36000.0
Female,19500.0
Male,15000.0
Female,94000.0
Female,20000.0
Male,51000.0
Female,9900.0
Female,65000.0
Female,36300.0
Male,150000.0
Male,1000.0
Male,85000.0
Male,13000.0
Female,100000.0
Male,25700.0
Female,53000.0
Male,10600.0
Female,54000.0
Male,300000.0
Female,19000.0
Female,75000.0
Female,18000.0
Female,1200.0
Male,73000.0
Female,87000.0
Female,24000.0
Male,166000.0
Male,800.0
Female,36400.0
Female,41000.0
Male,15000.0
Male,140000.0
Male,80000.0
Female,52000.0
Female,62000.0
Male,67000.0
Female,55000.0
Female,30000.0
Male,200000.0
Female,43500.0
Female,10000.0
Female,90000.0
Male,66000.0
Male,32000.0
Male,60000.0
Female,90000.0
Female,26000.0
Female,96000.0
Male,15000.0
Male,20000.0
Male,31200.0
Female,91000.0
Female,50000.0
Female,50000.0
Male,60000.0
Female,56000.0
Female,57000.0
Female,93000.0
Female,13000.0
Female,30000.0
Female,43800.0
Male,30200.0
Male,60000.0
Female,28000.0
Female,80000.0
Female,12000.0
Female,29000.0
Male,76000.0
Female,12700.0
Male,125000.0
Female,26000.0
Female,10000.0
Female,28000.0
Male,5000.0
Male,6900.0
Female,50000.0
Male,11000.0
Male,175000.0
Female,10000.0
Female,125000.0
Male,43000.0
Female,48000.0
Female,150000.0
Male,43700.0
Male,40000.0
Male,50000.0
Male,75000.0
Male,55000.0
Female,4800.0
Male,62000.0
Female,26000.0
Female,41000.0
Male,54000.0
Female,36000.0
Male,40000.0
Female,4000.0
Female,80000.0
Female,6000.0
Male,10000.0
Female,25000.0
Female,85000.0
Male,218000.0
Female,18000.0
Male,11000.0
Male,21600.0
Male,10000.0
Male,125000.0
Female,440.0
Male,170000.0
Female,35000.0
Male,72000.0
Male,57000.0
Female,1900.0
Male,40000.0
Female,18000.0
Male,30000.0
Male,20000.0
Male,4700.0
Male,64000.0
Male,80000.0
Male,80000.0
Male,30000.0
Male,33600.0
Male,92000.0
Female,31000.0
Male,70000.0
Female,110000.0
Female,120000.0
Female,48000.0
Female,300000.0
Female,38000.0
Male,30000.0
Male,95000.0
Female,11500.0
Female,70000.0
Female,8000.0
Male,8000.0
Female,6000.0
Female,58000.0
Female,229000.0
Male,49000.0
Female,16600.0
Female,80000.0
Female,170000.0
Male,21000.0
Female,100000.0
Male,100000.0
Female,24000.0
Female,15000.0
Female,49000.0
Male,75000.0
Male,230000.0
Male,24000.0
Male,32500.0
Male,15000.0
Female,48000.0
Male,200000.0
Female,165000.0
Male,50000.0
Female,30000.0
Female,69000.0
Male,36000.0
Female,136000.0
Female,30000.0
Male,45000.0
Female,192000.0
Male,28800.0
Male,180000.0
Female,50000.0
Male,150000.0
Male,40000.0
Male,75000.0
Male,100000.0
Male,73000.0
Female,10500.0
Male,81000.0
Male,64000.0
Male,85000.0
Female,51000.0
Female,46000.0
Male,19000.0
Female,85000.0
Female,16000.0
Female,62000.0
Female,43700.0
Female,70000.0
Female,50000.0
Female,32100.0
Male,27000.0
Female,95000.0
Female,20000.0
Female,38000.0
Female,200000.0
Male,2700.0
Female,60000.0
Female,13600.0
Male,5000.0
Female,57000.0
Female,89000.0
Male,150000.0
Male,250000.0
Male,58000.0
Female,80000.0
Male,13000.0
Female,130000.0
Female,6000.0
Female,1200.0
Female,40000.0
Female,40000.0
Male,83000.0
Male,48300.0
Female,28000.0
Male,4200.0
Male,86000.0
Male,150000.0
Male,300000.0
Female,10000.0
Male,300000.0
Female,51000.0
Female,27200.0
Male,100000.0
Male,17000.0
Female,125000.0
Male,36000.0
Male,27000.0
Male,175000.0
Female,40000.0
Male,200000.0
Male,26700.0
Male,52000.0
Female,112000.0
Male,36000.0
Male,100000.0
Female,35000.0
Female,28200.0
Male,40000.0
Female,26000.0
Female,71000.0
Male,235000.0
Female,400.0
Female,12000.0
Male,65000.0
Male,51000.0
Male,52000.0
Male,100000.0
Female,25000.0
Female,15700.0
Female,82000.0
Male,40000.0
Male,45000.0
Female,15300.0
Male,60000.0
Female,80000.0
Female,62000.0
Male,160000.0
Male,13600.0
Female,27500.0
Male,40000.0
Male,37000.0
Male,28000.0
Male,30000.0
Male,90000.0
Male,25000.0
Male,200000.0
Female,79000.0
Female,40000.0
Male,49000.0
Male,95000.0
Female,1600.0
Male,280000.0
Female,40000.0
Male,167000.0
Female,65000.0
Male,150000.0
Female,20000.0
Female,20000.0
Female,5200.0
Male,18000.0
Female,15000.0
Male,80000.0
Female,45000.0
Male,115000.0
Male,50000.0
Female,125000.0
Female,63000.0
Male,50000.0
Male,101000.0
Male,87000.0
Male,24000.0
Female,4000.0
Female,1200.0
Male,20000.0
Male,38000.0
Male,120000.0
Male,30000.0
Female,90000.0
Male,90000.0
Male,140000.0
Female,10400.0
Female,6500.0
Male,37400.0
Female,35000.0
Female,55000.0
Male,19000.0
Male,22000.0
Male,189000.0
Male,5000.0
Male,6000.0
Female,90000.0
Female,4600.0
Male,100000.0
Female,8000.0
Male,154000.0
Male,30000.0
Female,20000.0
Male,85000.0
Male,79000.0
Female,165000.0
Male,31300.0
Male,120000.0
Female,69000.0
Female,110000.0
Male,105000.0
Female,5000.0
Female,56000.0
Male,65000.0
Female,48000.0
Male,51000.0
Male,45000.0
Male,48000.0
Male,40000.0
Male,33000.0
Male,103000.0
Male,201000.0
Female,10000.0
Female,39200.0
Male,225000.0
Female,4200.0
Male,9000.0
Male,55000.0
Female,28800.0
Female,187000.0
Female,145000.0
Male,70000.0
Male,45000.0
Female,38000.0
Female,88000.0
Male,500.0
Male,75000.0
Female,49000.0
Male,217000.0
Female,70000.0
Female,69000.0
Female,83000.0
Male,160000.0
Male,60000.0
Male,115000.0
Male,50000.0
Male,38000.0
Female,45700.0
Female,50000.0
Female,42000.0
Female,130.0
Male,5000.0
Female,44700.0
Female,39000.0
Female,35000.0
Male,145000.0
Female,40000.0
Female,64000.0
Male,61000.0
Male,105000.0
Female,55000.0
Female,112000.0
Male,90000.0
Male,168000.0
Male,45000.0
Female,48000.0
Female,64000.0
Female,65000.0
Female,31500.0
Female,125000.0
Female,125000.0
Female,50000.0
Female,99000.0
Female,20000.0
Female,37000.0
Female,800.0
Male,2200.0
Male,55000.0
Female,40000.0
Male,50000.0
Female,8600.0
Female,120000.0
Female,9400.0
Female,13000.0
Female,12000.0
Male,40000.0
Male,135000.0
Female,100000.0
Female,4000.0
Female,131000.0
Male,216000.0
Male,2200.0
Female,87000.0
Female,129000.0
Male,70000.0
Male,197000.0
Female,175000.0
Male,3000.0
Female,72000.0
Male,49000.0
Male,38000.0
Male,190000.0
Male,36300.0
Male,60000.0
Male,150000.0
Female,58000.0
Female,80000.0
Male,54000.0
Male,75000.0
Male,155000.0
Male,143000.0
Female,24000.0
Male,103000.0
Male,90000.0
Male,8000.0
Female,55000.0
Male,52000.0
Male,59000.0
Male,73000.0
Female,240000.0
Male,12000.0
Male,150000.0
Female,23000.0
Male,297000.0
Female,30000.0
Male,55000.0
Female,2500.0
Female,30000.0
Male,215000.0
Male,135000.0
Male,63000.0
Female,45000.0
Female,45000.0
Female,4000.0
Male,48000.0
Male,37200.0
Male,70000.0
Male,70000.0
Male,15000.0
Female,30000.0
Female,30700.0
Male,15000.0
Male,50000.0
Female,50000.0
Male,140000.0
Male,45000.0
Male,52000.0
Male,12000.0
Male,103000.0
Female,40000.0
Female,640.0
Female,21300.0
Male,200000.0
Female,20300.0
Male,6900.0
Male,48600.0
Female,1100.0
Female,40000.0
Male,35000.0
Male,4600.0
Male,50000.0
Female,30000.0
Female,22500.0
Female,14000.0
Female,40000.0
Female,24000.0
Female,100000.0
Male,36400.0
Male,80000.0
Female,76000.0
Female,97000.0
Female,36000.0
Male,5000.0
Male,30000.0
Male,158000.0
Male,46000.0
Female,50000.0
Male,180000.0
Female,56000.0
Female,24500.0
Male,16900.0
Female,720.0
Female,290.0
Male,5300.0
Female,80000.0
Female,32000.0
Female,36000.0
Male,60000.0
Male,15000.0
Female,6700.0
Female,60000.0
Male,25000.0
Male,41300.0
Female,24300.0
Male,98000.0
Female,65000.0
Female,20000.0
Male,10400.0
Female,17000.0
Male,190000.0
Female,20000.0
Female,109000.0
Male,76000.0
Male,98000.0
Female,23000.0
Male,150000.0
Female,42000.0
Female,50000.0
Female,21800.0
Male,101000.0
Male,45000.0
Female,20000.0
Female,190000.0
Female,23000.0
Female,115000.0
Male,67000.0
Male,400.0
Male,70000.0
Female,31000.0
Male,80000.0
Female,60000.0
Female,110000.0
Female,13000.0
Male,750.0
Male,50000.0
Male,88000.0
Female,18500.0
Female,14000.0
Male,38000.0
Male,30000.0
Male,29000.0
Female,40000.0
Male,52000.0
Male,115000.0
Male,104000.0
Male,9000.0
Male,65000.0
Female,73000.0
Male,112000.0
Female,4300.0
Male,60000.0
Male,10000.0
Male,45000.0
Female,42600.0
Female,170000.0
Male,12000.0
Female,40000.0
Female,45000.0
Male,50000.0
Female,24000.0
Male,17000.0
Female,60000.0
Female,42000.0
Male,86000.0
Female,4500.0
Male,8000.0
Male,100000.0
Male,12000.0
Female,115000.0
Female,46000.0
Male,41500.0
Female,2800.0
Female,60000.0
Female,68000.0
Female,22000.0
Male,120000.0
Male,6000.0
Male,71000.0
Male,140000.0
Female,50000.0
Female,9000.0
Male,36000.0
Male,53000.0
Male,75000.0
Female,22900.0
Female,25000.0
Female,25000.0
Male,1000.0
Male,85000.0
Female,84000.0
Female,42000.0
Male,60000.0
Female,82000.0
Female,100.0
Male,100000.0
Female,15000.0
Male,80000.0
Female,12000.0
Female,64000.0
Male,24000.0
Female,90000.0
Female,18000.0
Female,32800.0
Female,51000.0
Male,40000.0
Female,35000.0
Male,20000.0
Female,45000.0
Male,80000.0
Male,24000.0
Female,40000.0
Male,100000.0
Male,65000.0
Male,85000.0
Female,35000.0
Female,75000.0
Male,300000.0
Male,90000.0
Female,140000.0
Male,54000.0
Female,50000.0
Male,7000.0
Male,20000.0
Male,107000.0
Male,28800.0
Male,19000.0
Female,250000.0
Female,9800.0
Female,50000.0
Female,20800.0
Female,110000.0
Female,60000.0
Female,120000.0
Female,55000.0
Female,70000.0
Male,200000.0
Male,63000.0
Female,25000.0
Male,42000.0
Female,32500.0
Female,75000.0
Male,80000.0
Female,82000.0
Female,65000.0
Male,62000.0
Male,112000.0
Male,17000.0
Male,92000.0
Male,70000.0
Male,1600.0
Male,650.0
Male,65000.0
Female,85000.0
Male,80000.0
Male,60000.0
Female,38000.0
Male,120000.0
Male,2100.0
Male,185000.0
Female,6000.0
Female,103000.0
Male,55000.0
Male,3000.0
Male,140000.0
Male,46800.0
Male,68000.0
Male,74000.0
Female,6000.0
Female,4900.0
Female,25000.0
Female,55000.0
Female,204000.0
Female,6400.0
Female,1000.0
Male,100000.0
Female,14500.0
Female,70000.0
Male,55000.0
Female,33000.0
Female,90000.0
Female,16000.0
Male,65000.0
Male,150000.0
Female,11100.0
Male,240000.0
Male,45000.0
Female,130000.0
Male,109000.0
Male,3800.0
Female,16500.0
Female,30000.0
Female,95000.0
Female,55000.0
Female,28000.0
Female,65000.0
Male,140000.0
Female,43700.0
Female,123000.0
Female,27000.0
Female,110000.0
Male,20000.0
Male,57000.0
Male,78000.0
Male,6000.0
Male,60000.0
Male,11400.0
Female,60000.0
Male,80000.0
Male,140000.0
Male,130000.0
Female,65000.0
Male,80000.0
Female,30000.0
Male,30000.0
Male,80000.0
Male,49000.0
Female,6000.0
Male,75000.0
Male,125000.0
Male,1300.0
Male,30000.0
Female,47000.0
Male,77000.0
Female,52000.0
Female,190000.0
Female,24000.0
Female,5800.0
Male,31500.0
Female,103000.0
Male,66000.0
Male,100000.0
Male,200000.0
Female,23800.0
Male,35000.0
Male,200000.0
Female,9600.0
Female,23900.0
Female,1500.0
Male,225000.0
Female,17000.0
Male,8000.0
Male,200000.0
Female,7200.0
Male,28000.0
Male,40000.0
Male,35000.0
Female,40000.0
Male,68000.0
Male,20000.0
Female,35000.0
Female,25000.0
Male,25000.0
Male,69000.0
Female,10000.0
Female,500.0
Female,75000.0
Female,83000.0
Male,89000.0
Male,76000.0
Male,12000.0
Female,49000.0
Female,73000.0
Female,36000.0
Male,123000.0
Male,15600.0
Male,97000.0
Female,29200.0
Male,75000.0
Male,120000.0
Female,56000.0
Male,89000.0
Male,65000.0
Female,56000.0
Female,20000.0
Male,200000.0
Male,65000.0
Female,55000.0
Male,20000.0
Male,165000.0
Male,45000.0
Male,38000.0
Male,28000.0
Male,35000.0
Male,65000.0
Female,110000.0
Female,50000.0
Female,103000.0
Female,50000.0
Male,3500.0
Male,110000.0
Male,90000.0
Male,86000.0
Female,32000.0
Female,77000.0
Male,85000.0
Male,130000.0
Female,14000.0
Female,55000.0
Male,56000.0
Male,10000.0
Male,45000.0
Male,290000.0
Male,105000.0
Female,82000.0
Male,8000.0
Female,15000.0
Male,8400.0
Female,5000.0
Female,68000.0
Male,62000.0
Female,30000.0
Male,84000.0
Female,23000.0
Female,32000.0
Male,85000.0
Female,20000.0
Male,59000.0
Female,64000.0
Female,52000.0
Female,198000.0
Female,40000.0
Male,45000.0
Female,20000.0
Female,260000.0
Female,60000.0
Male,200.0
Male,25000.0
Female,78000.0
Male,18000.0
Female,32000.0
Male,30500.0
Female,103000.0
Female,3700.0
Male,9600.0
Female,33000.0
Male,55000.0
Male,15300.0
Female,24000.0
Female,40000.0
Female,38000.0
Male,100000.0
Female,42000.0
Male,15800.0
Female,45000.0
Male,85000.0
Male,80000.0
Male,25000.0
Male,10000.0
Male,150000.0
Female,48000.0
Male,69000.0
Male,11000.0
Female,156000.0
Male,3400.0
Female,35000.0
Male,58000.0
Male,45000.0
Female,81000.0
Male,1200.0
Female,50000.0
Female,45000.0
Female,63000.0
Female,150000.0
Male,34400.0
Female,59000.0
Male,15000.0
Male,28000.0
Female,60000.0
Male,80000.0
Male,50000.0
Female,500.0
Male,137000.0
Female,10000.0
Female,48000.0
Male,10000.0
Male,45000.0
Male,75000.0
Female,35000.0
Female,100000.0
Female,50000.0
Female,82000.0
Male,113000.0
Female,26500.0
Male,34000.0
Female,7500.0
Female,15000.0
Female,25000.0
Female,16000.0
Male,50000.0
Female,27500.0
Female,4500.0
Male,32000.0
Male,65000.0
Male,41000.0
Male,70000.0
Male,158000.0
Male,97000.0
Male,63000.0
Female,3000.0
Female,1800.0
Male,70000.0
Male,9000.0
Female,75000.0
Female,48000.0
Female,76000.0
Male,40000.0
Male,1000.0
Male,100000.0
Male,135000.0
Female,125000.0
Female,38000.0
Female,34200.0
Female,40000.0
Male,55000.0
Female,103000.0
Female,60000.0
Male,29000.0
Male,101000.0
Female,95000.0
Female,40000.0
Female,10800.0
Male,30000.0
Female,40000.0
Male,35200.0
Female,75000.0
Male,45000.0
Male,65000.0
Male,150000.0
Female,3600.0
Male,15000.0
Female,80000.0
Female,112000.0
Male,145000.0
Male,280000.0
Male,70000.0
Male,78000.0
Male,148000.0
Male,160000.0
Male,98000.0
Male,20000.0
Male,52000.0
Female,12000.0
Male,26000.0
Female,12000.0
Female,22000.0
Male,130000.0
Female,60000.0
Female,180000.0
Female,65000.0
Female,58000.0
Female,45000.0
Female,24000.0
Female,14000.0
Female,65000.0
Male,80000.0
Male,3700.0
Female,101000.0
Male,1000.0
Male,32000.0
Female,20000.0
Male,27000.0
Female,18000.0
Male,14700.0
Male,35000.0
Female,43600.0
Male,30000.0
Female,192000.0
Male,50000.0
Male,40000.0
Female,65000.0
Female,150000.0
Male,120000.0
Male,5000.0
Female,30000.0
Female,16000.0
Male,107000.0
Male,22100.0
Male,70000.0
Female,38000.0
Female,92000.0
Female,100000.0
Male,28500.0
Male,108000.0
Female,35500.0
Male,24000.0
Female,32000.0
Male,90000.0
Female,220000.0
Male,70000.0
Female,34600.0
Female,9600.0
Male,32500.0
Male,69000.0
Male,100000.0
Female,5500.0
Female,123000.0
Male,60000.0
Female,10000.0
Female,40000.0
Male,88000.0
Female,12000.0
Female,69000.0
Male,23000.0
Female,186000.0
Male,40000.0
Male,69000.0
Male,75000.0
Female,25000.0
Male,100000.0
Male,55000.0
Female,45000.0
Male,60000.0
Male,46000.0
Female,60000.0
Male,70000.0
Male,6500.0
Male,275000.0
Male,35000.0
Male,70000.0
Female,81000.0
Male,56000.0
Female,26800.0
Male,70000.0
Female,148000.0
Female,54000.0
Male,130000.0
Female,50000.0
Male,54000.0
Male,38900.0
Male,50000.0
Female,55000.0
Male,144000.0
Female,57000.0
Female,31000.0
Female,20000.0
Female,40000.0
Female,90000.0
Female,80000.0
Female,45000.0
Female,120000.0
Female,28000.0
Male,240000.0
Male,160000.0
Female,108000.0
Male,3000.0
Female,120000.0
Female,50000.0
Female,70000.0
Male,120000.0
Female,17300.0
Male,65000.0
Female,40000.0
Female,33000.0
Female,53000.0
Female,41000.0
Male,68000.0
Male,40800.0
Female,73000.0
Female,40000.0
Male,1300.0
Female,45000.0
Female,25000.0
Female,40000.0
Female,16000.0
Female,24000.0
Female,50000.0
Female,97000.0
Female,80000.0
Male,70000.0
Male,5200.0
Female,45000.0
Female,108000.0
Male,220000.0
Female,900.0
Female,18000.0
Female,30000.0
Female,40000.0
Female,30000.0
Male,110000.0
Male,37600.0
Male,4500.0
Male,125000.0
Male,42000.0
Female,26900.0
Male,50000.0
Male,30000.0
Male,8700.0
Female,40000.0
Male,9000.0
Female,24500.0
Male,4500.0
Female,70000.0
Male,52000.0
Female,8500.0
Female,7000.0
Female,50000.0
Male,90000.0
Male,50000.0
Female,73000.0
Female,89000.0
Male,200000.0
Female,8500.0
Male,70000.0
Male,30000.0
Female,53000.0
Female,52000.0
Male,80000.0
Male,71000.0
Female,120000.0
Female,129000.0
Female,35000.0
Female,37500.0
Male,65000.0
Male,30000.0
Male,10000.0
Male,53000.0
Female,250000.0
Female,125000.0
Female,150000.0
Male,98000.0
Female,20000.0
Male,6000.0
Female,63000.0
Female,35000.0
Male,28000.0
Female,45000.0
Male,60000.0
Male,1500.0
Female,13500.0
Male,145000.0
Male,235000.0
Male,56000.0
Female,24000.0
Male,95000.0
Male,1000.0
Female,40000.0
Female,200.0
Male,72000.0
Male,80000.0
Female,45600.0
Male,177000.0
Male,30000.0
Female,35000.0
Male,108000.0
Female,36000.0
Female,31200.0
Female,104000.0
Male,10800.0
Female,25000.0
Male,37600.0
Female,78000.0
Female,16800.0
Female,140000.0
Female,20000.0
Female,22600.0
Female,48000.0
Female,12000.0
Male,47000.0
Male,250000.0
Male,50000.0
Female,16000.0
Male,9800.0
Female,98000.0
Male,40000.0
Male,65000.0
Female,5200.0
Female,18000.0
Female,85000.0
Male,260000.0
Male,100000.0
Female,96000.0
Female,22000.0
Male,40000.0
Male,31000.0
Male,32000.0
Male,175000.0
Female,35000.0
Male,45000.0
Male,130000.0
Male,110000.0
Male,250000.0
Male,19000.0
Female,65000.0
Female,110000.0
Male,225000.0
Female,58000.0
Male,70000.0
Male,2000.0
Male,17000.0
Female,8000.0
Female,31800.0
Male,56000.0
Male,9000.0
Male,1800.0
Female,79000.0
Male,80000.0
Male,150000.0
Male,100000.0
Female,50000.0
Female,8400.0
Female,70000.0
Male,1600.0
Female,2500.0
Male,50000.0
Male,250000.0
Female,90000.0
Male,100000.0
Female,45000.0
Female,100000.0
Female,36000.0
Female,45000.0
Female,17000.0
Male,132000.0
Female,95000.0
Male,150000.0
Male,21000.0
Female,40000.0
Female,30000.0
Female,12000.0
Female,10000.0
Male,75000.0
Female,52000.0
Male,92000.0
Male,8200.0
Female,48000.0
Female,140000.0
Male,21500.0
Male,62000.0
Female,43000.0
Female,58000.0
Male,76000.0
Male,1100.0
Male,39000.0
Male,60000.0
Male,100000.0
Female,26000.0
Male,100000.0
Female,12000.0
Male,77000.0
Male,40000.0
Male,150000.0
Male,36000.0
Male,150000.0
Male,53000.0
Male,193000.0
Female,110000.0
Female,25000.0
Male,80000.0
Female,180000.0
Male,150000.0
Female,8500.0
Female,28000.0
Female,12000.0
Female,70000.0
Female,470.0
Female,45000.0
Male,35900.0
Male,75000.0
Male,47100.0
Female,36900.0
Male,15000.0
Male,18000.0
Male,135000.0
Female,75000.0
Female,50000.0
Female,100000.0
Female,20000.0
Female,93000.0
Female,71000.0
Female,38000.0
Male,40000.0
Male,15000.0
Male,46000.0
Male,60000.0
Female,38000.0
Female,60000.0
Male,100000.0
Female,90000.0
Male,65000.0
Female,800.0
Male,25800.0
Male,60000.0
Male,45000.0
Female,32000.0
Female,15000.0
Female,9000.0
Male,19000.0
Female,70000.0
Male,42000.0
Female,87000.0
Male,27200.0
Male,6000.0
Male,90000.0
Female,150000.0
Male,114000.0
Male,32000.0
Female,15000.0
Female,36000.0
Male,80000.0
Male,6000.0
Male,32000.0
Female,50000.0
Male,70000.0
Female,100000.0
Male,8700.0
Male,62000.0
Female,10000.0
Female,45000.0
Male,20800.0
Male,160000.0
Male,190000.0
Male,300000.0
Male,41600.0
Male,85000.0
Female,57000.0
Female,22000.0
Female,79000.0
Female,29000.0
Male,40500.0
Male,210000.0
Male,40000.0
Female,66000.0
Male,55000.0
Female,24000.0
Female,71000.0
Female,30000.0
Male,33000.0
Female,69000.0
Male,60000.0
Female,50000.0
Female,20000.0
Female,42000.0
Male,25200.0
Female,70000.0
Female,40000.0
Male,40200.0
Female,30000.0
Male,38000.0
Female,30000.0
Male,105000.0
Male,90000.0
Female,150000.0
Male,100000.0
Female,6200.0
Female,5000.0
Male,40000.0
Male,67000.0
Female,4000.0
Female,48000.0
Male,128000.0
Female,370.0
Male,50000.0
Male,60000.0
Female,3000.0
Male,120000.0
Male,55000.0
Male,109000.0
Female,80000.0
Female,5000.0
Female,18000.0
Male,55000.0
Male,90000.0
Male,205000.0
Male,50000.0
Male,58000.0
Male,78000.0
Female,72000.0
Male,26000.0
Female,40000.0
Female,23000.0
Male,110000.0
Male,30000.0
Female,268000.0
Female,33000.0
Female,115000.0
Female,65000.0
Female,5500.0
Female,65000.0
Female,45000.0
Male,95000.0
Male,105000.0
Male,42000.0
Male,110000.0
Male,50000.0
Female,20000.0
Female,10000.0
Male,90000.0
Female,44200.0
Male,85000.0
Female,75000.0
Female,72000.0
Male,31200.0
Female,19000.0
Female,81000.0
Female,52000.0
Female,48000.0
Female,32000.0
Female,19000.0
Male,27600.0
Female,430.0
Male,147000.0
Male,100000.0
Female,38000.0
Male,12000.0
Female,4500.0
Female,8000.0
Male,160000.0
Female,42000.0
Female,120000.0
Male,30000.0
Female,40000.0
Female,50000.0
Female,25000.0
Female,44000.0
Male,35000.0
Female,100000.0
Female,50000.0
Female,40000.0
Male,52000.0
Female,1800.0
Male,35000.0
Male,34600.0
Male,50000.0
Female,155000.0
Male,113000.0
Male,137000.0
Male,15000.0
Male,80000.0
Male,44000.0
Male,41600.0
Male,60000.0
Female,68000.0
Male,76000.0
Female,30000.0
Male,115000.0
Male,23400.0
Female,160000.0
Male,85000.0
Male,24000.0
Female,60000.0
Female,91000.0
Male,1200.0
Female,106000.0
Female,24000.0
Male,85000.0
Male,72000.0
Male,140000.0
Female,25000.0
Female,50000.0
Female,47000.0
Female,70000.0
Female,270.0
Female,40000.0
Female,33000.0
Male,70000.0
Male,50000.0
Female,52000.0
Female,90000.0
Male,145000.0
Male,63000.0
Male,40000.0
Female,25500.0
Male,45000.0
Male,82000.0
Female,42200.0
Female,1000.0
Male,1000.0
Female,10000.0
Male,56000.0
Male,240000.0
Male,200000.0
Female,13000.0
Female,9600.0
Male,32000.0
Male,2400.0
Male,110000.0
Male,170000.0
Female,14000.0
Male,85000.0
Female,135000.0
Male,55000.0
Male,14000.0
Male,5000.0
Male,62000.0
Male,36000.0
Female,69000.0
Male,23400.0
Female,95000.0
Male,110000.0
Male,20000.0
Female,35000.0
Female,12000.0
Male,55000.0
Female,68000.0
Male,75000.0
Male,76000.0
Male,78000.0
Female,90000.0
Male,27500.0
Female,38000.0
Female,10000.0
Female,40000.0
Male,250000.0
Female,29000.0
Male,60000.0
Male,97000.0
Male,50000.0
Female,30000.0
Male,41600.0
Male,6000.0
Female,90000.0
Male,100000.0
Male,260000.0
Male,150000.0
Male,80000.0
Male,40000.0
Female,150000.0
Female,105000.0
Female,200000.0
Male,170000.0
Female,7700.0
Male,49300.0
Female,45000.0
Female,50000.0
Female,45000.0
Male,54000.0
Female,15600.0
Male,66000.0
Male,60000.0
Female,7000.0
Female,78000.0
Male,55000.0
Male,52000.0
Male,125000.0
Male,140000.0
Female,53000.0
Female,2100.0
Male,100000.0
Female,10000.0
Male,12000.0
Male,100000.0
Female,50000.0
Male,54000.0
Female,177000.0
Female,52000.0
Male,30000.0
Male,70000.0
Male,52000.0
Female,34200.0
Male,8000.0
Female,100000.0
Male,15000.0
Male,13000.0
Male,86000.0
Male,100000.0
Female,35000.0
Female,20000.0
Male,44000.0
Female,40000.0
Female,118000.0
Female,87000.0
Female,13900.0
Female,76000.0
Female,32000.0
Male,40000.0
Female,59000.0
Female,26000.0
Male,42000.0
Male,55000.0
Male,145000.0
Male,25000.0
Male,260000.0
Female,80000.0
Male,80000.0
Male,80000.0
Male,15000.0
Male,20000.0
Male,56000.0
Female,80000.0
Female,2500.0
Female,29000.0
Female,20000.0
Male,22000.0
Male,59000.0
Female,70000.0
Male,48000.0
Female,66000.0
Male,70000.0
Female,100000.0
Female,55000.0
Male,30000.0
Female,2500.0
Female,56000.0
Male,20000.0
Female,75000.0
Female,60000.0
Male,70000.0
Male,24000.0
Female,50000.0
Female,52000.0
Male,15000.0
Male,52000.0
Female,7000.0
Female,89000.0
Male,30000.0
Male,45000.0
Female,50000.0
Male,36000.0
Female,25000.0
Male,71000.0
Female,1000.0
Female,23000.0
Male,45000.0
Male,60000.0
Female,25100.0
Male,20000.0
Male,115000.0
Female,9000.0
Female,120000.0
Female,122000.0
Male,215000.0
Female,25000.0
Male,55000.0
Male,105000.0
Male,20000.0
Female,50000.0
Female,2000.0
Female,23000.0
Female,124000.0
Female,130000.0
Female,150000.0
Female,37000.0
Female,10000.0
Female,420.0
Male,24000.0
Female,60000.0
Male,15000.0
Male,97000.0
Male,69000.0
Female,26000.0
Female,50000.0
Male,95000.0
Female,1500.0
Female,140000.0
Female,62000.0
Male,90000.0
Female,39400.0
Female,57000.0
Female,40000.0
Male,40000.0
Male,30000.0
Male,70000.0
Female,58000.0
Female,35800.0
Male,30000.0
Female,44000.0
Female,125000.0
Female,10800.0
Female,80000.0
Female,58000.0
Male,48000.0
Female,60000.0
Male,191000.0
Female,25000.0
Male,216000.0
Female,100000.0
Female,90000.0
Male,18000.0
Female,10000.0
Male,28400.0
Female,90000.0
Female,90000.0
Female,5500.0
Female,19700.0
Male,26000.0
Male,28800.0
Male,78000.0
Male,140000.0
Male,60000.0
Male,16000.0
Male,450.0
Female,60000.0
Female,41000.0
Female,55000.0
Female,1800.0
Female,50000.0
Female,40000.0
Female,60000.0
Female,3000.0
Male,100000.0
Male,76000.0
Female,24000.0
Male,70000.0
Male,1200.0
Female,50000.0
Female,5500.0
Female,65000.0
Male,40000.0
Male,55000.0
Male,33000.0
Male,130000.0
Male,87000.0
Male,48000.0
Male,10000.0
Male,13300.0
Female,35000.0
Female,90000.0
Female,91000.0
Male,36000.0
Female,23900.0
Female,3000.0
Male,102000.0
Female,140000.0
Female,43000.0
Male,12000.0
Female,115000.0
Female,44100.0
Female,95000.0
Male,52000.0
Female,128000.0
Male,4400.0
Male,30000.0
Male,41000.0
Male,50000.0
Male,92000.0
Female,33000.0
Male,7000.0
Male,49900.0
Male,72000.0
Male,90000.0
Male,144000.0
Male,100000.0
Female,10000.0
Female,11000.0
Male,16000.0
Male,40000.0
Female,70000.0
Male,34000.0
Male,5000.0
Male,24000.0
Female,70000.0
Female,111000.0
Female,42000.0
Male,30000.0
Male,89000.0
Male,17000.0
Male,30000.0
Female,90000.0
Male,46900.0
Female,17000.0
Male,70000.0
Male,70000.0
Female,12700.0
Male,50000.0
Female,5100.0
Female,30000.0
Female,53000.0
Male,140000.0
Female,10000.0
Female,48000.0
Male,60000.0
Female,150000.0
Male,85000.0
Male,15000.0
Male,6000.0
Male,250000.0
Female,20000.0
Male,120000.0
Female,70000.0
Female,75000.0
Female,124000.0
Male,158000.0
Female,170000.0
Male,240000.0
Male,88000.0
Female,40000.0
Male,85000.0
Female,13200.0
Female,110000.0
Male,70000.0
Female,80000.0
Female,30200.0
Male,63000.0
Male,85000.0
Male,70000.0
Female,70000.0
Female,100000.0
Male,220000.0
Male,160000.0
Female,30000.0
Male,40000.0
Female,5000.0
Female,25000.0
Female,96000.0
Female,66000.0
Female,135000.0
Male,15000.0
Male,6000.0
Female,38000.0
Male,1500.0
Female,40000.0
Female,28000.0
Male,350.0
Male,66000.0
Female,110000.0
Male,125000.0
Female,41500.0
Male,90000.0
Female,24000.0
Female,46000.0
Male,200000.0
Male,88000.0
Female,110000.0
Female,77000.0
Female,100000.0
Male,20000.0
Male,60000.0
Male,99000.0
Male,9000.0
Male,30000.0
Male,6000.0
Male,15600.0
Male,60000.0
Male,36500.0
Female,250000.0
Female,5000.0
Male,105000.0
Male,35000.0
Female,11000.0
Male,40000.0
Female,20000.0
Female,11700.0
Male,60000.0
Male,40000.0
Female,90000.0
Female,45000.0
Male,50000.0
Male,12000.0
Female,10000.0
Female,7500.0
Female,1900.0
Male,6000.0
Male,100000.0
Male,160000.0
Male,55000.0
Male,190000.0
Male,88000.0
Male,55000.0
Male,60000.0
Female,150000.0
Female,20000.0
Male,15000.0
Female,8000.0
Male,77000.0
Male,150000.0
Female,57000.0
Female,30000.0
Male,85000.0
Male,15000.0
Female,16400.0
Male,45000.0
Female,72000.0
Female,65000.0
Female,800.0
Male,132000.0
Female,170000.0
Female,25000.0
Female,75000.0
Male,162000.0
Female,100000.0
Male,21600.0
Female,60000.0
Male,45000.0
Female,36000.0
Female,60000.0
Male,54000.0
Female,16000.0
Male,150000.0
Female,250000.0
Male,95000.0
Male,26000.0
Female,66000.0
Female,140000.0
Male,170000.0
Female,40000.0
Male,40000.0
Female,159000.0
Male,20000.0
Female,200.0
Male,30000.0
Male,102000.0
Female,21000.0
Male,9000.0
Female,35000.0
Female,33000.0
Male,15000.0
Female,3000.0
Female,15000.0
Female,15800.0
Male,30700.0
Female,40000.0
Male,37400.0
Female,67000.0
Female,56000.0
Male,130000.0
Female,35000.0
Female,85000.0
Male,85000.0
Female,105000.0
Female,55000.0
Male,90000.0
Male,193000.0
Male,50000.0
Male,35000.0
Female,20000.0
Female,108000.0
Female,32000.0
Female,154000.0
Female,280000.0
Female,250000.0
Female,2800.0
Female,20000.0
Male,40900.0
Female,15000.0
Male,10000.0
Male,30000.0
Male,101000.0
Female,140000.0
Male,2800.0
Female,50000.0
Male,10000.0
Female,134000.0
Female,57000.0
Female,18000.0
Female,51000.0
Female,15000.0
Male,20000.0
Female,73000.0
Male,50000.0
Male,90000.0
Female,6000.0
Female,450.0
Male,32000.0
Female,50000.0
Female,55000.0
Female,50000.0
Male,68000.0
Female,72000.0
Male,20000.0
Female,15000.0
Female,90000.0
Male,2000.0
Male,15000.0
Male,80000.0
Female,90000.0
Male,32000.0
Male,170000.0
Female,60000.0
Female,43000.0
Male,75000.0
Female,175000.0
Female,165000.0
Male,275000.0
Female,1000.0
Male,5200.0
Male,40000.0
Male,100000.0
Female,17000.0
Female,43000.0
Male,59000.0
Female,25000.0
Female,12500.0
Male,79000.0
Male,3000.0
Female,18000.0
Female,75000.0
Female,25000.0
Male,60000.0
Female,55000.0
Male,35000.0
Male,45000.0
Male,30000.0
Male,38900.0
Female,107000.0
Female,8400.0
Male,75000.0
Male,95000.0
Female,92000.0
Male,36000.0
Female,10000.0
Male,200000.0
Female,6000.0
Female,62000.0
Male,45000.0
Male,46800.0
Male,72000.0
Male,100000.0
Male,6000.0
Male,29000.0
Female,6100.0
Male,165000.0
Female,22300.0
Female,46000.0
Male,60000.0
Female,66000.0
Male,90000.0
Female,4300.0
Female,41000.0
Female,60000.0
Female,1000.0
Female,54000.0
Female,93000.0
Male,200000.0
Female,32000.0
Male,75000.0
Female,52000.0
Female,110000.0
Female,70000.0
Male,46000.0
Female,55000.0
Male,33000.0
Male,130000.0
Female,78000.0
Female,19100.0
Female,49000.0
Male,48000.0
Male,47800.0
Male,80000.0
Female,80000.0
Female,15000.0
Female,38000.0
Female,35000.0
Female,30000.0
Female,107000.0
Female,40000.0
Male,2000.0
Female,82000.0
Female,60000.0
Male,68000.0
Male,51000.0
Male,50000.0
Male,15000.0
Male,94000.0
Female,40000.0
Female,23400.0
Male,36500.0
Male,84000.0
Male,60000.0
Female,120000.0
Female,55000.0
Male,40000.0
Female,22000.0
Male,154000.0
Female,75000.0
Male,69000.0
Female,10000.0
Female,40000.0
Female,37200.0
Female,18000.0
Male,4000.0
Female,145000.0
Male,36000.0
Female,26000.0
Female,144000.0
Female,500.0
Female,72000.0
Male,49000.0
Male,241000.0
Male,80000.0
Male,45000.0
Female,2500.0
Female,2000.0
Female,50000.0
Male,6700.0
Male,122000.0
Male,19700.0
Female,297000.0
Male,48000.0
Female,90000.0
Male,75000.0
Male,35000.0
Female,2000.0
Female,9000.0
Female,65000.0
Male,8000.0
Male,70000.0
Male,53000.0
Female,56000.0
Female,65000.0
Female,42000.0
Male,41000.0
Female,52000.0
Male,41000.0
Female,48000.0
Male,30000.0
Male,50000.0
Female,10000.0
Male,115000.0
Female,15400.0
Male,18000.0
Female,300.0
Female,50000.0
Female,53000.0
Female,17000.0
Male,30000.0
Male,9600.0
Female,80000.0
Female,6000.0
Male,35000.0
Male,75000.0
Female,23000.0
Male,20000.0
Female,6000.0
Male,60000.0
Female,49600.0
Female,8800.0
Male,55000.0
Female,80000.0
Female,62000.0
Male,4000.0
Female,7100.0
Female,5000.0
Female,45000.0
Female,700.0
Male,60000.0
Male,10000.0
Female,25000.0
Male,48000.0
Female,90000.0
Female,53000.0
Female,41200.0
Male,41000.0
Female,45000.0
Male,125000.0
Female,35000.0
Female,12000.0
Female,60000.0
Female,35500.0
Female,90000.0
Female,11000.0
Male,5000.0
Female,35000.0
Female,80000.0
Male,4400.0
Male,16000.0
Male,53000.0
Female,70000.0
Male,110000.0
Female,36000.0
Female,26300.0
Male,16000.0
Male,25200.0
Male,120000.0
Female,750.0
Female,2000.0
Male,4300.0
Female,67000.0
Female,45000.0
Female,144000.0
Female,4000.0
Female,10000.0
Female,180000.0
Male,90000.0
Male,12000.0
Female,30000.0
Male,3600.0
Female,65000.0
Female,6700.0
Female,62000.0
Female,165000.0
Female,145000.0
Male,72000.0
Female,105000.0
Male,100000.0
Female,40000.0
Female,40000.0
Male,13800.0
Female,152000.0
Female,88000.0
Male,25000.0
Male,57000.0
Female,42000.0
Female,110000.0
Male,41600.0
Male,9400.0
Female,145000.0
Female,84000.0
Female,36000.0
Female,28800.0
Female,69000.0
Male,30000.0
Male,80000.0
Male,200000.0
Male,75000.0
Male,68000.0
Female,20000.0
Female,8000.0
Female,60000.0
Male,180000.0
Male,30000.0
Male,60000.0
Male,73000.0
Male,40000.0
Male,46000.0
Male,35000.0
Female,22000.0
Male,65000.0
Male,27500.0
Female,80000.0
Male,145000.0
Male,35000.0
Female,48000.0
Male,54000.0
Male,100000.0
Female,26400.0
Female,40000.0
Female,95000.0
Male,9100.0
Female,25000.0
Female,7000.0
Female,30000.0
Male,200000.0
Male,91000.0
Male,2000.0
Female,72000.0
Female,9000.0
Female,25200.0
Female,67000.0
Male,80000.0
Female,60000.0
Male,41000.0
Male,56000.0
Female,45000.0
Female,55000.0
Female,37000.0
Female,33000.0
Male,60000.0
Female,60000.0
Male,107000.0
Female,12000.0
Female,29300.0
Female,30000.0
Male,35000.0
Female,180000.0
Male,70000.0
Female,3000.0
Female,95000.0
Male,115000.0
Male,27000.0
Male,226000.0
Female,30000.0
Female,10000.0
Female,77000.0
Female,183000.0
Female,42000.0
Female,12100.0
Male,54000.0
Male,32000.0
Female,40000.0
Male,120000.0
Male,130000.0
Female,25200.0
Female,5600.0
Female,150000.0
Male,75000.0
Female,56000.0
Female,10000.0
Female,30000.0
Male,26000.0
Male,52000.0
Male,34000.0
Male,50000.0
Male,30000.0
Male,60000.0
Male,36000.0
Male,60000.0
Male,125000.0
Female,51000.0
Male,48000.0
Male,96000.0
Female,20000.0
Female,20000.0
Female,45000.0
Female,21000.0
Female,50000.0
Female,45000.0
Female,14200.0
Male,80000.0
Male,59000.0
Female,31800.0
Female,30000.0
Female,55000.0
Female,250000.0
Female,70000.0
Male,80000.0
Female,42000.0
Female,115000.0
Male,4000.0
Female,120000.0
Male,2800.0
Female,35300.0
Female,65000.0
Female,45000.0
Female,80000.0
Male,15000.0
Male,51000.0
Female,30000.0
Male,65000.0
Male,56000.0
Male,30000.0
Male,67000.0
Female,95000.0
Male,25000.0
Male,120000.0
Male,14000.0
Male,60000.0
Female,2100.0
Male,38000.0
Male,12000.0
Male,190000.0
Male,63000.0
Male,26000.0
Male,30000.0
Male,11000.0
Male,235000.0
Female,600.0
Male,120000.0
Female,25000.0
Male,42000.0
Male,68000.0
Female,45500.0
Female,75000.0
Female,2000.0
Male,36000.0
Male,28000.0
Male,32000.0
Female,30000.0
Female,30000.0
Female,35000.0
Female,5700.0
Male,40000.0
Female,150000.0
Male,34000.0
Female,100000.0
Female,39000.0
Male,20400.0
Female,40000.0
Male,153000.0
Female,47000.0
Male,75000.0
Male,63000.0
Female,52000.0
Male,30000.0
Female,48000.0
Female,17000.0
Female,23000.0
Female,50000.0
Female,50000.0
Female,18300.0
Female,35400.0
Female,2800.0
Male,3500.0
Male,75000.0
Male,44700.0
Female,50000.0
Male,20000.0
Female,190000.0
Male,60000.0
Male,60000.0
Female,7200.0
Female,45000.0
Female,75000.0
Female,65000.0
Female,7200.0
Female,60000.0
Male,56000.0
Female,1200.0
Male,100000.0
Female,75000.0
Male,80000.0
Female,35000.0
Female,35000.0
Female,8000.0
Male,8000.0
Male,94000.0
Female,39800.0
Male,76000.0
Female,43800.0
Male,67000.0
Female,56000.0
Female,52000.0
Male,28000.0
Male,32000.0
Female,135000.0
Male,250000.0
Male,44000.0
Female,15000.0
Male,60000.0
Female,55000.0
Female,25000.0
Male,98000.0
Female,5000.0
Female,25000.0
Female,145000.0
Female,30000.0
Female,43000.0
Female,10000.0
Male,35000.0
Male,167000.0
Female,48000.0
Male,80000.0
Male,62000.0
Female,8000.0
Female,39000.0
Female,80000.0
Male,50000.0
Female,160000.0
Male,5600.0
Male,24700.0
Female,165000.0
Male,188000.0
Male,33000.0
Female,18700.0
Male,98000.0
Female,15000.0
Female,40000.0
Female,45000.0
Female,5000.0
Male,59000.0
Female,15100.0
Female,50000.0
Male,86000.0
Male,61000.0
Female,30000.0
Female,20800.0
Male,6900.0
Female,13900.0
Female,6000.0
Male,2000.0
Male,20000.0
Male,225000.0
Male,25000.0
Male,60000.0
Male,9300.0
Male,50000.0
Male,30000.0
Male,68000.0
Male,38000.0
Female,20000.0
Male,100000.0
Male,120000.0
Female,88000.0
Male,41900.0
Female,35000.0
Male,100000.0
Male,40000.0
Male,120000.0
Female,20000.0
Male,71000.0
Female,19000.0
Male,85000.0
Female,20000.0
Male,67000.0
Female,20000.0
Female,65000.0
Female,56000.0
Female,12000.0
Female,135000.0
Female,6000.0
Male,27700.0
Male,35000.0
Female,2400.0
Male,50000.0
Male,22000.0
Male,38000.0
Male,35000.0
Female,8000.0
Male,235000.0
Female,60000.0
Female,50000.0
Male,140000.0
Female,105000.0
Female,36000.0
Female,23000.0
Female,26000.0
Female,1600.0
Male,55000.0
Female,6000.0
Female,130000.0
Male,111000.0
Female,40000.0
Male,68000.0
Male,3000.0
Female,80000.0
Female,21400.0
Male,60000.0
Female,30000.0
Female,8000.0
Male,128000.0
Male,40000.0
Male,300000.0
Male,158000.0
Male,15000.0
Male,12000.0
Male,25000.0
Male,120000.0
Male,125000.0
Male,22000.0
Male,120000.0
Male,195000.0
Female,6500.0
Female,30000.0
Female,60000.0
Male,70000.0
Male,100000.0
Male,280000.0
Female,35000.0
Female,55000.0
Male,100000.0
Male,48000.0
Male,16000.0
Male,95000.0
Male,55000.0
Female,35100.0
Male,35000.0
Male,208000.0
Male,6700.0
Female,36000.0
Male,8000.0
Male,70000.0
Female,30000.0
Female,22500.0
Female,60000.0
Female,44000.0
Female,128000.0
Male,120000.0
Female,20000.0
Male,80000.0
Female,30800.0
Male,30000.0
Male,95000.0
Female,155000.0
Male,120000.0
Male,45000.0
Female,33300.0
Male,45000.0
Female,61000.0
Male,44000.0
Female,13000.0
Female,30000.0
Male,50000.0
Male,65000.0
Female,130000.0
Male,30000.0
Male,1900.0
Female,45600.0
Male,180000.0
Female,140000.0
Female,160000.0
Female,72000.0
Female,39000.0
Female,18000.0
Male,60000.0
Male,3000.0
Female,40000.0
Female,110000.0
Female,19900.0
Male,4000.0
Female,73000.0
Male,40000.0
Male,150000.0
Female,18200.0
Male,65000.0
Female,470.0
Male,13000.0
Female,64000.0
Male,160000.0
Female,32000.0
Female,50000.0
Female,37900.0
Female,33300.0
Female,75000.0
Male,22500.0
Male,125000.0
Male,60000.0
Female,63000.0
Male,45000.0
Female,18000.0
Female,12000.0
Female,980.0
Female,50000.0
Male,170000.0
Male,75000.0
Male,124000.0
Male,30000.0
Female,28000.0
Male,100000.0
Male,98000.0
Male,95000.0
Male,62000.0
Male,45000.0
Female,68000.0
Female,37000.0
Male,115000.0
Female,156000.0
Female,73000.0
Male,65000.0
Male,20000.0
Male,87000.0
Male,40000.0
Female,25700.0
Male,140000.0
Female,11800.0
Male,13000.0
Male,60000.0
Male,250000.0
Male,33600.0
Female,57000.0
Female,65000.0
Female,22500.0
Female,50000.0
Female,101000.0
Male,78000.0
Female,21600.0
Male,52000.0
Female,30000.0
Male,25000.0
Male,25000.0
Female,200000.0
Male,191000.0
Female,55000.0
Male,63000.0
Female,65000.0
Male,37000.0
Female,120000.0
Female,168000.0
Female,15000.0
Female,50000.0
Female,75000.0
Female,48000.0
Female,35000.0
Female,18000.0
Female,38000.0
Female,27300.0
Female,36000.0
Female,22500.0
Male,17000.0
Female,39000.0
Male,95000.0
Male,130000.0
Female,220000.0
Female,50000.0
Male,34000.0
Male,50000.0
Female,280000.0
Male,50000.0
Male,100000.0
Male,20000.0
Female,45000.0
Female,105000.0
Male,15000.0
Female,48000.0
Female,80000.0
Female,900.0
Male,80000.0
Male,4000.0
Female,84000.0
Female,27500.0
Female,235000.0
Female,70000.0
Female,6000.0
Male,45000.0
Female,48000.0
Male,50000.0
Female,60000.0
Male,4000.0
Female,50000.0
Female,2500.0
Male,44400.0
Male,5000.0
Female,115000.0
Female,4000.0
Male,87000.0
Male,124000.0
Female,300000.0
Female,15000.0
Female,52000.0
Male,117000.0
Male,67000.0
Male,10800.0
Female,7200.0
Male,115000.0
Female,72000.0
Male,78000.0
Female,40000.0
Male,75000.0
Female,74000.0
Female,35000.0
Female,200000.0
Male,80000.0
Male,101000.0
Male,35000.0
Female,43700.0
Female,8300.0
Male,18000.0
Female,40000.0
Female,53000.0
Male,34000.0
Female,59000.0
Female,24000.0
Female,55000.0
Female,68000.0
Male,225000.0
Male,3000.0
Male,100000.0
Male,6000.0
Male,56000.0
Female,13000.0
Female,40000.0
Male,59000.0
Female,10000.0
Female,52000.0
Male,57000.0
Male,66000.0
Male,51000.0
Female,5800.0
Male,11500.0
Male,61000.0
Female,56000.0
Male,50000.0
Male,81000.0
Male,65000.0
Male,150000.0
Female,10000.0
Female,57000.0
Female,90000.0
Female,70000.0
Male,129000.0
Male,85000.0
Male,60000.0
Female,23000.0
Male,24800.0
Female,11000.0
Male,188000.0
Male,18200.0
Female,140000.0
Female,24000.0
Female,20000.0
Male,26500.0
Male,5000.0
Male,30000.0
Male,48000.0
Male,64000.0
Female,69000.0
Female,64000.0
Female,51000.0
Female,38000.0
Female,26000.0
Male,11400.0
Male,53000.0
Male,90000.0
Male,65000.0
Female,47900.0
Female,60000.0
Male,34000.0
Female,50000.0
Male,120000.0
Female,10000.0
Male,85000.0
Male,27200.0
Female,26000.0
Female,50000.0
Female,43000.0
Female,26000.0
Male,20000.0
Female,55000.0
Female,4000.0
Female,160000.0
Male,30000.0
Female,2000.0
Female,15000.0
Female,67000.0
Female,20400.0
Male,40000.0
Female,65000.0
Female,32800.0
Female,30000.0
Female,32500.0
Male,65000.0
Female,60000.0
Female,40000.0
Female,44000.0
Male,35000.0
Female,125000.0
Female,65000.0
Male,43000.0
Female,1800.0
Female,45600.0
Female,49400.0
Male,152000.0
Female,40000.0
Male,160000.0
Male,3000.0
Female,35000.0
Female,25000.0
Male,120000.0
Female,10000.0
Male,25000.0
Male,100000.0
Female,27000.0
Male,72000.0
Female,80000.0
Female,92000.0
Female,1300.0
Female,9100.0
Male,55000.0
Female,25000.0
Female,71000.0
Male,120000.0
Male,59000.0
Male,41300.0
Male,45000.0
Male,300000.0
Male,12000.0
Female,120000.0
Female,60000.0
Male,25000.0
Female,103000.0
Female,35000.0
Male,60000.0
Male,112000.0
Female,5000.0
Female,17500.0
Female,42900.0
Male,65000.0
Female,30000.0
Male,150000.0
Male,180000.0
Female,153000.0
Female,58000.0
Male,110000.0
Female,42000.0
Male,40000.0
Female,53000.0
Male,37000.0
Female,98000.0
Male,2000.0
Female,80000.0
Male,131000.0
Male,87000.0
Female,74000.0
Male,24000.0
Male,160000.0
Male,30000.0
Male,44900.0
Male,61000.0
Female,160000.0
Female,13000.0
Male,36000.0
Male,20000.0
Female,32000.0
Female,40000.0
Male,20000.0
Male,10000.0
Female,15000.0
Male,56000.0
Female,300000.0
Female,34000.0
Female,20000.0
Female,100000.0
Male,21000.0
Female,120000.0
Male,30000.0
Male,120000.0
Male,36000.0
Male,50000.0
Male,50000.0
Female,35000.0
Female,185000.0
Male,85000.0
Male,120000.0
Female,87000.0
Male,35000.0
Male,110000.0
Male,85000.0
Male,36000.0
Female,25000.0
Female,14000.0
Male,40000.0
Male,150000.0
Female,30000.0
Female,60000.0
Male,49500.0
Female,81000.0
Female,24000.0
Male,10000.0
Male,5000.0
Female,14000.0
Male,40000.0
Male,82000.0
Female,20000.0
Male,78000.0
Female,46000.0
Male,135000.0
Female,22000.0
Female,3300.0
Female,35000.0
Male,48000.0
Male,12000.0
Female,60000.0
Female,7300.0
Male,63000.0
Male,155000.0
Female,55000.0
Male,108000.0
Male,130000.0
Female,8000.0
Male,100000.0
Female,120000.0
Male,77000.0
Female,82000.0
Female,21000.0
Male,20000.0
Female,70000.0
Male,102000.0
Female,13400.0
Male,100000.0
Male,65000.0
Male,75000.0
Male,50000.0
Male,90000.0
Female,20000.0
Female,30000.0
Male,15000.0
Female,92000.0
Female,40000.0
Male,26300.0
Male,40000.0
Male,50000.0
Female,78000.0
Female,70000.0
Female,79000.0
Male,86000.0
Female,43800.0
Female,79000.0
Male,58000.0
Female,30000.0
Female,65000.0
Male,79000.0
Female,6300.0
Male,70000.0
Male,90000.0
Male,87000.0
Male,10500.0
Female,95000.0
Male,42000.0
Male,22200.0
Female,45000.0
Male,156000.0
Male,58000.0
Male,12000.0
Male,120000.0
Female,40100.0
Male,110000.0
Female,60000.0
Male,42000.0
Female,75000.0
Male,50000.0
Female,60000.0
Female,40000.0
Male,36100.0
Female,55000.0
Female,33000.0
Female,80000.0
Female,50000.0
Male,1800.0
Male,49000.0
Male,300000.0
Male,111000.0
Male,50000.0
Male,240000.0
Male,100000.0
Female,13200.0
Male,35000.0
Male,32100.0
Female,58000.0
Male,104000.0
Female,20000.0
Male,220000.0
Male,85000.0
Female,200000.0
Male,85000.0
Female,11400.0
Male,80000.0
Female,128000.0
Female,45000.0
Male,3500.0
Male,120000.0
Male,250000.0
Female,70000.0
Female,78000.0
Male,104000.0
Male,40000.0
Male,300000.0
Male,45000.0
Male,63000.0
Male,7000.0
Male,70000.0
Male,55000.0
Female,15000.0
Female,160000.0
Male,12000.0
Male,42000.0
Female,22000.0
Male,45000.0
Female,14300.0
Male,43000.0
Female,17500.0
Female,60000.0
Female,111000.0
Male,92000.0
Male,85000.0
Male,69000.0
Male,170000.0
Female,4900.0
Female,36000.0
Female,280000.0
Male,160000.0
Female,45000.0
Female,25000.0
Male,53000.0
Female,50000.0
Male,139000.0
Female,4000.0
Male,30000.0
Male,200000.0
Female,50000.0
Female,75000.0
Male,80000.0
Female,64000.0
Female,60000.0
Female,65000.0
Male,59000.0
Male,300000.0
Male,1200.0
Female,63000.0
Female,65000.0
Female,120000.0
Female,42000.0
Male,70000.0
Male,53000.0
Female,6800.0
Male,20000.0
Female,100000.0
Female,18000.0
Male,50000.0
Female,48800.0
Male,8000.0
Female,70000.0
Male,57000.0
Male,25000.0
Female,49500.0
Male,35000.0
Female,45000.0
Male,7000.0
Male,43000.0
Female,100000.0
Female,92000.0
Male,52000.0
Female,70000.0
Male,75000.0
Male,63000.0
Female,40000.0
Female,30000.0
Male,80000.0
Female,70000.0
Male,120000.0
Male,12000.0
Female,11000.0
Male,30000.0
Female,40000.0
Male,176000.0
Male,10000.0
Female,42000.0
Male,75000.0
Female,44000.0
Male,50000.0
Male,58000.0
Male,135000.0
Male,130000.0
Female,35000.0
Male,78000.0
Male,22400.0
Female,40000.0
Male,16800.0
Male,86000.0
Male,65000.0
Male,43000.0
Female,18000.0
Male,105000.0
Female,9400.0
Female,40000.0
Male,60000.0
Male,25000.0
Male,168000.0
Female,4200.0
Male,6500.0
Male,60000.0
Male,76000.0
Male,130000.0
Female,65000.0
Female,150000.0
Male,36000.0
Male,80000.0
Female,135000.0
Female,32000.0
Male,6500.0
Male,9100.0
Male,70000.0
Male,35000.0
Female,30000.0
Male,47000.0
Female,26000.0
Male,50000.0
Female,33000.0
Male,140000.0
Male,80000.0
Male,30000.0
Male,135000.0
Female,94000.0
Male,45000.0
Female,7000.0
Female,300000.0
Male,80000.0
Female,75000.0
Male,173000.0
Female,20000.0
Male,145000.0
Female,47500.0
Male,29200.0
Male,55000.0
Female,12000.0
Male,80000.0
Female,140000.0
Male,36000.0
Female,24000.0
Male,57000.0
Male,48000.0
Male,37400.0
Female,50000.0
Female,150000.0
Female,44000.0
Male,100000.0
Female,50000.0
Male,30000.0
Female,95000.0
Male,35000.0
Male,92000.0
Male,100000.0
Female,3000.0
Female,50000.0
Male,5000.0
Female,56000.0
Male,23000.0
Male,42000.0
Female,40000.0
Male,65000.0
Male,120000.0
Male,30000.0
Male,32500.0
Female,36000.0
Male,1300.0
Male,75000.0
Male,77000.0
Female,3600.0
Female,65000.0
Male,1400.0
Male,38000.0
Female,28000.0
Female,50000.0
Male,36000.0
Female,41600.0
Male,9200.0
Male,20000.0
Male,55000.0
Female,68000.0
Female,150000.0
Male,300000.0
Female,100000.0
Male,63000.0
Female,15000.0
Female,55000.0
Male,46300.0
Male,60000.0
Female,40000.0
Female,12000.0
Female,50000.0
Male,30000.0
Male,31000.0
Female,150000.0
Male,40000.0
Male,170000.0
Female,3300.0
Female,75000.0
Female,30000.0
Female,60000.0
Male,48000.0
Female,56000.0
Female,110.0
Male,52000.0
Female,22900.0
Male,55000.0
Male,30000.0
Female,85000.0
Male,36100.0
Male,275000.0
Male,153000.0
Male,35000.0
Female,7100.0
Male,50000.0
Male,35000.0
Female,12000.0
Male,230.0
Female,60000.0
Male,74000.0
Male,50000.0
Female,48000.0
Male,80000.0
Male,1000.0
Male,38400.0
Male,80000.0
Male,104000.0
Female,4000.0
Female,101000.0
Female,63000.0
Male,20000.0
Male,23900.0
Female,90000.0
Male,40000.0
Female,60000.0
Female,135000.0
Female,90000.0
Male,43000.0
Female,160000.0
Male,130000.0
Female,30000.0
Male,50000.0
Female,91000.0
Female,32000.0
Male,10800.0
Male,33000.0
Male,95000.0
Male,36000.0
Male,67000.0
Male,30000.0
Female,9000.0
Female,100000.0
Female,29000.0
Male,70000.0
Female,2000.0
Female,80000.0
Male,50000.0
Male,44000.0
Female,50.0
Male,63000.0
Male,88000.0
Male,71000.0
Female,66000.0
Female,11000.0
Male,70.0
Male,200000.0
Female,50000.0
Male,24800.0
Female,1000.0
Female,40000.0
Male,98000.0
Male,45000.0
Male,12000.0
Female,160000.0
Female,36000.0
Female,96000.0
Female,90000.0
Male,120000.0
Female,34000.0
Female,80000.0
Female,30000.0
Female,40000.0
Female,23000.0
Female,9000.0
Female,106000.0
Female,68000.0
Female,65000.0
Male,21000.0
Female,50000.0
Male,120000.0
Female,24000.0
Male,150000.0
Female,85000.0
Male,200000.0
Female,64000.0
Male,140000.0
Female,2000.0
Male,10000.0
Male,20000.0
Female,24000.0
Female,240000.0
Female,70000.0
Male,44500.0
Female,300000.0
Female,38000.0
Male,150000.0
Male,65000.0
Female,175000.0
Female,41600.0
Female,138000.0
Male,7000.0
Male,200000.0
Male,45000.0
Female,16000.0
Male,20500.0
Female,145000.0
Male,160000.0
Female,41400.0
Male,140000.0
Female,89000.0
Female,77000.0
Male,95000.0
Male,12000.0
Male,32000.0
Female,17000.0
Male,250000.0
Male,56000.0
Male,230000.0
Male,140000.0
Female,400.0
Female,10000.0
Male,4000.0
Female,35000.0
Male,5000.0
Female,600.0
Male,60000.0
Female,30000.0
Male,90000.0
Female,10400.0
Male,40000.0
Male,62000.0
Female,150000.0
Male,68000.0
Female,30000.0
Female,19700.0
Female,13200.0
Male,25000.0
Male,45000.0
Male,30000.0
Female,5000.0
Male,100000.0
Male,2000.0
Male,25000.0
Female,50000.0
Female,74000.0
Male,77000.0
Female,68000.0
Male,2000.0
Female,115000.0
Male,30000.0
Male,79000.0
Female,3000.0
Female,65000.0
Male,53000.0
Male,91000.0
Female,52000.0
Female,51000.0
Female,60000.0
Male,152000.0
Male,6700.0
Female,150000.0
Female,120000.0
Male,160000.0
Male,35000.0
Female,1200.0
Female,55000.0
Male,110000.0
Male,36000.0
Female,66000.0
Female,44000.0
Male,50000.0
Male,50000.0
Male,26900.0
Female,12000.0
Male,86000.0
Male,57000.0
Female,50000.0
Male,35000.0
Female,113000.0
Female,11000.0
Female,25200.0
Male,57000.0
Male,41400.0
Male,30000.0
Male,100000.0
Male,143000.0
Female,75000.0
Male,49000.0
Male,18000.0
Female,78000.0
Female,3000.0
Female,50000.0
Male,71000.0
Female,30000.0
Male,60000.0
Female,250.0
Female,1600.0
Female,8400.0
Male,75000.0
Female,44000.0
Female,42600.0
Male,160000.0
Male,60000.0
Female,120000.0
Male,65000.0
Female,50000.0
Male,38000.0
Male,6000.0
Female,60000.0
Male,100000.0
Male,39000.0
Female,80000.0
Female,138000.0
Male,28000.0
Male,36000.0
Male,155000.0
Female,78000.0
Female,40000.0
Male,60000.0
Male,38000.0
Male,20000.0
Female,70000.0
Female,84000.0
Female,35000.0
Female,56000.0
Female,109000.0
Female,25000.0
Male,7500.0
Male,15000.0
Male,75000.0
Male,102000.0
Male,70000.0
Male,88000.0
Female,14000.0
Female,250000.0
Female,135000.0
Male,35000.0
Male,75000.0
Male,60000.0
Female,26000.0
Female,131000.0
Female,90000.0
Male,32000.0
Male,62000.0
Male,50000.0
Male,200000.0
Female,225000.0
Female,26000.0
Male,43800.0
Female,110000.0
Male,36000.0
Male,24000.0
Male,30000.0
Male,129000.0
Female,26500.0
Female,6800.0
Female,36000.0
Male,39000.0
Female,53000.0
Male,60000.0
Male,150000.0
Female,11500.0
Female,54000.0
Male,40500.0
Female,39400.0
Female,20000.0
Female,24000.0
Female,57000.0
Female,2700.0
Female,50000.0
Male,15000.0
Male,27100.0
Male,50000.0
Female,135000.0
Female,11300.0
Male,15000.0
Female,35000.0
Male,120000.0
Female,55000.0
Female,10000.0
Female,30000.0
Female,16000.0
Male,42000.0
Female,70000.0
Male,150000.0
Male,35000.0
Male,150000.0
Male,30000.0
Female,35000.0
Male,10000.0
Male,22800.0
Male,41600.0
Female,100000.0
Female,54000.0
Male,22500.0
Female,28500.0
Male,53000.0
Female,60000.0
Female,37000.0
Female,43000.0
Female,120000.0
Female,10800.0
Female,30000.0
Male,14900.0
Male,51000.0
Female,53000.0
Female,40000.0
Female,46000.0
Female,42000.0
Male,34000.0
Female,1800.0
Male,60000.0
Female,6600.0
Female,60000.0
Male,155000.0
Female,65000.0
Male,35000.0
Male,80000.0
Male,69000.0
Male,100000.0
Female,97000.0
Male,85000.0
Male,55000.0
Female,3400.0
Male,16000.0
Female,13000.0
Male,22100.0
Female,74000.0
Female,27000.0
Female,70000.0
Male,66000.0
Male,79000.0
Male,58000.0
Male,12000.0
Female,20.0
Female,6000.0
Male,116000.0
Male,77000.0
Male,60000.0
Female,100000.0
Male,25000.0
Male,5400.0
Male,6000.0
Male,65000.0
Female,30000.0
Female,50000.0
Female,100000.0
Male,240000.0
Female,35000.0
Female,100000.0
Male,23000.0
Female,110000.0
Female,126000.0
Female,65000.0
Male,80000.0
Male,112000.0
Female,27000.0
Female,37000.0
Male,60000.0
Male,50000.0
Male,31200.0
Male,42000.0
Male,40000.0
Male,70000.0
Female,24000.0
Male,60000.0
Male,10500.0
Male,90000.0
Male,25000.0
Female,78000.0
Female,64000.0
Female,47000.0
Male,82000.0
Female,34000.0
Male,25000.0
Female,60000.0
Male,135000.0
Male,52000.0
Male,90000.0
Female,75000.0
Female,50000.0
Female,30000.0
Female,52000.0
Female,42300.0
Male,60000.0
Male,37000.0
Male,110000.0
Male,70000.0
Female,24000.0
Female,600.0
Male,140000.0
Female,35700.0
Male,12000.0
Male,40000.0
Female,87000.0
Male,9000.0
Male,39300.0
Female,8400.0
Female,65000.0
Male,50000.0
Female,60000.0
Female,163000.0
Female,100000.0
Male,60000.0
Male,242000.0
Female,25000.0
Female,30000.0
Female,114000.0
Male,107000.0
Male,32000.0
Female,70000.0
Female,6000.0
Female,12600.0
Male,120000.0
Male,40000.0
Male,70000.0
Male,147000.0
Male,50000.0
Male,30000.0
Female,200000.0
Female,12000.0
Male,4000.0
Male,147000.0
Female,20000.0
Male,120000.0
Female,55000.0
Male,17800.0
Male,115000.0
Male,40000.0
Male,15000.0
Male,41000.0
Female,14400.0
Male,130000.0
Male,2000.0
Female,10000.0
Female,60000.0
Female,52000.0
Female,70000.0
Male,200000.0
Female,56000.0
Female,66000.0
Male,80000.0
Male,22000.0
Male,110000.0
Female,87000.0
Male,22000.0
Male,59000.0
Female,40000.0
Female,86000.0
Female,70000.0
Male,100000.0
Female,90000.0
Female,85000.0
Male,50000.0
Male,50000.0
Male,155000.0
Female,45000.0
Male,90000.0
Male,2000.0
Female,60000.0
Male,18000.0
Male,120000.0
Female,40000.0
Female,60000.0
Female,90000.0
Male,50000.0
Male,90000.0
Male,80000.0
Female,24000.0
Female,46200.0
Female,110000.0
Male,25000.0
Male,95000.0
Male,43000.0
Male,105000.0
Male,55000.0
Female,50000.0
Female,130000.0
Male,120000.0
Male,82000.0
Male,1000.0
Male,70000.0
Female,150000.0
Male,55000.0
Female,2000.0
Female,20000.0
Female,55000.0
Male,153000.0
Male,140000.0
Male,30000.0
Female,42000.0
Male,33000.0
Male,3000.0
Male,32000.0
Female,25000.0
Female,60000.0
Female,68000.0
Male,20000.0
Female,6000.0
Male,250000.0
Female,55000.0
Female,38000.0
Female,300000.0
Male,10200.0
Female,28800.0
Female,40000.0
Male,71000.0
Female,65000.0
Male,60000.0
Male,88000.0
Male,2300.0
Male,200000.0
Male,50000.0
Male,57000.0
Male,30000.0
Female,90000.0
Male,104000.0
Male,136000.0
Female,40000.0
Male,18000.0
Male,117000.0
Male,6000.0
Female,45000.0
Female,140000.0
Male,50000.0
Male,22000.0
Female,32300.0
Female,9000.0
Female,62000.0
Male,175000.0
Male,80000.0
Female,17100.0
Male,96000.0
Female,105000.0
Female,4000.0
Male,10000.0
Male,65000.0
Male,40000.0
Male,40000.0
Male,80000.0
Male,6000.0
Female,13000.0
Male,55000.0
Male,49500.0
Female,51000.0
Male,121000.0
Male,156000.0
Male,5000.0
Female,60000.0
Male,170000.0
Female,100000.0
Male,40000.0
Female,4000.0
Male,50000.0
Male,15000.0
Male,24700.0
Male,120000.0
Male,60000.0
Male,82000.0
Female,100000.0
Male,35000.0
Male,60000.0
Female,36200.0
Male,6000.0
Female,101000.0
Female,69000.0
Male,18000.0
Female,34000.0
Male,38300.0
Male,24500.0
Female,141000.0
Female,22000.0
Male,8400.0
Female,6500.0
Male,58000.0
Male,40000.0
Female,40000.0
Female,6800.0
Male,135000.0
Female,42000.0
Male,65000.0
Male,24000.0
Female,200000.0
Male,200.0
Female,20000.0
Female,38000.0
Female,120000.0
Female,15000.0
Male,4000.0
Male,29000.0
Female,90000.0
Female,75000.0
Female,30000.0
Male,140000.0
Female,50000.0
Male,40000.0
Male,39400.0
Female,14000.0
Male,170000.0
Female,100000.0
Male,160000.0
Male,137000.0
Female,105000.0
Male,30000.0
Female,20000.0
Male,67000.0
Female,20000.0
Female,3000.0
Male,100000.0
Male,35000.0
Male,38300.0
Female,38000.0
Female,130000.0
Female,38000.0
Female,50000.0
Female,30000.0
Male,103000.0
Male,100000.0
Female,41000.0
Female,7000.0
Male,63000.0
Male,45000.0
Male,135000.0
Male,60000.0
Male,15000.0
Male,90000.0
Female,45000.0
Female,30000.0
Male,99000.0
Male,109000.0
Female,70000.0
Female,10000.0
Female,54000.0
Female,31000.0
Male,280000.0
Male,65000.0
Male,40000.0
Female,50000.0
Female,98000.0
Male,132000.0
Female,3400.0
Female,40000.0
Male,300000.0
Female,22000.0
Female,48000.0
Male,125000.0
Male,120000.0
Female,70000.0
Male,33000.0
Female,70000.0
Female,62000.0
Female,60000.0
Male,80000.0
Female,5000.0
Male,38000.0
Female,18000.0
Male,85000.0
Male,5300.0
Male,26000.0
Female,17500.0
Female,10000.0
Female,55000.0
Female,50000.0
Male,50000.0
Male,27300.0
Female,65000.0
Male,20000.0
Female,72000.0
Male,60000.0
Male,40000.0
Male,5400.0
Female,36000.0
Female,7000.0
Female,50000.0
Female,44800.0
Male,10000.0
Female,15600.0
Female,7000.0
Female,75000.0
Female,73000.0
Female,104000.0
Male,60000.0
Male,250000.0
Male,75000.0
Male,16700.0
Female,1600.0
Male,19500.0
Female,3000.0
Male,15000.0
Male,38200.0
Male,166000.0
Female,14400.0
Male,40000.0
Female,700.0
Female,30000.0
Male,27000.0
Male,88000.0
Female,7000.0
Male,180000.0
Male,90000.0
Female,22200.0
Male,54000.0
Male,1400.0
Female,61000.0
Female,89000.0
Male,65000.0
Male,20000.0
Male,37400.0
Female,36000.0
Female,21000.0
Male,21000.0
Male,40000.0
Male,1700.0
Male,10000.0
Female,20200.0
Male,70000.0
Female,120000.0
Female,24000.0
Male,156000.0
Female,37700.0
Male,35000.0
Male,43000.0
Male,40000.0
Male,150000.0
Male,150000.0
Male,72000.0
Female,80000.0
Female,90000.0
Male,295000.0
Male,55000.0
Male,40000.0
Female,36000.0
Female,60000.0
Female,70000.0
Male,72000.0
Male,80000.0
Male,130000.0
Male,24000.0
Female,3000.0
Female,1800.0
Male,300000.0
Female,38000.0
Female,3600.0
Female,100000.0
Female,36000.0
Male,8000.0
Male,108000.0
Female,12800.0
Male,16000.0
Female,74000.0
Female,45000.0
Male,42000.0
Female,50000.0
Male,100000.0
Male,50000.0
Female,12000.0
Male,22000.0
Male,80000.0
Male,170000.0
Male,142000.0
Male,48000.0
Male,10000.0
Female,50000.0
Female,16000.0
Male,67000.0
Female,40000.0
Female,32200.0
Female,150000.0
Female,22000.0
Male,20000.0
Female,46000.0
Female,2500.0
Male,118000.0
Male,30000.0
Female,35000.0
Female,300000.0
Female,32000.0
Male,60000.0
Male,110000.0
Female,82000.0
Female,27100.0
Female,300000.0
Female,40000.0
Female,9000.0
Female,13000.0
Male,240000.0
Male,80000.0
Male,39000.0
Female,12000.0
Male,36000.0
Female,120000.0
Male,7300.0
Male,6000.0
Male,82000.0
Male,54000.0
Female,23200.0
Female,1500.0
Male,43000.0
Male,76000.0
Female,65000.0
Male,50000.0
Female,56000.0
Female,35000.0
Male,160000.0
Female,9000.0
Male,10400.0
Male,72000.0
Male,53000.0
Female,12000.0
Male,102000.0
Male,33500.0
Female,33000.0
Female,24500.0
Female,47000.0
Male,18000.0
Female,47500.0
Female,130000.0
Female,4500.0
Male,30000.0
Female,20000.0
Female,3800.0
Male,41900.0
Female,45000.0
Female,17900.0
Female,47000.0
Female,80000.0
Male,41000.0
Female,5000.0
Female,48000.0
Male,65000.0
Male,40000.0
Female,37000.0
Female,20000.0
Male,50000.0
Female,35000.0
Male,90000.0
Male,35000.0
Male,40000.0
Female,60000.0
Female,35000.0
Male,52000.0
Male,123000.0
Male,98000.0
Male,40000.0
Female,21600.0
Male,73000.0
Male,154000.0
Male,10000.0
Female,23000.0
Male,65000.0
Male,30000.0
Female,23600.0
Male,10000.0
Male,180000.0
Female,130000.0
Female,60000.0
Female,45000.0
Male,59000.0
Male,276000.0
Female,75000.0
Female,40000.0
Female,250.0
Female,55000.0
Male,7000.0
Female,20000.0
Male,40000.0
Male,185000.0
Female,34000.0
Male,35000.0
Male,144000.0
Male,28900.0
Female,120000.0
Female,10300.0
Female,36800.0
Male,6000.0
Male,100000.0
Male,7000.0
Male,90000.0
Female,34000.0
Male,69000.0
Male,45000.0
Male,27000.0
Male,157000.0
Female,30000.0
Male,16800.0
Female,25000.0
Female,35000.0
Female,86000.0
Male,16300.0
Female,34000.0
Male,4500.0
Male,24000.0
Female,80000.0
Male,26700.0
Female,33600.0
Male,10000.0
Male,62000.0
Male,53000.0
Male,9600.0
Female,70000.0
Male,230000.0
Female,52000.0
Female,60000.0
Female,39000.0
Male,28300.0
Female,18300.0
Male,145000.0
Female,71000.0
Male,191000.0
Female,99000.0
Male,50000.0
Female,90000.0
Female,50000.0
Male,20000.0
Male,2000.0
Female,22500.0
Male,30000.0
Male,15000.0
Female,8000.0
Male,80000.0
Male,60000.0
Female,45000.0
Male,30000.0
Female,1000.0
Female,50000.0
Male,38000.0
Male,80000.0
Female,243000.0
Female,50000.0
Female,75000.0
Female,4000.0
Male,285000.0
Male,41000.0
Female,28000.0
Female,95000.0
Female,60000.0
Male,68000.0
Male,63000.0
Male,4800.0
Female,30000.0
Female,2400.0
Female,82000.0
Female,40100.0
Male,90000.0
Male,75000.0
Male,32000.0
Female,13000.0
Female,90000.0
Male,90000.0
Male,140000.0
Female,52000.0
Male,22000.0
Male,32000.0
Male,86000.0
Male,64000.0
Male,52000.0
Female,36000.0
Male,100000.0
Female,32000.0
Female,60000.0
Female,56000.0
Male,60000.0
Female,10800.0
Female,98000.0
Female,35000.0
Female,30000.0
Male,14400.0
Female,48000.0
Female,44000.0
Male,6000.0
Female,10000.0
Male,45000.0
Female,38500.0
Female,35000.0
Female,40000.0
Female,54000.0
Male,41600.0
Female,11000.0
Female,107000.0
Male,97000.0
Male,55000.0
Male,51000.0
Female,34000.0
Male,38000.0
Male,60000.0
Male,12300.0
Female,16000.0
Male,83000.0
Male,155000.0
Male,40000.0
Female,80000.0
Female,28900.0
Male,80000.0
Female,86000.0
Male,11000.0
Male,70000.0
Female,30000.0
Male,50000.0
Female,89000.0
Female,2000.0
Male,165000.0
Male,65000.0
Male,44100.0
Female,60000.0
Female,28000.0
Female,112000.0
Male,105000.0
Male,180000.0
Female,6300.0
Female,60000.0
Male,85000.0
Male,12000.0
Male,120000.0
Female,84000.0
Male,75000.0
Male,4500.0
Female,10000.0
Female,1400.0
Male,50000.0
Male,3000.0
Male,125000.0
Male,35400.0
Female,135000.0
Male,100000.0
Male,60000.0
Male,2500.0
Female,58000.0
Female,82000.0
Male,95000.0
Male,180000.0
Male,70000.0
Female,29300.0
Female,33000.0
Male,28000.0
Female,40000.0
Male,50000.0
Female,45000.0
Male,32000.0
Male,30500.0
Male,25000.0
Male,87000.0
Male,60000.0
Male,5000.0
Female,12000.0
Male,143000.0
Male,115000.0
Male,75000.0
Male,140000.0
Female,7000.0
Female,82000.0
Male,40000.0
Female,8000.0
Female,12500.0
Male,80000.0
Male,82000.0
Male,109000.0
Female,4500.0
Male,21700.0
Male,117000.0
Female,93000.0
Male,40000.0
Male,80000.0
Male,24000.0
Male,5000.0
Male,50000.0
Female,48000.0
Male,160000.0
Male,105000.0
Female,35000.0
Female,60000.0
Male,38000.0
Female,15000.0
Male,29000.0
Female,15000.0
Female,12900.0
Male,41000.0
Male,60000.0
Female,2000.0
Male,172000.0
Female,11200.0
Female,40000.0
Female,80000.0
Female,12500.0
Female,3000.0
Female,35000.0
Male,28000.0
Male,60000.0
Female,30000.0
Female,105000.0
Female,31000.0
Male,130000.0
Male,40000.0
Female,15100.0
Female,150.0
Female,55000.0
Male,80000.0
Male,118000.0
Male,25000.0
Female,50000.0
Female,32600.0
Female,7700.0
Female,18000.0
Male,65000.0
Female,28300.0
Male,80000.0
Female,11000.0
Female,25000.0
Male,220000.0
Female,2600.0
Male,200000.0
Female,50000.0
Male,70000.0
Female,2000.0
Female,15000.0
Male,65000.0
Female,2900.0
Male,60000.0
Female,80000.0
Female,30000.0
Male,57000.0
Female,80000.0
Female,75000.0
Male,21000.0
Male,80000.0
Female,38000.0
Female,29000.0
Female,60000.0
Female,120000.0
Male,8000.0
Male,265000.0
Female,65000.0
Male,2000.0
Female,35000.0
Female,135000.0
Female,12000.0
Male,60000.0
Female,52000.0
Female,160000.0
Female,6900.0
Male,90000.0
Male,33600.0
Male,6700.0
Male,60000.0
Female,18000.0
Female,5200.0
Male,45000.0
Female,40000.0
Female,20100.0
Female,16000.0
Female,95000.0
Male,50000.0
Male,55000.0
Female,3000.0
Female,89000.0
Male,30300.0
Female,38000.0
Female,42000.0
Female,38000.0
Male,10000.0
Male,70000.0
Female,60000.0
Male,5600.0
Female,97000.0
Male,50000.0
Female,56000.0
Male,60000.0
Male,6000.0
Female,29000.0
Female,30000.0
Male,53000.0
Female,43900.0
Female,120000.0
Female,10000.0
Male,130000.0
Female,80000.0
Female,85000.0
Female,125000.0
Male,96000.0
Female,45000.0
Male,5000.0
Male,50000.0
Male,45000.0
Male,30000.0
Male,42600.0
Male,40000.0
Female,24000.0
Male,55000.0
Male,150000.0
Male,10000.0
Female,22000.0
Male,19000.0
Female,10000.0
Male,55000.0
Female,60000.0
Female,11000.0
Male,25000.0
Male,37100.0
Male,14000.0
Female,19000.0
Male,35000.0
Male,26100.0
Female,12300.0
Male,14500.0
Female,93000.0
Male,19200.0
Male,65000.0
Male,4500.0
Male,53000.0
Male,90000.0
Female,38000.0
Female,44000.0
Male,55000.0
Male,108000.0
Female,35000.0
Female,15000.0
Male,140000.0
Female,15000.0
Female,94000.0
Male,150000.0
Male,275000.0
Female,34600.0
Male,72000.0
Male,150000.0
Female,300000.0
Male,83000.0
Female,36000.0
Female,6000.0
Female,6300.0
Female,18000.0
Female,95000.0
Female,67000.0
Female,125000.0
Male,28800.0
Male,43300.0
Female,10100.0
Male,100000.0
Male,144000.0
Male,22400.0
Female,17000.0
Female,45000.0
Female,5000.0
Female,28000.0
Female,110000.0
Female,7000.0
Female,80000.0
Female,27400.0
Male,3000.0
Female,120000.0
Female,10000.0
Female,60000.0
Male,62000.0
Female,6900.0
Male,30000.0
Female,25000.0
Male,30000.0
Male,500.0
Male,53000.0
Male,30000.0
Male,70000.0
Female,60000.0
Male,24000.0
Female,4700.0
Female,85000.0
Male,102000.0
Female,59000.0
Female,20000.0
Male,120000.0
Male,46000.0
Male,100000.0
Male,35000.0
Male,173000.0
Female,21000.0
Female,25000.0
Male,40000.0
Female,5000.0
Male,35000.0
Female,31000.0
Female,70000.0
Male,32000.0
Male,7000.0
Female,1900.0
Male,80000.0
Male,8000.0
Female,70000.0
Male,168000.0
Male,86000.0
Male,99000.0
Female,750.0
Male,61000.0
Female,35000.0
Female,6500.0
Male,60000.0
Female,20000.0
Male,73000.0
Female,17300.0
Female,40000.0
Male,125000.0
Male,70000.0
Male,90000.0
Male,10000.0
Female,25000.0
Male,15800.0
Male,73000.0
Female,62000.0
Female,62000.0
Male,60000.0
Female,17100.0
Female,77000.0
Male,110000.0
Male,60000.0
Male,85000.0
Male,24000.0
Male,120000.0
Male,98000.0
Male,80000.0
Male,56000.0
Female,100000.0
Female,41600.0
Female,8000.0
Male,200000.0
Female,54000.0
Male,65000.0
Female,40000.0
Male,63000.0
Female,110000.0
Female,13300.0
Female,55000.0
Male,222000.0
Female,24000.0
Female,49000.0
Female,55000.0
Female,300000.0
Male,150000.0
Male,50000.0
Female,62000.0
Male,100000.0
Male,40000.0
Female,110000.0
Male,100000.0
Female,56000.0
Male,70000.0
Male,60000.0
Female,19200.0
Female,16900.0
Male,130000.0
Male,180000.0
Female,18700.0
Female,45800.0
Female,8900.0
Female,17400.0
Female,250000.0
Male,100000.0
Male,50000.0
Male,54000.0
Female,41000.0
Male,238000.0
Female,158000.0
Female,35000.0
Male,20000.0
Male,56000.0
Female,36500.0
Male,75000.0
Male,85000.0
Female,83000.0
Female,5000.0
Female,5000.0
Male,22900.0
Male,235000.0
Female,36000.0
Female,18000.0
Male,108000.0
Female,25000.0
Female,65000.0
Female,65000.0
Female,71000.0
Female,46000.0
Female,55000.0
Male,250000.0
Male,62000.0
Male,4000.0
Female,50000.0
Female,7300.0
Male,38000.0
Male,90000.0
Male,30000.0
Male,25000.0
Female,21700.0
Male,50000.0
Male,41600.0
Female,110000.0
Male,25000.0
Female,50000.0
Female,100000.0
Female,19000.0
Male,200000.0
Female,37000.0
Female,32300.0
Male,60000.0
Male,9000.0
Female,10000.0
Female,46700.0
Female,62000.0
Male,9000.0
Female,59000.0
Male,60000.0
Female,10300.0
Female,14400.0
Female,25000.0
Female,180000.0
Female,49000.0
Male,80000.0
Female,32000.0
Male,24900.0
Female,50000.0
Female,127000.0
Female,2600.0
Male,60000.0
Female,8000.0
Male,74000.0
Male,60000.0
Male,58000.0
Female,135000.0
Male,45000.0
Female,22000.0
Male,42000.0
Female,27000.0
Female,35000.0
Male,79000.0
Female,20000.0
Male,4600.0
Male,40000.0
Male,265000.0
Female,20000.0
Male,50000.0
Male,210000.0
Female,34000.0
Male,2000.0
Male,10000.0
Male,60000.0
Female,50000.0
Male,46000.0
Female,50000.0
Male,60000.0
Male,2400.0
Female,50000.0
Male,23100.0
Male,115000.0
Female,15000.0
Female,73000.0
Male,150000.0
Female,40000.0
Female,78000.0
Female,32000.0
Male,200000.0
Male,86000.0
Female,65000.0
Male,20000.0
Female,4000.0
Male,18000.0
Male,65000.0
Female,6600.0
Male,10600.0
Male,35000.0
Male,71000.0
Female,32000.0
Female,223000.0
Female,20000.0
Male,30000.0
Male,160000.0
Female,70000.0
Female,48000.0
Female,57000.0
Female,100000.0
Female,35000.0
Female,50000.0
Female,143000.0
Female,120000.0
Male,50000.0
Male,98000.0
Male,5000.0
Male,14000.0
Female,68000.0
Male,60000.0
Male,150000.0
Male,90000.0
Male,200000.0
Male,2300.0
Male,41000.0
Female,670.0
Male,90000.0
Male,45000.0
Female,140000.0
Female,114000.0
Female,60000.0
Male,50000.0
Male,52000.0
Male,30000.0
Female,58000.0
Female,30000.0
Male,300.0
Female,43900.0
Male,86000.0
Female,18800.0
Female,5000.0
Male,200000.0
Female,20000.0
Female,19600.0
Male,120000.0
Male,39000.0
Female,38000.0
Male,26000.0
Male,60000.0
Male,88000.0
Male,115000.0
Female,26400.0
Male,30000.0
Male,200000.0
Male,123000.0
Female,172000.0
Male,20000.0
Male,70000.0
Male,19000.0
Female,24000.0
Male,2000.0
Male,66000.0
Female,72000.0
Male,55000.0
Female,77000.0
Male,34300.0
Male,28400.0
Male,80000.0
Female,142000.0
Male,60000.0
Female,8400.0
Male,38000.0
Male,105000.0
Female,2000.0
Male,43200.0
Female,40000.0
Male,100000.0
Female,2400.0
Female,51000.0
Male,50000.0
Female,10000.0
Male,24000.0
Female,41600.0
Female,82000.0
Female,43500.0
Male,17500.0
Male,8800.0
Male,3700.0
Female,50000.0
Male,175000.0
Male,120000.0
Female,21000.0
Female,8800.0
Female,18000.0
Male,23000.0
Male,65000.0
Male,19300.0
Female,55000.0
Male,75000.0
Female,119000.0
Male,200000.0
Female,74000.0
Male,4500.0
Female,36000.0
Male,8000.0
Male,149000.0
Female,112000.0
Male,200000.0
Female,49800.0
Female,49000.0
Female,56000.0
Male,40000.0
Male,37800.0
Female,55000.0
Female,33000.0
Male,8200.0
Female,95000.0
Male,28000.0
Female,24000.0
Male,15100.0
Male,56000.0
Male,72000.0
Male,170000.0
Male,28000.0
Male,72000.0
Female,62000.0
Male,50000.0
Female,58000.0
Female,78000.0
Male,32000.0
Male,10000.0
Female,50000.0
Male,80000.0
Male,33000.0
Male,90000.0
Female,60000.0
Female,73000.0
Male,145000.0
Female,90000.0
Male,70000.0
Male,48000.0
Female,7900.0
Male,36000.0
Female,35000.0
Male,60000.0
Female,50000.0
Female,20000.0
Male,25000.0
Female,31200.0
Male,42000.0
Male,99000.0
Female,19400.0
Male,65000.0
Female,8500.0
Male,3000.0
Female,60000.0
Female,104000.0
Male,125000.0
Male,28000.0
Female,42000.0
Female,6400.0
Female,10000.0
Female,105000.0
Female,6000.0
Female,50000.0
Female,116000.0
Female,20000.0
Female,11000.0
Female,72000.0
Female,2500.0
Female,26200.0
Male,28000.0
Male,150000.0
Female,56000.0
Male,20000.0
Female,88000.0
Male,90000.0
Female,86000.0
Female,110000.0
Male,60000.0
Female,48000.0
Male,80000.0
Female,60000.0
Male,89000.0
Female,105000.0
Female,20000.0
Female,10000.0
Male,140000.0
Male,29400.0
Male,80000.0
Female,16000.0
Female,50000.0
Female,55000.0
Male,36000.0
Male,17000.0
Female,61000.0
Male,72000.0
Male,30000.0
Male,10000.0
Male,14000.0
Male,280000.0
Female,150000.0
Female,53000.0
Male,42200.0
Male,35000.0
Male,45000.0
Female,5000.0
Female,93000.0
Male,10000.0
Male,30000.0
Female,70000.0
Female,45000.0
Female,52000.0
Female,35000.0
Female,35000.0
Male,60000.0
Male,9000.0
Male,260000.0
Female,100000.0
Female,37100.0
Female,55000.0
Male,35000.0
Male,6000.0
Female,48500.0
Female,78000.0
Male,100000.0
Female,3000.0
Female,72000.0
Male,125000.0
Female,28000.0
Female,16800.0
Female,12000.0
Male,50000.0
Male,80000.0
Male,28800.0
Male,7000.0
Male,31200.0
Female,10000.0
Male,100000.0
Female,32000.0
Female,85000.0
Male,50000.0
Male,50000.0
Male,22000.0
Female,10000.0
Female,65000.0
Male,35000.0
Male,179000.0
Male,30000.0
Female,127000.0
Male,100000.0
Male,38000.0
Male,10000.0
Female,350.0
Male,35000.0
Female,55000.0
Female,55000.0
Male,2500.0
Male,2500.0
Female,17000.0
Female,57000.0
Female,73000.0
Female,86000.0
Female,20000.0
Male,65000.0
Female,51000.0
Female,80000.0
Female,80000.0
Female,70000.0
Male,83000.0
Female,5000.0
Male,168000.0
Female,18100.0
Female,145000.0
Male,160000.0
Female,140000.0
Female,50000.0
Male,50000.0
Male,48000.0
Female,50000.0
Male,17000.0
Male,80000.0
Female,86000.0
Male,31000.0
Female,49000.0
Male,12000.0
Male,27500.0
Female,70.0
Female,31200.0
Female,19000.0
Female,3500.0
Male,28000.0
Male,45000.0
Female,75000.0
Female,54000.0
Female,36000.0
Male,75000.0
Female,40000.0
Female,4000.0
Female,50000.0
Female,36000.0
Female,60000.0
Male,73000.0
Female,3300.0
Female,30000.0
Male,10000.0
Male,18000.0
Female,73000.0
Female,24000.0
Male,4900.0
Female,85000.0
Female,67000.0
Female,189000.0
Female,100000.0
Female,80000.0
Male,200000.0
Female,20200.0
Male,60000.0
Female,22000.0
Male,225000.0
Male,15000.0
Male,68000.0
Male,120000.0
Male,75000.0
Male,60000.0
Male,194000.0
Female,90000.0
Male,160000.0
Female,40000.0
Female,205000.0
Female,5000.0
Female,138000.0
Female,14000.0
Male,50000.0
Male,29000.0
Female,75000.0
Male,53000.0
Female,270.0
Male,48000.0
Male,10200.0
Female,28000.0
Male,4600.0
Male,104000.0
Female,24000.0
Female,47000.0
Female,200000.0
Male,91000.0
Female,40000.0
Male,170000.0
Female,18000.0
Female,50000.0
Female,3200.0
Female,99000.0
Male,18500.0
Male,150000.0
Male,65000.0
Female,24000.0
Male,102000.0
Female,100000.0
Male,20000.0
Female,18900.0
Male,36000.0
Male,62000.0
Male,104000.0
Female,3700.0
Male,17700.0
Male,125000.0
Female,154000.0
Female,21400.0
Male,173000.0
Female,36000.0
Female,60000.0
Male,41600.0
Female,55000.0
Male,40000.0
Female,7300.0
Male,65000.0
Female,23700.0
Female,58000.0
Male,30000.0
Male,68000.0
Female,29300.0
Male,85000.0
Male,4300.0
Male,112000.0
Female,25000.0
Male,120000.0
Male,12000.0
Female,5500.0
Female,28000.0
Female,126000.0
Female,52000.0
Female,50000.0
Female,25000.0
Male,95000.0
Female,80000.0
Female,34700.0
Male,59000.0
Male,32500.0
Female,30000.0
Male,60000.0
Female,6000.0
Male,100000.0
Female,20000.0
Female,29600.0
Male,125000.0
Female,10000.0
Female,40000.0
Male,90000.0
Female,141000.0
Female,80000.0
Male,195000.0
Male,4500.0
Female,15000.0
Female,15000.0
Male,55000.0
Female,70000.0
Male,55000.0
Female,80000.0
Male,40000.0
Male,41800.0
Male,34000.0
Female,24000.0
Female,110000.0
Male,45000.0
Female,70000.0
Female,15000.0
Male,300000.0
Male,10000.0
Female,35000.0
Female,2200.0
Female,1500.0
Male,65000.0
Female,110000.0
Male,205000.0
Female,120000.0
Male,165000.0
Male,5000.0
Male,86000.0
Male,67000.0
Female,46000.0
Male,58000.0
Female,45000.0
Female,88000.0
Female,40000.0
Male,55000.0
Female,90000.0
Female,2500.0
Male,500.0
Male,65000.0
Male,160000.0
Male,60000.0
Female,90000.0
Male,63000.0
Female,1200.0
Female,35700.0
Male,50000.0
Female,57000.0
Female,30000.0
Female,42000.0
Male,37000.0
Male,16000.0
Male,93000.0
Male,180000.0
Male,7500.0
Female,9000.0
Female,79000.0
Female,7300.0
Male,40000.0
Male,20000.0
Male,170000.0
Female,36000.0
Male,50000.0
Male,110000.0
Male,50000.0
Male,44000.0
Female,50000.0
Male,90000.0
Male,200000.0
Male,294000.0
Male,59000.0
Male,7000.0
Female,32000.0
Male,50000.0
Male,160000.0
Female,185000.0
Male,46000.0
Male,45000.0
Female,85000.0
Male,150000.0
Female,40000.0
Male,60000.0
Male,16900.0
Female,70000.0
Male,15000.0
Male,90000.0
Female,17000.0
Male,40000.0
Female,125000.0
Female,3000.0
Female,65000.0
Female,40000.0
Female,9100.0
Female,14500.0
Male,16000.0
Male,30000.0
Male,65000.0
Female,36000.0
Male,50000.0
Female,5000.0
Male,64000.0
Female,55000.0
Male,75000.0
Male,36400.0
Female,40000.0
Female,95000.0
Male,8200.0
Male,60000.0
Female,20000.0
Male,35000.0
Female,30000.0
Male,90000.0
Male,75000.0
Male,52000.0
Female,65000.0
Female,127000.0
Male,60000.0
Male,15000.0
Male,37800.0
Male,100000.0
Male,9000.0
Female,30000.0
Male,110000.0
Male,79000.0
Male,146000.0
Female,9900.0
Female,100000.0
Male,28000.0
Female,100000.0
Male,39300.0
Male,81000.0
Male,85000.0
Male,116000.0
Male,15000.0
Female,40000.0
Male,150000.0
Female,99000.0
Female,18000.0
Female,26000.0
Male,4000.0
Female,120000.0
Male,15000.0
Male,120000.0
Female,8000.0
Male,70000.0
Female,47300.0
Female,9900.0
Male,4800.0
Female,160000.0
Male,60000.0
Male,110000.0
Female,70000.0
Female,125000.0
Male,1000.0
Female,70000.0
Female,10000.0
Female,40000.0
Male,26500.0
Male,95000.0
Female,12600.0
Female,40200.0
Male,15000.0
Male,48000.0
Male,34000.0
Male,20000.0
Female,43900.0
Female,92000.0
Male,250000.0
Male,75000.0
Female,37400.0
Female,90000.0
Female,35000.0
Male,90000.0
Male,300000.0
Female,50000.0
Female,1000.0
Male,275000.0
Female,118000.0
Male,38600.0
Male,35000.0
Female,35000.0
Female,100000.0
Female,57000.0
Male,40000.0
Female,200000.0
Female,86000.0
Male,80000.0
Female,42100.0
Female,50000.0
Female,60000.0
Female,20400.0
Female,88000.0
Female,7200.0
Female,75000.0
Male,87000.0
Female,90000.0
Male,79000.0
Female,30000.0
Female,3300.0
Female,10800.0
Female,100000.0
Male,35000.0
Male,99000.0
Male,60000.0
Male,35000.0
Female,66000.0
Male,50000.0
Male,96000.0
Male,47400.0
Male,176000.0
Male,225000.0
Male,80000.0
Female,67000.0
Male,8000.0
Female,35000.0
Male,5800.0
Male,125000.0
Male,174000.0
Female,16600.0
Female,14400.0
Female,42000.0
Female,22000.0
Female,45000.0
Male,87000.0
Female,127000.0
Female,40000.0
Female,26000.0
Female,20000.0
Male,128000.0
Female,21000.0
Male,40000.0
Female,71000.0
Female,60000.0
Male,15000.0
Male,15000.0
Female,76000.0
Male,62000.0
Female,48600.0
Male,42000.0
Female,23500.0
Male,18500.0
Male,87000.0
Male,64000.0
Female,9000.0
Female,62000.0
Female,42000.0
Male,60000.0
Male,41500.0
Male,120000.0
Male,8400.0
Female,100000.0
Male,113000.0
Female,22000.0
Male,85000.0
Male,54000.0
Male,132000.0
Female,25000.0
Female,220000.0
Male,36000.0
Female,56000.0
Male,68000.0
Male,40000.0
Male,65000.0
Male,3000.0
Male,69000.0
Male,110000.0
Female,84000.0
Female,43900.0
Male,58000.0
Female,70000.0
Male,42000.0
Male,103000.0
Male,40000.0
Female,63000.0
Female,60000.0
Female,39700.0
Male,100000.0
Male,70000.0
Male,200000.0
Male,100000.0
Female,15000.0
Female,60000.0
Female,67000.0
Female,31500.0
Female,3000.0
Female,38000.0
Female,2400.0
Male,250000.0
Female,48100.0
Male,130000.0
Male,80000.0
Male,45000.0
Male,27500.0
Female,75000.0
Female,7200.0
Male,38000.0
Female,7900.0
Female,8000.0
Female,25000.0
Female,87000.0
Male,15000.0
Female,60000.0
Male,72000.0
Male,50000.0
Female,180.0
Female,60000.0
Male,77000.0
Male,4000.0
Male,55000.0
Female,185000.0
Female,72000.0
Female,36400.0
Female,37000.0
Male,150000.0
Male,106000.0
Female,75000.0
Male,38000.0
Female,80000.0
Female,76000.0
Male,50000.0
Male,90000.0
Male,30000.0
Male,145000.0
Male,135000.0
Female,3500.0
Male,22000.0
Male,5000.0
Female,28000.0
Male,31300.0
Male,40000.0
Female,31000.0
Male,200000.0
Female,7500.0
Female,16800.0
Male,70000.0
Male,36000.0
Male,60000.0
Female,40000.0
Female,40000.0
Male,10000.0
Male,12000.0
Male,85000.0
Male,200000.0
Male,150000.0
Male,97000.0
Female,75000.0
Female,90000.0
Male,250000.0
Female,30000.0
Female,64000.0
Male,40500.0
Male,30000.0
Female,52000.0
Female,2300.0
Male,100000.0
Male,24200.0
Male,74000.0
Male,100000.0
Female,69000.0
Male,40000.0
Female,20000.0
Male,87000.0
Female,25000.0
Male,3000.0
Female,65000.0
Male,159000.0
Male,29000.0
Female,20000.0
Male,91000.0
Male,40000.0
Male,16000.0
Female,11600.0
Female,30000.0
Female,61000.0
Female,38400.0
Male,10400.0
Male,12000.0
Female,110000.0
Male,115000.0
Female,100000.0
Male,42000.0
Female,93000.0
Male,25000.0
Male,45000.0
Female,62000.0
Female,23000.0
Male,58000.0
Male,80000.0
Male,30000.0
Female,60000.0
Female,25000.0
Male,109000.0
Female,65000.0
Female,10000.0
Female,80000.0
Male,50000.0
Female,75000.0
Female,130000.0
Female,78000.0
Male,181000.0
Male,55000.0
Male,70000.0
Female,4700.0
Male,132000.0
Male,77000.0
Female,16000.0
Male,50000.0
Male,23000.0
Male,75000.0
Female,35000.0
Male,136000.0
Male,120000.0
Female,1000.0
Female,2000.0
Male,130000.0
Female,55000.0
Female,190000.0
Male,80000.0
Male,46000.0
Male,60000.0
Male,60000.0
Female,24200.0
Male,100000.0
Female,58000.0
Female,25000.0
Male,225000.0
Female,20000.0
Female,100000.0
Male,116000.0
Male,70000.0
Male,58000.0
Female,90000.0
Female,20100.0
Female,30000.0
Male,230000.0
Female,6500.0
Male,85000.0
Male,60000.0
Male,80000.0
Female,60000.0
Female,136000.0
Female,32000.0
Male,13900.0
Female,13000.0
Male,2100.0
Male,120000.0
Female,70000.0
Female,60000.0
Male,95000.0
Male,91000.0
Male,12000.0
Female,670.0
Female,160000.0
Female,88000.0
Female,2000.0
Female,14100.0
Female,16000.0
Male,51000.0
Female,80000.0
Male,10000.0
Female,50000.0
Male,18000.0
Female,87000.0
Female,20000.0
Female,30000.0
Female,65000.0
Male,6000.0
Female,52000.0
Male,9000.0
Female,60000.0
Male,47000.0
Male,120000.0
Female,26400.0
Male,137000.0
Male,86000.0
Male,7100.0
Female,16000.0
Male,21800.0
Female,59000.0
Female,4000.0
Male,60000.0
Male,115000.0
Female,12000.0
Female,60000.0
Male,30000.0
Male,18000.0
Male,150000.0
Male,95000.0
Male,16000.0
Male,150000.0
Female,60000.0
Female,15000.0
Male,62000.0
Female,179000.0
Male,580.0
Female,140000.0
Female,99000.0
Female,65000.0
Male,152000.0
Female,9000.0
Female,7000.0
Male,50000.0
Male,15000.0
Male,105000.0
Female,48500.0
Male,38000.0
Male,40000.0
Female,9000.0
Female,60000.0
Female,80000.0
Female,125000.0
Female,66000.0
Male,9000.0
Female,42000.0
Male,16000.0
Female,80000.0
Male,40000.0
Male,20000.0
Male,33000.0
Male,25000.0
Male,120000.0
Male,65000.0
Female,8600.0
Male,9000.0
Male,12000.0
Male,20000.0
Male,500.0
Female,51000.0
Male,40000.0
Female,131000.0
Female,35000.0
Male,112000.0
Female,85000.0
Female,6000.0
Female,27000.0
Male,112000.0
Female,40000.0
Female,3600.0
Male,52000.0
Male,100000.0
Female,4000.0
Female,45000.0
Female,24000.0
Female,38000.0
Male,160000.0
Male,88000.0
Female,33400.0
Male,5000.0
Male,115000.0
Female,50000.0
Female,1000.0
Female,90000.0
Male,56000.0
Female,72000.0
Male,250000.0
Female,90000.0
Female,17400.0
Female,140000.0
Male,97000.0
Female,80000.0
Male,75000.0
Male,26000.0
Female,3300.0
Female,18200.0
Female,65000.0
Female,100000.0
Male,118000.0
Female,23000.0
Male,80000.0
Female,23000.0
Female,170000.0
Female,70000.0
Male,60000.0
Female,18000.0
Female,15000.0
Female,40000.0
Male,120000.0
Male,45000.0
Female,28000.0
Female,32000.0
Male,51000.0
Female,11000.0
Female,15000.0
Female,84000.0
Male,25000.0
Female,30000.0
Female,10200.0
Male,48000.0
Female,4700.0
Male,78000.0
Female,60000.0
Male,70000.0
Male,65000.0
Female,43700.0
Female,1000.0
Female,60000.0
Male,17500.0
Male,330.0
Female,155000.0
Female,22000.0
Male,27000.0
Male,194000.0
Female,275000.0
Female,25000.0
Male,26000.0
Male,150000.0
Female,4000.0
Female,50000.0
Female,29800.0
Male,75000.0
Female,60000.0
Male,100000.0
Male,135000.0
Female,85000.0
Male,130000.0
Male,28000.0
Female,12000.0
Female,192000.0
Female,56000.0
Female,65000.0
Male,100000.0
Female,90000.0
Female,65000.0
Female,48000.0
Female,45000.0
Male,47000.0
Male,69000.0
Male,6000.0
Male,75000.0
Female,130000.0
Male,73000.0
Male,59000.0
Female,81000.0
Male,180000.0
Female,40000.0
Male,130000.0
Male,30000.0
Male,135000.0
Female,30000.0
Female,65000.0
Male,50000.0
Female,54000.0
Female,4700.0
Male,10000.0
Female,16800.0
Male,60000.0
Male,56000.0
Male,44100.0
Male,37000.0
Male,75000.0
Male,136000.0
Female,90000.0
Female,27000.0
Female,120000.0
Male,63000.0
Male,50000.0
Female,70000.0
Male,143000.0
Male,115000.0
Female,240.0
Female,52000.0
Female,31000.0
Female,85000.0
Male,16000.0
Male,110000.0
Male,18000.0
Male,4000.0
Female,45000.0
Female,41000.0
Male,200000.0
Male,102000.0
Male,150000.0
Female,32000.0
Female,45000.0
Female,120000.0
Female,18000.0
Male,3200.0
Female,270000.0
Male,65000.0
Female,90000.0
Male,4500.0
Female,50000.0
Male,5500.0
Male,12000.0
Female,87000.0
Female,48000.0
Female,22000.0
Female,7000.0
Male,37200.0
Male,30000.0
Female,6000.0
Female,55000.0
Female,170000.0
Female,90000.0
Male,72000.0
Male,190000.0
Female,100000.0
Male,25000.0
Female,41000.0
Female,30300.0
Male,28000.0
Female,28000.0
Female,50000.0
Male,48000.0
Male,90000.0
Female,55000.0
Female,2900.0
Female,65000.0
Female,110000.0
Female,52000.0
Male,16800.0
Female,72000.0
Male,13000.0
Female,75000.0
Female,62000.0
Female,16300.0
Female,44000.0
Male,132000.0
Male,190000.0
Male,27000.0
Female,110000.0
Male,116000.0
Female,12000.0
Female,13000.0
Female,25000.0
Female,80000.0
Male,35000.0
Male,275000.0
Female,40000.0
Female,3200.0
Female,21000.0
Female,70000.0
Female,7100.0
Male,24000.0
Male,26000.0
Female,50000.0
Female,41000.0
Male,12000.0
Female,109000.0
Female,114000.0
Female,55000.0
Female,30000.0
Male,55000.0
Male,200000.0
Female,31000.0
Male,82000.0
Female,22000.0
Male,20000.0
Male,30000.0
Male,100000.0
Male,52000.0
Female,50000.0
Male,112000.0
Female,35700.0
Female,102000.0
Female,20700.0
Female,40000.0
Male,65000.0
Male,15000.0
Female,60000.0
Male,11000.0
Male,24000.0
Female,37000.0
Female,2000.0
Male,110000.0
Male,82000.0
Male,60000.0
Female,48000.0
Male,212000.0
Female,25000.0
Male,90000.0
Female,66000.0
Male,25000.0
Female,60000.0
Male,20000.0
Male,60000.0
Male,17000.0
Male,48000.0
Male,47300.0
Male,26000.0
Female,49000.0
Female,32000.0
Female,38000.0
Male,60000.0
Female,3000.0
Female,55000.0
Male,12000.0
Female,52000.0
Female,31200.0
Male,42000.0
Female,77000.0
Female,9100.0
Male,70000.0
Male,51000.0
Female,35000.0
Female,21000.0
Female,39000.0
Female,87000.0
Female,9000.0
Female,35000.0
Male,41600.0
Female,100000.0
Female,12000.0
Female,50000.0
Male,1800.0
Male,100000.0
Female,8900.0
Female,50000.0
Male,32000.0
Male,14400.0
Female,26000.0
Female,10000.0
Female,60000.0
Male,40000.0
Female,133000.0
Female,28000.0
Female,40000.0
Male,45000.0
Male,46000.0
Female,55000.0
Female,70000.0
Female,20800.0
Female,111000.0
Male,75000.0
Male,45000.0
Female,35000.0
Female,21000.0
Male,50000.0
Male,24000.0
Male,25000.0
Male,55000.0
Male,5000.0
Female,210000.0
Female,41700.0
Female,7200.0
Female,24800.0
Male,88000.0
Male,155000.0
Male,155000.0
Male,6000.0
Male,100000.0
Male,85000.0
Male,3600.0
Female,6800.0
Female,40000.0
Male,21000.0
Male,75000.0
Male,65000.0
Female,40000.0
Female,102000.0
Female,140000.0
Female,10000.0
Female,40000.0
Male,80000.0
Male,37400.0
Male,50000.0
Female,26600.0
Female,8000.0
Male,250.0
Male,9000.0
Female,970.0
Female,60000.0
Male,5000.0
Female,85000.0
Female,40000.0
Male,8800.0
Female,58000.0
Female,35000.0
Female,65000.0
Female,65000.0
Female,73000.0
Female,250.0
Female,28500.0
Female,25000.0
Male,140000.0
Female,37400.0
Male,80000.0
Male,98000.0
Male,60000.0
Male,200000.0
Male,150000.0
Male,130000.0
Male,18000.0
Male,120000.0
Female,14000.0
Female,49400.0
Female,89000.0
Male,55000.0
Male,135000.0
Female,30000.0
Female,40000.0
Female,39000.0
Female,66000.0
Female,30000.0
Male,45000.0
Male,175000.0
Male,6000.0
Female,70000.0
Male,50000.0
Male,70000.0
Female,83000.0
Male,200000.0
Female,320.0
Female,19000.0
Male,3000.0
Female,75000.0
Male,250000.0
Male,25000.0
Male,35000.0
Female,9600.0
Male,45000.0
Female,35000.0
Male,45000.0
Female,100000.0
Female,108000.0
Male,85000.0
Male,66000.0
Male,130000.0
Male,200000.0
Male,63000.0
Male,80000.0
Male,35000.0
Female,15000.0
Female,45000.0
Female,48000.0
Female,100000.0
Female,18500.0
Female,45000.0
Male,1800.0
Male,45000.0
Female,170000.0
Female,48600.0
Female,32500.0
Male,40000.0
Female,21300.0
Female,10300.0
Female,34700.0
Male,75000.0
Male,40000.0
Male,40000.0
Male,45000.0
Male,50000.0
Male,80000.0
Male,80000.0
Female,60000.0
Male,59000.0
Female,13500.0
Male,70000.0
Male,12000.0
Female,98000.0
Female,78000.0
Female,7000.0
Male,25000.0
Male,75000.0
Female,19000.0
Female,7700.0
Female,13000.0
Male,600.0
Male,86000.0
Female,75000.0
Male,12500.0
Male,123000.0
Male,100000.0
Male,80000.0
Male,111000.0
Male,85000.0
Female,59000.0
Female,10000.0
Male,60000.0
Female,300000.0
Male,9500.0
Male,4600.0
Female,10000.0
Male,30000.0
Female,170000.0
Female,62000.0
Female,64000.0
Female,150000.0
Female,185000.0
Female,33000.0
Male,100000.0
Female,75000.0
Male,100000.0
Female,60000.0
Female,250000.0
Female,77000.0
Female,75000.0
Female,250000.0
Female,51000.0
Female,30000.0
Male,96000.0
Male,60000.0
Female,15300.0
Male,65000.0
Male,90000.0
Male,12000.0
Male,125000.0
Female,45000.0
Female,250000.0
Female,38000.0
Male,255000.0
Male,60000.0
Female,1000.0
Female,94000.0
Male,50000.0
Male,47400.0
Male,120000.0
Male,64000.0
Female,10000.0
Female,42000.0
Female,14500.0
Male,20000.0
Female,40000.0
Male,51000.0
Male,72000.0
Female,3700.0
Female,140000.0
Female,7000.0
Male,20000.0
Male,6500.0
Female,9600.0
Male,25000.0
Male,61000.0
Female,48000.0
Female,32600.0
Male,290000.0
Female,50000.0
Female,760.0
Female,38000.0
Male,33000.0
Male,60000.0
Male,40000.0
Female,120000.0
Female,36000.0
Male,36000.0
Male,180000.0
Female,100000.0
Female,49900.0
Female,29000.0
Male,5000.0
Female,8400.0
Male,20000.0
Female,26000.0
Female,250000.0
Male,70000.0
Male,75000.0
Male,31700.0
Female,75000.0
Female,38000.0
Female,113000.0
Female,5000.0
Female,135000.0
Male,121000.0
Female,500.0
Female,95000.0
Female,16800.0
Male,73000.0
Male,72000.0
Male,7800.0
Male,65000.0
Male,30200.0
Male,135000.0
Female,33000.0
Male,1000.0
Female,4000.0
Female,45000.0
Female,50000.0
Female,53000.0
Female,300000.0
Male,177000.0
Female,28000.0
Female,48000.0
Male,70000.0
Female,90000.0
Male,80000.0
Female,150000.0
Male,90000.0
Male,2800.0
Male,200.0
Male,140000.0
Female,60000.0
Female,20800.0
Male,55000.0
Female,82000.0
Male,50000.0
Female,65000.0
Female,9300.0
Female,58000.0
Female,100000.0
Female,60000.0
Male,40000.0
Male,200000.0
Male,14000.0
Male,27000.0
Female,16500.0
Male,140000.0
Male,120000.0
Male,7800.0
Male,36000.0
Male,40000.0
Male,165000.0
Female,15000.0
Female,7200.0
Male,15000.0
Male,37500.0
Female,100000.0
Male,36000.0
Female,12000.0
Female,840.0
Male,50000.0
Female,40000.0
Female,20000.0
Female,92000.0
Female,130000.0
Female,90000.0
Female,40000.0
Female,24000.0
Female,35000.0
Male,5800.0
Male,275000.0
Male,24000.0
Female,30000.0
Female,22800.0
Male,12000.0
Female,65000.0
Female,130000.0
Female,30000.0
Female,1600.0
Female,12200.0
Male,62000.0
Male,115000.0
Male,76000.0
Female,71000.0
Male,44000.0
Male,16000.0
Male,103000.0
Male,203000.0
Female,116000.0
Male,6700.0
Male,50000.0
Male,400.0
Female,26200.0
Male,167000.0
Female,36000.0
Female,66000.0
Male,150.0
Female,2800.0
Female,1400.0
Female,52000.0
Female,155000.0
Male,50000.0
Female,7000.0
Male,37000.0
Female,40000.0
Female,120000.0
Female,70000.0
Female,42400.0
Male,100000.0
Male,83000.0
Male,100000.0
Male,81000.0
Female,200000.0
Male,275000.0
Female,165000.0
Female,104000.0
Female,30000.0
Male,61000.0
Male,68000.0
Male,53000.0
Male,117000.0
Female,60000.0
Male,11000.0
Female,4200.0
Female,1000.0
Male,135000.0
Female,190000.0
Female,60000.0
Female,1800.0
Male,60000.0
Male,80000.0
Male,64000.0
Male,52000.0
Female,8200.0
Male,226000.0
Male,45000.0
Female,125000.0
Female,119000.0
Male,90000.0
Male,174000.0
Male,45000.0
Female,189000.0
Male,30000.0
Female,27500.0
Male,160000.0
Female,37000.0
Male,30000.0
Male,79000.0
Female,120000.0
Female,200000.0
Female,30000.0
Female,41900.0
Male,73000.0
Female,54000.0
Female,2000.0
Female,15000.0
Female,5000.0
Male,150000.0
Male,40000.0
Female,29200.0
Male,55000.0
Male,150000.0
Male,200000.0
Female,58000.0
Female,60000.0
Female,60000.0
Female,145000.0
Male,80000.0
Male,150000.0
Male,300.0
Male,192000.0
Male,20000.0
Male,112000.0
Female,60000.0
Female,100000.0
Male,300000.0
Female,64000.0
Male,39900.0
Male,45000.0
Female,100000.0
Male,132000.0
Male,43000.0
Female,110000.0
Male,40000.0
Male,62000.0
Female,126000.0
Male,100000.0
Male,45000.0
Male,54000.0
Female,90000.0
Male,45800.0
Male,300000.0
Male,24000.0
Female,110000.0
Male,55000.0
Female,20000.0
Male,89000.0
Male,180000.0
Female,37000.0
Male,80000.0
Female,75000.0
Male,12000.0
Female,55000.0
Male,85000.0
Female,57000.0
Female,60000.0
Female,610.0
Female,46000.0
Male,69000.0
Male,32000.0
Male,250000.0
Male,50000.0
Female,250000.0
Male,60000.0
Male,49000.0
Male,45000.0
Male,15000.0
Male,42000.0
Male,80000.0
Female,72000.0
Male,60000.0
Male,102000.0
Male,60000.0
Female,7000.0
Female,238000.0
Female,40000.0
Male,100000.0
Male,50000.0
Male,100000.0
Female,27000.0
Female,5000.0
Female,32000.0
Female,10000.0
Female,249000.0
Male,140000.0
Female,52000.0
Female,32000.0
Female,140000.0
Male,135000.0
Male,50000.0
Male,100000.0
Female,40000.0
Male,39000.0
Male,12500.0
Female,30000.0
Male,31200.0
Female,38000.0
Female,54000.0
Male,24000.0
Male,43000.0
Male,115000.0
Female,6000.0
Male,30000.0
Male,45000.0
Female,38400.0
Male,35000.0
Female,34500.0
Female,22700.0
Female,201000.0
Male,25000.0
Male,130000.0
Female,38000.0
Male,125000.0
Male,7000.0
Female,16000.0
Male,14400.0
Female,45000.0
Male,125000.0
Female,200000.0
Female,55000.0
Male,123000.0
Male,200000.0
Male,72000.0
Female,91000.0
Male,64000.0
Female,70000.0
Male,14400.0
Female,18000.0
Female,12000.0
Female,110000.0
Female,150000.0
Male,32000.0
Female,12000.0
Female,45100.0
Male,96000.0
Male,12000.0
Male,40000.0
Male,70000.0
Male,25000.0
Male,41000.0
Female,63000.0
Male,40000.0
Female,90000.0
Male,75000.0
Male,24000.0
Male,44000.0
Male,43200.0
Male,62000.0
Female,116000.0
Male,43900.0
Female,50000.0
Male,46000.0
Female,40000.0
Male,70000.0
Male,9000.0
Female,40000.0
Male,133000.0
Male,38400.0
Female,16000.0
Female,200000.0
Female,51000.0
Female,52000.0
Male,75000.0
Female,40000.0
Female,63000.0
Female,40000.0
Male,150000.0
Female,41000.0
Male,36000.0
Female,39000.0
Female,57000.0
Male,85000.0
Female,77000.0
Female,37000.0
Male,137000.0
Male,72000.0
Male,107000.0
Female,75000.0
Female,10000.0
Male,42000.0
Male,175000.0
Male,25000.0
Male,50000.0
Female,45000.0
Female,21000.0
Female,51000.0
Female,138000.0
Male,27000.0
Female,15600.0
Female,6200.0
Male,280.0
Male,40000.0
Male,200000.0
Male,40000.0
Female,2000.0
Female,149000.0
Male,100000.0
Male,115000.0
Male,48000.0
Male,225000.0
Male,65000.0
Male,4000.0
Male,37000.0
Female,25000.0
Male,68000.0
Male,45000.0
Male,43000.0
Male,200.0
Female,20000.0
Male,83000.0
Female,50000.0
Female,60000.0
Male,56000.0
Female,29000.0
Male,30000.0
Male,78000.0
Male,135000.0
Male,45000.0
Male,150000.0
Male,20000.0
Female,100000.0
Male,55000.0
Male,45000.0
Male,56000.0
Male,2000.0
Male,130000.0
Male,35000.0
Female,35000.0
Female,44000.0
Female,80000.0
Male,72000.0
Male,46700.0
Male,52000.0
Female,40900.0
Female,7500.0
Male,285000.0
Female,10000.0
Female,25000.0
Female,30900.0
Female,18000.0
Male,118000.0
Male,57000.0
Female,54000.0
Female,30000.0
Female,14900.0
Male,24000.0
Male,23600.0
Female,90000.0
Male,92000.0
Female,45000.0
Male,83000.0
Female,12000.0
Male,40000.0
Female,42000.0
Male,61000.0
Male,140000.0
Female,46000.0
Male,98000.0
Female,119000.0
Male,65000.0
Female,1200.0
Male,113000.0
Female,234000.0
Male,90000.0
Male,28000.0
Female,70000.0
Male,640.0
Female,25000.0
Male,40000.0
Male,12000.0
Male,31000.0
Male,30000.0
Male,70000.0
Male,32000.0
Male,31200.0
Female,70000.0
Female,58000.0
Female,68000.0
Female,17500.0
Male,40000.0
Female,67000.0
Male,24000.0
Female,3000.0
Male,125000.0
Male,36000.0
Female,125000.0
Female,10000.0
Female,95000.0
Male,33300.0
Female,3300.0
Male,36000.0
Female,103000.0
Male,80000.0
Male,1200.0
Male,57000.0
Female,108000.0
Male,50000.0
Female,32000.0
Female,860.0
Female,112000.0
Male,36400.0
Male,150000.0
Female,15000.0
Male,2900.0
Male,7600.0
Male,17700.0
Female,58000.0
Male,93000.0
Male,70000.0
Female,104000.0
Female,40000.0
Female,35000.0
Female,12000.0
Male,3000.0
Female,30000.0
Male,91000.0
Female,1000.0
Female,75000.0
Female,60000.0
Female,52000.0
Female,92000.0
Male,192000.0
Male,32000.0
Male,40000.0
Male,45000.0
Female,135000.0
Male,28000.0
Female,40000.0
Male,62000.0
Male,86000.0
Male,38000.0
Female,38000.0
Female,100000.0
Female,64000.0
Female,8000.0
Female,300000.0
Female,38000.0
Male,92000.0
Male,1000.0
Female,45000.0
Male,20800.0
Female,97000.0
Male,17200.0
Female,100000.0
Female,53000.0
Male,100000.0
Female,108000.0
Male,55000.0
Female,2000.0
Male,45000.0
Female,24000.0
Female,37000.0
Female,10000.0
Male,50000.0
Female,37000.0
Female,25000.0
Female,15200.0
Male,40000.0
Male,80000.0
Male,70000.0
Male,41000.0
Male,40800.0
Male,70000.0
Female,1000.0
Male,119000.0
Male,180000.0
Male,180000.0
Female,64000.0
Female,80000.0
Male,15000.0
Female,8900.0
Female,70000.0
Female,15000.0
Female,40000.0
Female,55000.0
Female,38000.0
Male,65000.0
Female,2400.0
Male,100000.0
Female,20800.0
Female,24000.0
Female,25000.0
Female,22000.0
Male,34000.0
Male,160000.0
Female,37000.0
Male,100000.0
Male,100000.0
Female,67000.0
Female,300000.0
Male,40200.0
Female,12000.0
Male,150000.0
Female,155000.0
Female,23000.0
Male,150000.0
Female,17000.0
Female,39000.0
Female,5600.0
Male,78000.0
Male,80000.0
Male,14400.0
Male,50000.0
Male,110000.0
Male,85000.0
Female,18000.0
Female,42000.0
Male,1000.0
Male,12000.0
Female,83000.0
Male,70000.0
Female,163000.0
Male,50000.0
Male,90000.0
Male,45000.0
Female,35000.0
Male,37400.0
Male,40000.0
Male,250000.0
Female,100000.0
Female,95000.0
Male,10000.0
Female,21900.0
Female,70000.0
Male,60000.0
Male,64000.0
Female,32900.0
Female,75000.0
Male,57000.0
Female,35000.0
Male,58000.0
Male,180000.0
Female,200000.0
Male,12000.0
Male,30000.0
Male,96000.0
Male,40000.0
Female,3200.0
Female,57000.0
Female,18000.0
Female,54000.0
Male,100000.0
Male,36000.0
Female,98000.0
Female,64000.0
Female,22000.0
Female,30900.0
Female,5000.0
Female,72000.0
Male,2500.0
Female,42400.0
Female,55000.0
Female,60000.0
Female,80000.0
Female,39500.0
Male,157000.0
Female,84000.0
Male,130000.0
Female,130000.0
Female,70000.0
Female,110000.0
Male,80000.0
Female,40000.0
Female,50000.0
Female,193000.0
Male,4300.0
Female,120000.0
Male,39000.0
Male,8000.0
Male,37000.0
Female,39000.0
Male,25000.0
Male,12000.0
Female,16800.0
Male,1000.0
Female,10500.0
Female,36000.0
Female,38000.0
Male,95000.0
Male,120000.0
Male,68000.0
Female,100000.0
Male,261000.0
Female,100000.0
Male,56000.0
Male,60000.0
Male,123000.0
Female,12000.0
Female,91000.0
Female,48000.0
Female,40000.0
Male,35000.0
Female,53000.0
Male,77000.0
Male,100000.0
Male,1200.0
Male,25000.0
Female,79000.0
Male,100000.0
Female,12000.0
Male,31800.0
Female,1200.0
Female,63000.0
Male,74000.0
Female,51000.0
Female,50000.0
Male,100000.0
Male,72000.0
Male,60000.0
Male,131000.0
Male,64000.0
Female,4500.0
Female,55000.0
Female,15000.0
Male,60000.0
Female,54000.0
Female,35000.0
Male,35000.0
Female,43000.0
Female,110000.0
Male,48000.0
Female,1800.0
Female,150000.0
Male,51000.0
Male,145000.0
Male,47800.0
Female,68000.0
Female,41200.0
Male,34000.0
Male,48000.0
Male,60000.0
Female,36000.0
Male,35000.0
Male,89000.0
Male,99000.0
Female,1000.0
Female,200.0
Female,32000.0
Female,11000.0
Male,23200.0
Male,12000.0
Male,36000.0
Male,10000.0
Male,12000.0
Male,14400.0
Male,100000.0
Female,20000.0
Female,145000.0
Male,75000.0
Male,97000.0
Female,69000.0
Female,40000.0
Male,30000.0
Male,102000.0
Female,20000.0
Female,18000.0
Male,32900.0
Male,40000.0
Male,93000.0
Female,7000.0
Male,35000.0
Male,5000.0
Male,160000.0
Male,2600.0
Female,80000.0
Male,12000.0
Female,5600.0
Male,134000.0
Female,35000.0
Female,50000.0
Female,15000.0
Female,82000.0
Female,90000.0
Female,13000.0
Male,180000.0
Male,33600.0
Male,6000.0
Female,80000.0
Male,36500.0
Male,70000.0
Male,170.0
Female,115000.0
Female,33000.0
Male,64000.0
Female,36000.0
Male,270000.0
Male,110000.0
Female,1800.0
Female,10000.0
Male,90000.0
Male,120000.0
Male,58000.0
Female,73000.0
Female,22000.0
Female,10000.0
Male,102000.0
Female,42700.0
Male,10800.0
Male,75000.0
Male,47000.0
Female,40000.0
Male,55000.0
Male,10000.0
Female,6400.0
Male,300000.0
Male,85000.0
Female,53000.0
Male,125000.0
Female,38200.0
Male,35000.0
Female,70000.0
Male,14000.0
Male,36000.0
Female,94000.0
Male,60000.0
Male,120000.0
Female,15000.0
Female,58000.0
Male,53000.0
Male,98000.0
Male,30000.0
Female,26000.0
Female,105000.0
Female,77000.0
Female,271000.0
Female,90000.0
Female,110000.0
Male,140000.0
Male,40000.0
Male,100000.0
Male,90000.0
Female,77000.0
Male,82000.0
Female,25500.0
Male,46000.0
Female,30000.0
Female,15100.0
Male,82000.0
Male,20000.0
Female,31200.0
Female,46000.0
Male,116000.0
Male,10000.0
Female,120000.0
Male,95000.0
Male,60000.0
Male,200000.0
Female,11000.0
Female,22000.0
Male,140000.0
Female,50000.0
Female,18000.0
Male,79000.0
Male,50000.0
Male,7400.0
Male,98000.0
Female,26000.0
Male,13000.0
Female,60000.0
Female,130000.0
Female,5600.0
Male,72000.0
Male,95000.0
Male,27000.0
Male,18100.0
Male,80000.0
Male,150000.0
Male,40000.0
Male,69000.0
Male,40000.0
Male,125000.0
Female,137000.0
Male,37100.0
Female,139000.0
Male,168000.0
Female,145000.0
Male,140000.0
Female,25000.0
Male,71000.0
Male,4000.0
Male,75000.0
Male,60000.0
Female,8000.0
Male,60000.0
Female,52000.0
Male,10000.0
Male,140000.0
Female,16000.0
Female,140000.0
Male,35000.0
Female,143000.0
Male,180000.0
Male,22000.0
Male,159000.0
Male,100000.0
Female,69000.0
Male,56000.0
Male,208000.0
Male,193000.0
Female,4000.0
Female,75000.0
Female,22000.0
Male,40000.0
Female,18000.0
Male,121000.0
Female,25500.0
Female,87000.0
Female,40000.0
Female,62000.0
Male,41000.0
Male,149000.0
Female,132000.0
Female,65000.0
Female,40600.0
Male,50000.0
Male,300000.0
Female,65000.0
Male,30000.0
Male,100000.0
Male,52000.0
Male,7000.0
Female,12000.0
Female,51000.0
Male,60000.0
Female,50000.0
Female,20800.0
Female,30000.0
Male,70000.0
Female,53000.0
Male,250000.0
Male,113000.0
Female,125000.0
Male,19000.0
Female,21000.0
Male,64000.0
Male,70000.0
Female,90000.0
Male,45000.0
Female,78000.0
Male,106000.0
Male,30000.0
Female,60000.0
Male,145000.0
Male,14000.0
Male,17000.0
Female,40000.0
Female,39000.0
Female,52000.0
Male,65000.0
Male,98000.0
Female,85000.0
Male,70000.0
Male,205000.0
Female,8000.0
Female,6600.0
Female,25000.0
Female,30000.0
Male,40000.0
Male,80000.0
Female,900.0
Male,30000.0
Female,18000.0
Male,78000.0
Female,100000.0
Female,12000.0
Male,3300.0
Female,17800.0
Female,60000.0
Male,12000.0
Male,8500.0
Male,200000.0
Male,100000.0
Male,30000.0
Male,36000.0
Male,131000.0
Male,30000.0
Male,140000.0
Female,85000.0
Male,160000.0
Female,106000.0
Female,35000.0
Male,60000.0
Male,123000.0
Female,55000.0
Male,85000.0
Male,45000.0
Male,40000.0
Female,25400.0
Female,51000.0
Male,153000.0
Male,30000.0
Male,66000.0
Male,135000.0
Female,80000.0
Male,34000.0
Male,120000.0
Female,12000.0
Male,50000.0
Female,69000.0
Female,78000.0
Female,60000.0
Female,21000.0
Male,141000.0
Female,32000.0
Male,20000.0
Female,16300.0
Male,53000.0
Male,115000.0
Female,43200.0
Female,44200.0
Male,750.0
Female,200000.0
Female,43900.0
Male,6000.0
Female,75000.0
Female,75000.0
Male,195000.0
Male,15000.0
Female,180000.0
Male,72000.0
Male,100000.0
Female,50000.0
Male,40000.0
Male,45000.0
Female,55000.0
Female,48000.0
Male,50000.0
Female,50000.0
Female,80000.0
Female,72000.0
Male,30000.0
Male,58000.0
Female,55000.0
Male,36600.0
Male,33000.0
Male,46900.0
Female,50000.0
Female,80000.0
Male,150000.0
Female,35400.0
Male,17000.0
Female,230000.0
Male,60000.0
Female,55000.0
Female,4800.0
Male,65000.0
Female,10000.0
Female,41000.0
Male,100000.0
Female,160000.0
Female,69000.0
Female,13700.0
Female,21000.0
Male,156000.0
Male,100000.0
Male,45000.0
Female,12000.0
Female,5000.0
Female,110000.0
Female,54000.0
Female,47000.0
Female,20000.0
Female,22400.0
Male,24000.0
Male,60000.0
Male,35000.0
Male,6000.0
Male,40000.0
Female,8000.0
Female,140000.0
Male,36000.0
Male,85000.0
Female,200000.0
Male,830.0
Male,65000.0
Female,33300.0
Female,58000.0
Female,55000.0
Female,65000.0
Female,18200.0
Male,55000.0
Male,50000.0
Male,158000.0
Male,65000.0
Male,250000.0
Female,70000.0
Female,70000.0
Female,69000.0
Male,100000.0
Female,16900.0
Female,34000.0
Female,70000.0
Male,18600.0
Female,85000.0
Female,20000.0
Female,63000.0
Male,24000.0
Female,30000.0
Female,45900.0
Male,130000.0
Male,60000.0
Male,75000.0
Female,290000.0
Female,10800.0
Male,6000.0
Female,30000.0
Female,38000.0
Female,8400.0
Male,50000.0
Male,30000.0
Female,120000.0
Male,55000.0
Female,42000.0
Female,47200.0
Female,40000.0
Male,60000.0
Female,25000.0
Female,27000.0
Female,180000.0
Male,39000.0
Male,40000.0
Male,89000.0
Male,104000.0
Male,2400.0
Female,215000.0
Female,70000.0
Female,45000.0
Male,80000.0
Male,170000.0
Male,25000.0
Female,10000.0
Male,36400.0
Male,105000.0
Female,185000.0
Male,120000.0
Female,63000.0
Male,123000.0
Female,140000.0
Female,30000.0
Male,150000.0
Female,8000.0
Female,37000.0
Female,4400.0
Female,23300.0
Female,140000.0
Female,11000.0
Male,75000.0
Male,36000.0
Male,20000.0
Male,52000.0
Female,20000.0
Female,24000.0
Female,40000.0
Male,100000.0
Female,11000.0
Male,30000.0
Female,105000.0
Male,104000.0
Female,48000.0
Male,45000.0
Male,45000.0
Male,40000.0
Male,57000.0
Male,110000.0
Male,95000.0
Female,76000.0
Male,65000.0
Male,69000.0
Male,70000.0
Male,106000.0
Male,95000.0
Female,83000.0
Female,47300.0
Male,8000.0
Male,38000.0
Female,76000.0
Female,72000.0
Male,10000.0
Male,560.0
Female,31000.0
Male,6000.0
Male,215000.0
Male,168000.0
Male,90000.0
Female,37400.0
Male,7000.0
Male,49900.0
Male,18000.0
Male,80000.0
Female,24000.0
Female,40000.0
Male,30000.0
Male,107000.0
Male,9000.0
Female,4000.0
Female,33600.0
Male,45000.0
Female,56000.0
Female,65000.0
Female,48000.0
Female,36000.0
Male,10000.0
Male,91000.0
Female,65000.0
Female,25000.0
Female,9000.0
Female,3900.0
Male,130000.0
Female,55000.0
Female,88000.0
Male,4000.0
Male,100000.0
Female,13000.0
Female,115000.0
Female,50000.0
Female,90000.0
Female,75000.0
Female,50000.0
Female,45000.0
Female,160000.0
Male,35000.0
Female,90000.0
Female,41000.0
Male,45000.0
Female,20000.0
Female,36000.0
Female,59000.0
Female,30700.0
Female,49300.0
Female,147000.0
Female,69000.0
Female,42000.0
Male,123000.0
Female,61000.0
Female,19000.0
Male,154000.0
Female,20000.0
Female,700.0
Female,75000.0
Female,45000.0
Male,60000.0
Male,42700.0
Male,115000.0
Male,1000.0
Female,92000.0
Female,50000.0
Female,120000.0
Female,24600.0
Female,55000.0
Female,62000.0
Female,60000.0
Female,80000.0
Female,85000.0
Male,106000.0
Female,6300.0
Male,45000.0
Female,49000.0
Female,50000.0
Female,29000.0
Male,10000.0
Male,70000.0
Male,18000.0
Female,10000.0
Male,18000.0
Female,150000.0
Male,33600.0
Male,50000.0
Male,68000.0
Female,125000.0
Male,11000.0
Male,13000.0
Female,60000.0
Male,100000.0
Male,25000.0
Female,8000.0
Female,20000.0
Female,34300.0
Male,40000.0
Male,14000.0
Male,65000.0
Male,10000.0
Male,150000.0
Male,15000.0
Female,5000.0
Male,8400.0
Female,65000.0
Male,30000.0
Male,100000.0
Male,140000.0
Female,260000.0
Female,9600.0
Female,163000.0
Male,38000.0
Female,85000.0
Female,4000.0
Female,275000.0
Male,40000.0
Female,250000.0
Male,175000.0
Male,45000.0
Female,12000.0
Male,110000.0
Female,2000.0
Male,69000.0
Female,120000.0
Female,89000.0
Female,72000.0
Male,150000.0
Female,9600.0
Female,32800.0
Male,175000.0
Female,24500.0
Female,33600.0
Female,64000.0
Female,60000.0
Male,120000.0
Female,61000.0
Male,29000.0
Female,60000.0
Female,40200.0
Male,28000.0
Female,11500.0
Male,110000.0
Female,72000.0
Male,6000.0
Female,30000.0
Female,10000.0
Female,24000.0
Male,100000.0
Female,3300.0
Female,6500.0
Female,75000.0
Female,60000.0
Male,120000.0
Male,12000.0
Female,42000.0
Female,43200.0
Female,54000.0
Female,17000.0
Male,30000.0
Male,61000.0
Female,18700.0
Male,30000.0
Male,14500.0
Female,35000.0
Male,58000.0
Male,36800.0
Female,12000.0
Male,200000.0
Male,100000.0
Female,10000.0
Male,70000.0
Female,82000.0
Male,84000.0
Female,54000.0
Male,38500.0
Female,54000.0
Female,300000.0
Male,80000.0
Male,60000.0
Male,19500.0
Male,50000.0
Male,54000.0
Female,66000.0
Female,25000.0
Female,65000.0
Male,14400.0
Male,10000.0
Female,26000.0
Female,24000.0
Female,56000.0
Male,150000.0
Female,85000.0
Female,2000.0
Female,45000.0
Male,36600.0
Male,120000.0
Female,104000.0
Female,106000.0
Female,200.0
Female,90000.0
Male,200000.0
Female,40000.0
Female,13000.0
Male,35300.0
Male,170000.0
Male,39800.0
Female,10400.0
Female,200.0
Male,75000.0
Male,150000.0
Female,21000.0
Male,90000.0
Male,36500.0
Male,40000.0
Male,45000.0
Female,35000.0
Female,31000.0
Male,120000.0
Male,60000.0
Female,49000.0
Male,80000.0
Female,40000.0
Male,45000.0
Female,13000.0
Male,2000.0
Female,22000.0
Female,60000.0
Male,14000.0
Female,80000.0
Female,2000.0
Male,42000.0
Female,87000.0
Male,3000.0
Male,25600.0
Male,70000.0
Male,200000.0
Male,48800.0
Female,11000.0
Female,30000.0
Male,111000.0
Male,20000.0
Female,60000.0
Male,62000.0
Male,52000.0
Male,60000.0
Male,88000.0
Female,70000.0
Female,93000.0
Male,38500.0
Female,3700.0
Male,28000.0
Male,200000.0
Male,80000.0
Male,110000.0
Female,60000.0
Male,65000.0
Male,60000.0
Male,115000.0
Male,125000.0
Female,40000.0
Male,50000.0
Female,65000.0
Female,36000.0
Female,87000.0
Female,14700.0
Male,72000.0
Male,150000.0
Male,90000.0
Male,8000.0
Female,200000.0
Female,15000.0
Female,51000.0
Male,78000.0
Female,40000.0
Male,36000.0
Male,41000.0
Female,125000.0
Male,120000.0
Female,27000.0
Female,32100.0
Male,11600.0
Female,30000.0
Male,20000.0
Female,38400.0
Male,45600.0
Female,122000.0
Male,63000.0
Female,22000.0
Female,80000.0
Male,10000.0
Female,52000.0
Female,60000.0
Female,38000.0
Male,25000.0
Male,330.0
Male,4000.0
Female,90000.0
Male,24000.0
Male,18000.0
Female,3800.0
Male,56000.0
Male,6000.0
Female,38000.0
Male,90000.0
Male,40000.0
Female,48100.0
Female,69000.0
Female,9000.0
Male,20000.0
Female,50000.0
Female,20000.0
Female,30000.0
Male,125000.0
Male,50000.0
Female,85000.0
Female,95000.0
Male,112000.0
Female,5900.0
Male,60000.0
Male,139000.0
Female,63000.0
Male,264000.0
Female,85000.0
Female,100000.0
Male,48000.0
Male,4700.0
Male,20000.0
Male,130000.0
Male,45000.0
Female,7000.0
Female,39000.0
Male,76000.0
Female,141000.0
Female,27000.0
Female,40000.0
Male,5000.0
Male,20000.0
Female,31000.0
Male,22000.0
Male,80000.0
Female,37000.0
Male,60000.0
Male,79000.0
Male,136000.0
Male,58000.0
Female,34000.0
Male,110000.0
Female,28000.0
Female,70000.0
Female,132000.0
Female,40000.0
Female,29900.0
Female,115000.0
Male,116000.0
Female,53000.0
Female,34200.0
Female,2600.0
Male,8000.0
Male,64000.0
Female,80000.0
Female,18000.0
Male,57000.0
Female,35000.0
Male,5000.0
Female,30000.0
Male,130000.0
Female,10000.0
Female,34000.0
Male,610.0
Female,3000.0
Male,40000.0
Male,39000.0
Female,110000.0
Male,55000.0
Female,75000.0
Male,67000.0
Male,120000.0
Male,60000.0
Female,12000.0
Male,46400.0
Male,10000.0
Female,73000.0
Female,70000.0
Male,12000.0
Female,21000.0
Female,30000.0
Male,40000.0
Female,106000.0
Female,25000.0
Female,8900.0
Male,65000.0
Male,160000.0
Male,42300.0
Male,135000.0
Female,23000.0
Female,10700.0
Female,28800.0
Female,25000.0
Male,20000.0
Female,6000.0
Female,9000.0
Female,16000.0
Male,20000.0
Male,91000.0
Female,90000.0
Male,90000.0
Female,18000.0
Female,70000.0
Female,39000.0
Male,36000.0
Female,9000.0
Male,50000.0
Female,47500.0
Female,18000.0
Male,50000.0
Female,54000.0
Male,38000.0
Male,91000.0
Male,6900.0
Male,35000.0
Male,50000.0
Male,160000.0
Female,45800.0
Male,80000.0
Male,3200.0
Male,40000.0
Male,33000.0
Male,1000.0
Male,77000.0
Male,149000.0
Female,70000.0
Female,5000.0
Female,16000.0
Male,72000.0
Male,200000.0
Female,40000.0
Male,39900.0
Male,10000.0
Male,600.0
Male,260000.0
Female,155000.0
Male,125000.0
Female,70000.0
Male,4500.0
Female,88000.0
Male,90000.0
Female,20900.0
Male,240000.0
Male,12400.0
Female,65000.0
Male,90000.0
Female,58000.0
Female,21000.0
Female,42000.0
Female,82000.0
Female,24000.0
Male,30000.0
Female,20000.0
Female,14000.0
Female,200000.0
Male,82000.0
Male,83000.0
Female,71000.0
Female,47000.0
Male,85000.0
Female,31600.0
Male,60000.0
Male,120000.0
Female,141000.0
Female,10000.0
Male,73000.0
Female,1100.0
Female,38000.0
Male,24000.0
Male,37600.0
Male,6000.0
Female,40000.0
Female,60000.0
Female,160000.0
Male,45000.0
Male,180000.0
Male,36000.0
Male,150000.0
Male,82000.0
Female,125000.0
Male,44900.0
Female,4100.0
Female,2200.0
Female,5000.0
Male,70000.0
Male,101000.0
Male,35000.0
Female,80000.0
Male,150000.0
Male,46000.0
Male,60000.0
Female,42000.0
Male,98000.0
Female,50000.0
Female,130000.0
Female,55000.0
Female,25000.0
Male,35000.0
Female,10000.0
Male,36000.0
Female,90000.0
Male,7000.0
Male,23000.0
Female,41600.0
Female,45200.0
Male,30000.0
Female,47000.0
Female,40000.0
Male,16600.0
Female,70000.0
Male,45000.0
Female,10300.0
Male,37000.0
Male,165000.0
Female,8000.0
Female,125000.0
Female,3000.0
Female,81000.0
Female,12000.0
Female,142000.0
Male,45000.0
Female,15000.0
Female,20000.0
Male,67000.0
Male,12000.0
Female,100000.0
Female,58000.0
Female,30900.0
Male,58000.0
Male,45000.0
Male,10000.0
Female,25000.0
Female,12000.0
Male,18700.0
Male,6000.0
Male,26000.0
Female,30000.0
Male,112000.0
Male,37000.0
Male,85000.0
Male,23000.0
Female,30000.0
Male,27000.0
Male,48000.0
Male,45000.0
Female,280000.0
Male,55000.0
Female,70000.0
Female,130000.0
Male,125000.0
Female,30000.0
Male,118000.0
Male,52000.0
Male,50000.0
Female,42000.0
Male,82000.0
Female,55000.0
Male,233000.0
Male,57000.0
Female,196000.0
Male,60000.0
Female,25000.0
Female,5000.0
Male,33000.0
Male,100000.0
Female,32600.0
Male,27000.0
Female,40000.0
Male,60000.0
Female,118000.0
Female,36000.0
Male,65000.0
Female,15000.0
Male,65000.0
Female,265000.0
Male,60000.0
Female,24000.0
Female,15000.0
Female,40000.0
Male,100000.0
Male,72000.0
Female,143000.0
Male,54000.0
Male,132000.0
Female,54000.0
Male,25000.0
Male,6000.0
Male,21800.0
Male,2000.0
Female,15000.0
Male,250000.0
Male,33300.0
Male,3000.0
Female,150000.0
Male,79000.0
Male,100000.0
Male,100000.0
Female,86000.0
Male,150000.0
Female,66000.0
Male,2000.0
Male,45000.0
Male,56000.0
Male,10800.0
Male,50000.0
Female,40000.0
Female,80000.0
Female,35000.0
Male,200000.0
Female,45000.0
Female,36000.0
Male,57000.0
Male,14000.0
Male,140000.0
Female,52000.0
Male,35000.0
Female,167000.0
Female,16000.0
Male,40000.0
Male,56000.0
Male,45000.0
Female,50000.0
Male,6000.0
Male,45000.0
Female,600.0
Female,40600.0
Male,108000.0
Female,60000.0
Female,36000.0
Male,150000.0
Male,40000.0
Male,72000.0
Female,600.0
Male,90000.0
Male,20000.0
Female,13800.0
Female,48700.0
Male,20000.0
Male,93000.0
Male,32000.0
Male,120000.0
Male,4000.0
Female,600.0
Female,37000.0
Female,20000.0
Male,65000.0
Female,39500.0
Female,17000.0
Male,50000.0
Female,20900.0
Male,20000.0
Male,16000.0
Male,14000.0
Female,35200.0
Male,35000.0
Male,6000.0
Female,40000.0
Male,75000.0
Male,44200.0
Male,125000.0
Female,25000.0
Female,20000.0
Female,2000.0
Male,102000.0
Female,5100.0
Male,62000.0
Female,56000.0
Male,20000.0
Female,42000.0
Male,175000.0
Female,12000.0
Female,8000.0
Female,57000.0
Female,75000.0
Male,150000.0
Male,140000.0
Female,5500.0
Female,295000.0
Female,72000.0
Male,46000.0
Female,98000.0
Female,15000.0
Male,80000.0
Male,45000.0
Female,12000.0
Male,100000.0
Male,51000.0
Female,1000.0
Female,42000.0
Female,50000.0
Male,39500.0
Male,30000.0
Female,45000.0
Male,118000.0
Female,112000.0
Female,32000.0
Female,11100.0
Male,28000.0
Male,22000.0
Female,500.0
Male,12000.0
Female,56000.0
Male,74000.0
Male,45000.0
Male,105000.0
Female,43500.0
Female,40000.0
Female,60000.0
Female,7600.0
Male,72000.0
Male,89000.0
Male,12000.0
Female,22000.0
Male,260000.0
Male,1000.0
Male,91000.0
Male,5000.0
Female,120000.0
Male,61000.0
Female,24000.0
Female,11000.0
Male,45000.0
Male,111000.0
Female,135000.0
Female,45000.0
Female,25000.0
Female,38000.0
Female,9100.0
Female,13000.0
Female,102000.0
Male,240000.0
Female,38000.0
Female,60000.0
Female,32000.0
Female,98000.0
Male,31800.0
Female,31000.0
Male,62000.0
Female,84000.0
Male,17000.0
Female,47300.0
Male,40000.0
Female,35000.0
Male,95000.0
Female,51000.0
Female,42000.0
Male,60000.0
Female,150000.0
Female,80000.0
Female,100000.0
Male,33600.0
Male,6500.0
Male,5000.0
Male,65000.0
Female,19000.0
Male,85000.0
Female,55000.0
Female,37000.0
Male,180000.0
Female,36000.0
Male,8000.0
Male,100000.0
Male,65000.0
Male,40000.0
Female,18000.0
Female,40000.0
Male,180000.0
Male,60000.0
Male,65000.0
Male,16000.0
Male,30000.0
Male,53000.0
Male,14000.0
Female,4000.0
Male,24000.0
Male,27200.0
Male,30000.0
Male,37500.0
Female,135000.0
Male,95000.0
Female,2600.0
Male,45000.0
Female,7700.0
Male,4.0
Male,14400.0
Female,52000.0
Male,68000.0
Female,48000.0
Male,85000.0
Female,120000.0
Male,60000.0
Female,60000.0
Male,51000.0
Female,5000.0
Female,25000.0
Male,45000.0
Male,54000.0
Female,120000.0
Male,45000.0
Male,179000.0
Female,100000.0
Male,110000.0
Male,62000.0
Female,10000.0
Male,32000.0
Male,90000.0
Female,158000.0
Female,720.0
Female,60000.0
Male,90000.0
Male,84000.0
Male,60000.0
Male,5900.0
Male,6000.0
Female,38000.0
Female,3500.0
Female,30000.0
Male,23800.0
Male,35000.0
Female,51000.0
Male,26400.0
Male,10000.0
Male,3100.0
Male,156000.0
Male,160000.0
Male,63000.0
Male,123000.0
Female,32600.0
Female,40000.0
Female,38000.0
Female,90000.0
Male,42000.0
Female,70000.0
Male,53000.0
Female,263000.0
Female,53000.0
Female,53000.0
Male,60000.0
Female,65000.0
Female,15000.0
Female,54000.0
Male,110000.0
Female,59000.0
Female,35000.0
Female,75000.0
Female,32000.0
Female,24000.0
Female,15000.0
Female,30000.0
Female,100000.0
Male,60000.0
Male,33000.0
Male,800.0
Female,55000.0
Male,25000.0
Male,130000.0
Female,87000.0
Female,55000.0
Male,214000.0
Female,100000.0
Female,110000.0
Male,30000.0
Male,65000.0
Female,30000.0
Female,60000.0
Male,15000.0
Male,48000.0
Female,178000.0
Female,39000.0
Male,46000.0
Female,35000.0
Male,140000.0
Female,10500.0
Male,136000.0
Female,230000.0
Female,78000.0
Female,109000.0
Female,16000.0
Female,3500.0
Male,46800.0
Male,27000.0
Female,15000.0
Female,50000.0
Female,11000.0
Male,40800.0
Female,83000.0
Male,82000.0
Male,35000.0
Male,130000.0
Male,110000.0
Female,24000.0
Male,200000.0
Male,57000.0
Male,55000.0
Male,50000.0
Male,38000.0
Female,95000.0
Female,100000.0
Male,61000.0
Female,60000.0
Female,24000.0
Male,6800.0
Female,36000.0
Female,26000.0
Female,11600.0
Male,54000.0
Male,180000.0
Male,174000.0
Female,42000.0
Male,7000.0
Male,114000.0
Male,51000.0
Female,43700.0
Male,145000.0
Male,20000.0
Female,28700.0
Male,55000.0
Female,12400.0
Male,14300.0
Female,37700.0
Female,80000.0
Male,160000.0
Male,8000.0
Male,24800.0
Female,7800.0
Male,13000.0
Male,18000.0
Male,64000.0
Male,630.0
Male,175000.0
Male,50000.0
Male,75000.0
Female,175000.0
Female,89000.0
Male,120000.0
Female,1100.0
Female,70000.0
Male,67000.0
Male,30000.0
Female,5400.0
Male,60000.0
Male,60000.0
Male,12000.0
Female,90000.0
Female,250000.0
Male,100000.0
Male,90000.0
Male,45000.0
Female,32000.0
Male,72000.0
Male,39000.0
Male,29800.0
Male,38000.0
Female,50000.0
Female,6000.0
Male,73000.0
Male,7000.0
Male,40000.0
Male,55000.0
Male,45000.0
Female,17700.0
Female,32600.0
Female,65000.0
Female,78000.0
Female,55000.0
Female,70000.0
Male,85000.0
Female,3300.0
Male,3000.0
Female,9000.0
Female,20000.0
Female,24000.0
Male,150000.0
Male,24500.0
Male,80000.0
Male,95000.0
Female,132000.0
Male,80000.0
Male,60000.0
Male,85000.0
Male,80000.0
Male,50000.0
Female,117000.0
Male,58000.0
Male,26000.0
Female,250.0
Female,100000.0
Female,65000.0
Female,32000.0
Female,100000.0
Male,54000.0
Male,18000.0
Female,55000.0
Male,10000.0
Male,60000.0
Female,41000.0
Female,60000.0
Male,33300.0
Male,47000.0
Female,70000.0
Male,69000.0
Female,25000.0
Male,125000.0
Female,8200.0
Female,58000.0
Male,80000.0
Female,65000.0
Female,3000.0
Male,50000.0
Male,123000.0
Male,80000.0
Male,72000.0
Male,33000.0
Female,32500.0
Male,98000.0
Female,19000.0
Male,150000.0
Female,12500.0
Female,20000.0
Male,101000.0
Female,180000.0
Female,8900.0
Female,15000.0
Female,150000.0
Female,130000.0
Male,210000.0
Male,108000.0
Male,130000.0
Male,60000.0
Female,100000.0
Female,20000.0
Male,78000.0
Male,72000.0
Female,30000.0
Female,72000.0
Female,100000.0
Female,84000.0
Male,12500.0
Female,32000.0
Male,56000.0
Male,20000.0
Female,47000.0
Male,65000.0
Male,90000.0
Female,80000.0
Female,95000.0
Female,3000.0
Male,175000.0
Male,180000.0
Female,41600.0
Male,26700.0
Female,6000.0
Female,80000.0
Male,36000.0
Female,120000.0
Male,28000.0
Male,100000.0
Male,70000.0
Female,5000.0
Male,120000.0
Female,46000.0
Female,83000.0
Female,2300.0
Female,39800.0
Female,90000.0
Female,71000.0
Male,69000.0
Male,60000.0
Male,181000.0
Male,68000.0
Male,30000.0
Male,6000.0
Male,14000.0
Female,100000.0
Female,3000.0
Female,20000.0
Male,46100.0
Female,4000.0
Male,25000.0
Male,22000.0
Female,25000.0
Male,36000.0
Female,55000.0
Female,47700.0
Female,73000.0
Female,35000.0
Female,138000.0
Male,72000.0
Female,38000.0
Male,170000.0
Male,12000.0
Female,65000.0
Male,10000.0
Female,2000.0
Female,57000.0
Male,24800.0
Female,110000.0
Male,8000.0
Female,80000.0
Female,32000.0
Female,100000.0
Female,31200.0
Male,14000.0
Male,70000.0
Male,130000.0
Female,22000.0
Male,80000.0
Male,7200.0
Female,8000.0
Female,50000.0
Female,86000.0
Male,900.0
Female,91000.0
Male,150000.0
Male,10000.0
Female,68000.0
Male,45800.0
Female,20000.0
Male,60000.0
Male,2300.0
Female,48000.0
Male,28000.0
Male,57000.0
Male,125000.0
Female,110000.0
Female,35000.0
Male,35000.0
Female,77000.0
Female,61000.0
Female,78000.0
Female,48000.0
Female,78000.0
Male,6000.0
Male,12000.0
Male,60000.0
Male,100000.0
Female,200000.0
Male,48000.0
Female,52000.0
Female,3800.0
Female,52000.0
Female,163000.0
Female,70000.0
Male,50000.0
Male,50000.0
Male,41000.0
Female,7800.0
Male,100000.0
Male,34700.0
Female,50000.0
Female,58000.0
Female,3000.0
Female,160000.0
Male,90000.0
Female,68000.0
Male,110000.0
Male,60000.0
Female,15000.0
Male,49000.0
Male,90000.0
Male,255000.0
Male,186000.0
Female,50000.0
Male,62000.0
Female,98000.0
Male,47300.0
Female,37000.0
Male,53000.0
Male,32000.0
Male,69000.0
Male,50000.0
Female,38000.0
Male,58000.0
Male,60000.0
Female,79000.0
Female,24000.0
Male,30000.0
Male,20000.0
Female,28000.0
Male,86000.0
Female,50000.0
Male,53000.0
Female,20000.0
Female,98000.0
Female,8200.0
Female,180000.0
Female,16000.0
Female,30000.0
Female,65000.0
Male,90000.0
Female,90000.0
Female,5000.0
Female,8000.0
Male,35000.0
Male,60000.0
Female,75000.0
Male,175000.0
Female,30000.0
Female,39500.0
Male,50000.0
Male,25000.0
Female,150000.0
Male,60000.0
Female,67000.0
Male,350.0
Male,15000.0
Female,28000.0
Male,1800.0
Female,72000.0
Female,300000.0
Male,160000.0
Female,6000.0
Male,36000.0
Female,20100.0
Female,37000.0
Female,22000.0
Female,34300.0
Female,142000.0
Male,54000.0
Female,47900.0
Male,27300.0
Male,69000.0
Female,12000.0
Female,56000.0
Female,22000.0
Female,5000.0
Female,53000.0
Female,20000.0
Female,20000.0
Male,170000.0
Male,63000.0
Male,86000.0
Male,181000.0
Male,35000.0
Male,150000.0
Male,210000.0
Male,100000.0
Female,40000.0
Female,38000.0
Female,50000.0
Male,63000.0
Male,60000.0
Male,60000.0
Male,220000.0
Male,40000.0
Female,60000.0
Female,14000.0
Female,31300.0
Female,15000.0
Male,261000.0
Male,26000.0
Female,12000.0
Male,50000.0
Female,13300.0
Female,52000.0
Female,30000.0
Female,30000.0
Male,70000.0
Male,80000.0
Female,38000.0
Female,55000.0
Male,20000.0
Male,28000.0
Female,37000.0
Female,28000.0
Female,39000.0
Male,108000.0
Male,50000.0
Male,78000.0
Male,36400.0
Male,43200.0
Male,117000.0
Male,100000.0
Male,63000.0
Male,45000.0
Female,79000.0
Female,22000.0
Female,30000.0
Female,45000.0
Female,75000.0
Female,86000.0
Female,40000.0
Male,100000.0
Female,34000.0
Male,56000.0
Female,530.0
Female,120000.0
Male,80000.0
Female,65000.0
Male,19200.0
Male,38000.0
Male,94000.0
Female,58000.0
Female,94000.0
Female,45000.0
Female,25000.0
Female,58000.0
Male,166000.0
Male,55000.0
Male,78000.0
Female,34000.0
Female,43000.0
Female,72000.0
Male,160000.0
Male,22200.0
Female,93000.0
Male,38000.0
Male,30000.0
Male,32000.0
Female,82000.0
Male,200000.0
Male,31200.0
Male,65000.0
Female,112000.0
Female,20000.0
Female,5000.0
Female,58000.0
Female,40000.0
Female,65000.0
Female,36000.0
Female,140000.0
Female,21000.0
Female,34000.0
Female,63000.0
Male,7000.0
Male,26000.0
Female,36000.0
Male,5000.0
Female,83000.0
Male,50000.0
Male,70000.0
Male,19000.0
Female,36300.0
Male,40000.0
Male,43000.0
Male,15700.0
Female,35000.0
Male,5000.0
Female,13200.0
Male,50000.0
Male,150000.0
Female,10000.0
Male,100000.0
Male,83000.0
Female,100000.0
Female,14400.0
Female,800.0
Female,30000.0
Female,13000.0
Male,30000.0
Female,10000.0
Male,150000.0
Female,175000.0
Female,75000.0
Male,80000.0
Male,140000.0
Male,90000.0
Male,185000.0
Female,43200.0
Male,50000.0
Female,46000.0
Female,32000.0
Male,50000.0
Male,41000.0
Male,90000.0
Male,130000.0
Male,60000.0
Female,66000.0
Male,110000.0
Female,18000.0
Female,23000.0
Female,4000.0
Male,34900.0
Female,980.0
Male,8000.0
Male,75000.0
Male,130000.0
Female,50000.0
Female,68000.0
Male,60000.0
Male,19000.0
Male,25400.0
Male,66000.0
Male,19400.0
Female,60000.0
Female,18000.0
Female,12000.0
Male,175000.0
Male,175000.0
Female,156000.0
Male,80000.0
Male,18000.0
Female,600.0
Male,11000.0
Female,264000.0
Male,250000.0
Male,65000.0
Male,187000.0
Female,35000.0
Male,1500.0
Female,55000.0
Male,75000.0
Female,67000.0
Female,23000.0
Female,22000.0
Female,53000.0
Male,30000.0
Female,35000.0
Male,25000.0
Female,56000.0
Male,77000.0
Female,120000.0
Female,37700.0
Female,20000.0
Male,125000.0
Female,58000.0
Male,13600.0
Female,244000.0
Female,35000.0
Male,70000.0
Male,32700.0
Female,6800.0
Male,80000.0
Female,25000.0
Male,200000.0
Female,28000.0
Female,32000.0
Female,24000.0
Female,40000.0
Male,50000.0
Female,99000.0
Female,94000.0
Male,100000.0
Male,49000.0
Female,27000.0
Female,61000.0
Male,15000.0
Male,61000.0
Female,90000.0
Male,20000.0
Female,52000.0
Male,130000.0
Male,68000.0
Male,78000.0
Male,50000.0
Female,25000.0
Female,107000.0
Male,68000.0
Female,59000.0
Male,24000.0
Female,138000.0
Female,40000.0
Female,35000.0
Female,149000.0
Female,14000.0
Female,15000.0
Female,40000.0
Male,46000.0
Male,98000.0
Female,15000.0
Male,60000.0
Female,65000.0
Female,45000.0
Male,90000.0
Female,34000.0
Female,70000.0
Male,30000.0
Male,82000.0
Male,41600.0
Male,70000.0
Female,960.0
Female,50000.0
Male,61000.0
Female,83000.0
Male,96000.0
Female,42100.0
Male,45000.0
Male,7700.0
Male,200000.0
Female,36000.0
Male,160000.0
Male,75000.0
Female,143000.0
Female,50000.0
Female,25000.0
Male,217000.0
Male,110000.0
Female,90000.0
Female,40500.0
Male,25000.0
Male,80000.0
Male,10000.0
Male,140000.0
Female,7500.0
Male,37500.0
Female,29000.0
Female,28500.0
Female,40000.0
Female,3000.0
Female,185000.0
Male,82000.0
Male,200000.0
Female,10000.0
Female,93000.0
Male,80000.0
Female,50000.0
Male,85000.0
Female,25000.0
Female,15000.0
Female,5000.0
Male,80000.0
Male,25000.0
Male,45000.0
Female,19000.0
Female,13000.0
Female,18900.0
Female,40000.0
Female,87000.0
Male,28000.0
Female,125000.0
Female,3000.0
Male,40000.0
Male,116000.0
Male,14500.0
Female,30000.0
Male,172000.0
Female,56000.0
Female,54000.0
Female,25000.0
Female,21100.0
Male,50000.0
Female,50000.0
Female,15000.0
Female,120000.0
Female,60000.0
Male,36400.0
Female,83000.0
Male,87000.0
Male,50000.0
Male,65000.0
Male,60000.0
Female,6000.0
Female,85000.0
Female,9000.0
Female,15900.0
Male,40000.0
Female,140000.0
Male,155000.0
Male,67000.0
Male,58000.0
Female,1200.0
Male,25000.0
Male,4500.0
Male,145000.0
Male,85000.0
Male,32000.0
Male,150000.0
Male,55000.0
Male,86000.0
Female,3000.0
Male,45000.0
Male,95000.0
Female,24000.0
Male,65000.0
Male,133000.0
Female,47000.0
Male,45000.0
Male,75000.0
Male,2500.0
Female,9000.0
Female,23000.0
Female,30000.0
Female,72000.0
Female,35000.0
Male,18000.0
Male,35000.0
Male,22000.0
Female,62000.0
Male,8000.0
Female,63000.0
Male,75000.0
Male,38000.0
Female,22000.0
Female,50000.0
Female,6000.0
Male,77000.0
Female,87000.0
Female,40000.0
Male,70000.0
Male,15800.0
Male,51000.0
Male,45800.0
Male,65000.0
Female,100000.0
Male,132000.0
Female,100.0
Female,108000.0
Male,100000.0
Female,8000.0
Female,94000.0
Female,9200.0
Male,24000.0
Male,15000.0
Female,30000.0
Female,19000.0
Female,40000.0
Male,32000.0
Male,46000.0
Female,26000.0
Female,14000.0
Male,93000.0
Female,49000.0
Female,133000.0
Male,1200.0
Female,28000.0
Male,100000.0
Female,70000.0
Female,43700.0
Female,35000.0
Male,90000.0
Male,93000.0
Female,8000.0
Male,225000.0
Male,33700.0
Female,36800.0
Male,185000.0
Male,165000.0
Female,110000.0
Male,80000.0
Male,200000.0
Male,63000.0
Female,120000.0
Female,107000.0
Male,160000.0
Male,19000.0
Male,57000.0
Female,60000.0
Male,37000.0
Male,80000.0
Female,51000.0
Male,89000.0
Male,151000.0
Male,104000.0
Male,39000.0
Female,23000.0
Female,47000.0
Male,95000.0
Male,16000.0
Male,75000.0
Female,7900.0
Male,43700.0
Female,23500.0
Male,3000.0
Male,17000.0
Female,2100.0
Male,82000.0
Female,125000.0
Female,43600.0
Female,250000.0
Male,47000.0
Male,49000.0
Female,90000.0
Female,33400.0
Female,80000.0
Male,6300.0
Female,10000.0
Male,580.0
Female,24000.0
Male,110000.0
Male,220000.0
Female,25000.0
Female,24000.0
Male,140000.0
Male,97000.0
Female,80000.0
Female,45000.0
Male,57000.0
Female,42000.0
Female,65000.0
Male,2000.0
Female,60000.0
Female,22000.0
Female,100000.0
Male,35000.0
Female,42900.0
Female,47200.0
Male,32600.0
Male,140000.0
Female,114000.0
Male,80000.0
Male,55000.0
Male,125000.0
Male,64000.0
Male,40000.0
Male,66000.0
Female,8000.0
Female,46000.0
Male,72000.0
Female,40000.0
Female,26000.0
Male,65000.0
Female,27200.0
Female,17000.0
Female,5000.0
Female,50000.0
Male,20000.0
Female,9000.0
Male,150.0
Female,2700.0
Male,200000.0
Female,75000.0
Male,220000.0
Male,30000.0
Male,39500.0
Female,6500.0
Male,55000.0
Male,72000.0
Male,40000.0
Female,15200.0
Male,44600.0
Male,33000.0
Female,38000.0
Male,45900.0
Male,19600.0
Female,38000.0
Female,100000.0
Male,35000.0
Female,22000.0
Male,87000.0
Male,36000.0
Female,32500.0
Male,47000.0
Female,40000.0
Female,14000.0
Male,120000.0
Female,65000.0
Female,20000.0
Male,135000.0
Male,115000.0
Female,25000.0
Male,20000.0
Female,79000.0
Female,61000.0
Male,22000.0
Male,24000.0
Male,240000.0
Female,26200.0
Female,150000.0
Male,107000.0
Male,157000.0
Male,11900.0
Female,10000.0
Male,94000.0
Female,25000.0
Female,140000.0
Female,68000.0
Female,150.0
Female,60000.0
Male,25000.0
Male,72000.0
Male,50000.0
Male,45000.0
Male,150.0
Female,50000.0
Male,50000.0
Male,28000.0
Female,2300.0
Male,65000.0
Female,30000.0
Female,83000.0
Female,40000.0
Male,40000.0
Female,106000.0
Male,74000.0
Female,75000.0
Male,180000.0
Male,50000.0
Female,30000.0
Male,35000.0
Male,37400.0
Male,166000.0
Female,42900.0
Male,180000.0
Male,94000.0
Female,26400.0
Female,67000.0
Male,132000.0
Female,58000.0
Female,24000.0
Male,36000.0
Male,50000.0
Female,20000.0
Male,2300.0
Male,80000.0
Female,42000.0
Female,66000.0
Male,53000.0
Female,8000.0
Male,10000.0
Male,35000.0
Female,2000.0
Male,5000.0
Male,60000.0
Male,54000.0
Female,25000.0
Female,18500.0
Female,240000.0
Male,300000.0
Male,49000.0
Female,153000.0
Female,85000.0
Female,65000.0
Male,83000.0
Female,1200.0
Female,108000.0
Male,70000.0
Female,25000.0
Female,127000.0
Male,48000.0
Female,5800.0
Male,80000.0
Male,200000.0
Female,40000.0
Male,48000.0
Male,47800.0
Female,50000.0
Male,48200.0
Male,52000.0
Female,90000.0
Male,50000.0
Male,130000.0
Male,60000.0
Male,40000.0
Female,100000.0
Male,33200.0
Male,102000.0
Male,65000.0
Male,16800.0
Female,21700.0
Female,30000.0
Female,1800.0
Female,5000.0
Female,170000.0
Female,45000.0
Female,28600.0
Male,300000.0
Female,148000.0
Male,37000.0
Female,55000.0
Female,100000.0
Male,100000.0
Male,70000.0
Male,11000.0
Male,54000.0
Female,49200.0
Male,50000.0
Male,6800.0
Female,80000.0
Male,120000.0
Male,85000.0
Male,70000.0
Female,60000.0
Male,40000.0
Male,100000.0
Male,99000.0
Female,51000.0
Male,15000.0
Female,50000.0
Female,20000.0
Female,67000.0
Male,190000.0
Female,3000.0
Male,75000.0
Female,29900.0
Female,80000.0
Female,22000.0
Male,120000.0
Female,85000.0
Male,85000.0
Male,56000.0
Male,250000.0
Female,32000.0
Male,180000.0
Female,6000.0
Male,16000.0
Male,200000.0
Male,54000.0
Male,52000.0
Male,150000.0
Female,82000.0
Female,125000.0
Male,96000.0
Male,2000.0
Male,54000.0
Male,1500.0
Female,44700.0
Female,50000.0
Female,45600.0
Female,37000.0
Male,158000.0
Male,9000.0
Male,120000.0
Female,160000.0
Female,38000.0
Female,57000.0
Female,15800.0
Female,120000.0
Female,75000.0
Female,56000.0
Female,40000.0
Male,15600.0
Male,17500.0
Female,34100.0
Female,75000.0
Female,33000.0
Male,120000.0
Male,60000.0
Female,95000.0
Male,22000.0
Female,75000.0
Female,54000.0
Female,68000.0
Female,290000.0
Male,128000.0
Female,164000.0
Female,130000.0
Female,55000.0
Male,77000.0
Male,14000.0
Male,16000.0
Female,15000.0
Female,39300.0
Female,500.0
Female,7500.0
Female,50000.0
Female,52000.0
Male,26000.0
Male,19600.0
Female,82000.0
Male,30000.0
Female,18000.0
Male,85000.0
Female,35000.0
Male,30000.0
Female,38000.0
Female,70000.0
Female,110000.0
Male,100000.0
Female,65000.0
Male,79000.0
Female,53000.0
Female,15000.0
Male,90000.0
Female,47000.0
Female,121000.0
Male,14000.0
Male,86000.0
Female,1600.0
Male,14700.0
Female,6000.0
Female,540.0
Female,164000.0
Male,8500.0
Male,72000.0
Male,55000.0
Female,60000.0
Male,210000.0
Female,20000.0
Female,15000.0
Male,128000.0
Female,93000.0
Female,35800.0
Female,134000.0
Female,88000.0
Male,23000.0
Female,165000.0
Female,10000.0
Female,35000.0
Female,150000.0
Male,120000.0
Female,35000.0
Male,26000.0
Female,31000.0
Male,65000.0
Male,120000.0
Male,5000.0
Female,110000.0
Male,106000.0
Female,14000.0
Male,60000.0
Female,1100.0
Male,48000.0
Female,69000.0
Female,70000.0
Male,225000.0
Male,39600.0
Female,30000.0
Female,19000.0
Male,200000.0
Male,35000.0
Female,60000.0
Male,20000.0
Female,4700.0
Female,9000.0
Male,6000.0
Male,40000.0
Female,34000.0
Male,225000.0
Female,24000.0
Female,35400.0
Male,100000.0
Male,5200.0
Female,42000.0
Male,9000.0
Female,39800.0
Male,98000.0
Male,25000.0
Male,46000.0
Female,31000.0
Male,120000.0
Female,2000.0
Male,99000.0
Female,8000.0
Male,12800.0
Female,55000.0
Male,14000.0
Male,212000.0
Female,40000.0
Female,29700.0
Female,64000.0
Female,24000.0
Female,23000.0
Female,54000.0
Female,130000.0
Female,57000.0
Male,18000.0
Male,85000.0
Male,175000.0
Male,95000.0
Female,53000.0
Female,30000.0
Female,4000.0
Male,24000.0
Male,146000.0
Male,19300.0
Female,300.0
Female,4000.0
Male,32000.0
Male,68000.0
Female,13300.0
Male,27000.0
Female,100000.0
Male,95000.0
Female,97000.0
Male,6000.0
Male,18000.0
Male,67000.0
Female,27000.0
Female,63000.0
Female,49000.0
Female,33700.0
Male,25000.0
Male,19000.0
Female,85000.0
Male,40000.0
Male,50000.0
Female,3500.0
Female,74000.0
Male,60000.0
Female,71000.0
Female,70000.0
Male,25200.0
Female,35000.0
Female,70000.0
Female,1200.0
Female,73000.0
Male,237000.0
Female,25000.0
Female,25000.0
Male,91000.0
Female,70000.0
Female,15000.0
Female,30000.0
Female,35000.0
Male,25000.0
Male,65000.0
Female,600.0
Female,82000.0
Male,22000.0
Male,160000.0
Male,2500.0
Male,75000.0
Male,4000.0
Female,70000.0
Female,84000.0
Female,40300.0
Female,28000.0
Female,200000.0
Female,1500.0
Female,5500.0
Male,1700.0
Male,130000.0
Male,151000.0
Male,4000.0
Female,252000.0
Female,6000.0
Female,50000.0
Male,65000.0
Female,75000.0
Female,30000.0
Male,50000.0
Male,50000.0
Female,25000.0
Female,80000.0
Female,90000.0
Male,25000.0
Male,135000.0
Female,21900.0
Male,180000.0
Male,44000.0
Male,110000.0
Male,33300.0
Male,60000.0
Male,25000.0
Female,51000.0
Female,70000.0
Male,35000.0
Male,58000.0
Male,52000.0
Female,50000.0
Female,59000.0
Female,55000.0
Female,92000.0
Female,9900.0
Female,65000.0
Female,135000.0
Male,137000.0
Male,200000.0
Male,52000.0
Female,95000.0
Male,60000.0
Female,40000.0
Female,40000.0
Male,80000.0
Female,36000.0
Male,12000.0
Female,15000.0
Male,70000.0
Female,58000.0
Male,65000.0
Male,2400.0
Male,2500.0
Male,89000.0
Male,48000.0
Male,100000.0
Female,48000.0
Female,30000.0
Male,200000.0
Male,135000.0
Male,85000.0
Female,76000.0
Female,15000.0
Female,60000.0
Female,280000.0
Female,24000.0
Female,69000.0
Female,42000.0
Male,63000.0
Male,160000.0
Female,74000.0
Male,51000.0
Female,20000.0
Female,5000.0
Female,55000.0
Female,14000.0
Female,53000.0
Male,30000.0
Female,30000.0
Male,21000.0
Male,24000.0
Female,32200.0
Female,40000.0
Female,45000.0
Male,16000.0
Male,182000.0
Male,57000.0
Female,155000.0
Male,116000.0
Male,52000.0
Female,60000.0
Female,30000.0
Female,60000.0
Female,20000.0
Female,135000.0
Female,100000.0
Male,41000.0
Female,17000.0
Male,23000.0
Male,80000.0
Female,4000.0
Male,26000.0
Male,40000.0
Female,19800.0
Female,62000.0
Male,68000.0
Male,62000.0
Male,26000.0
Female,16300.0
Female,30000.0
Female,60000.0
Female,80000.0
Male,60000.0
Female,55000.0
Male,30000.0
Female,40000.0
Male,16000.0
Male,17000.0
Female,16800.0
Female,120000.0
Female,5000.0
Male,110000.0
Male,36000.0
Male,95000.0
Male,32000.0
Female,165000.0
Male,82000.0
Male,17000.0
Male,50000.0
Male,150000.0
Male,139000.0
Male,123000.0
Male,185000.0
Male,122000.0
Female,46000.0
Female,12000.0
Male,20000.0
Male,100000.0
Male,216000.0
Male,10000.0
Female,47000.0
Female,115000.0
Female,100000.0
Female,21200.0
Male,236000.0
Male,14400.0
Male,125000.0
Male,93000.0
Female,40000.0
Female,58000.0
Male,9000.0
Male,100000.0
Female,17000.0
Male,27500.0
Female,55000.0
Male,63000.0
Male,96000.0
Male,300000.0
Female,41100.0
Female,25000.0
Female,218000.0
Female,40000.0
Male,80000.0
Male,45800.0
Female,3000.0
Female,5000.0
Male,55000.0
Male,5000.0
Female,25000.0
Male,120000.0
Male,35000.0
Female,85000.0
Male,52000.0
Male,29600.0
Male,20200.0
Female,68000.0
Male,350.0
Female,50000.0
Male,80000.0
Female,3000.0
Female,30000.0
Male,90000.0
Male,280000.0
Male,25000.0
Female,8200.0
Male,960.0
Male,200000.0
Female,105000.0
Male,45000.0
Female,300000.0
Female,20000.0
Female,64000.0
Female,35000.0
Male,97000.0
Female,48200.0
Male,35000.0
Male,12000.0
Male,36000.0
Male,86000.0
Female,70000.0
Female,18000.0
Female,50000.0
Female,10900.0
Female,24000.0
Female,13000.0
Female,80000.0
Male,60000.0
Male,32000.0
Female,118000.0
Male,187000.0
Female,27000.0
Female,62000.0
Female,24000.0
Female,43600.0
Male,178000.0
Male,120000.0
Male,10000.0
Female,6000.0
Female,115000.0
Male,200000.0
Male,110000.0
Female,128000.0
Male,120000.0
Female,61000.0
Male,50000.0
Female,84000.0
Female,24000.0
Male,146000.0
Female,50000.0
Female,57000.0
Female,200000.0
Female,48000.0
Female,25000.0
Female,140000.0
Male,30000.0
Female,190000.0
Male,28000.0
Female,105000.0
Male,5000.0
Male,65000.0
Female,30000.0
Male,93000.0
Male,15000.0
Female,27000.0
Male,120000.0
Female,110000.0
Female,72000.0
Female,95000.0
Female,53000.0
Female,20000.0
Female,89000.0
Female,65000.0
Male,120000.0
Male,90000.0
Female,8000.0
Male,70000.0
Male,6000.0
Male,24000.0
Male,50000.0
Male,74000.0
Male,280000.0
Male,17000.0
Male,90000.0
Female,7200.0
Male,100000.0
Male,20000.0
Female,25000.0
Male,120000.0
Female,33800.0
Male,86000.0
Female,7600.0
Female,50000.0
Male,13000.0
Male,120000.0
Female,25000.0
Male,40000.0
Female,6000.0
Female,110000.0
Male,72000.0
Female,50000.0
Male,60000.0
Female,113000.0
Male,30500.0
Female,5000.0
Female,42000.0
Female,10400.0
Female,50000.0
Male,15000.0
Male,40000.0
Male,50000.0
Male,125000.0
Female,45000.0
Male,40000.0
Male,140000.0
Male,24900.0
Male,4800.0
Male,148000.0
Female,20000.0
Male,200.0
Male,8000.0
Female,40000.0
Male,40000.0
Female,13000.0
Female,21000.0
Male,90000.0
Female,80000.0
Male,110000.0
Female,42000.0
Male,25000.0
Female,55000.0
Male,65000.0
Female,10500.0
Male,46000.0
Male,75000.0
Female,146000.0
Male,70000.0
Male,100000.0
Male,24000.0
Male,6000.0
Male,36000.0
Male,106000.0
Male,140000.0
Male,118000.0
Male,100000.0
Female,68000.0
Male,140000.0
Female,100000.0
Male,1300.0
Female,37000.0
Female,117000.0
Male,55000.0
Female,155000.0
Female,22000.0
Male,40000.0
Female,9000.0
Female,27500.0
Female,23000.0
Male,21500.0
Male,95000.0
Male,100000.0
Male,33000.0
Male,57000.0
Female,35000.0
Female,34000.0
Female,45000.0
Male,34600.0
Male,95000.0
Female,22000.0
Female,77000.0
Female,200000.0
Female,40000.0
Female,4500.0
Female,20000.0
Female,85000.0
Male,42000.0
Female,70000.0
Male,92000.0
Female,62000.0
Female,56000.0
Male,64000.0
Female,30000.0
Female,27000.0
Female,100000.0
Male,30000.0
Male,18000.0
Female,58000.0
Female,140000.0
Female,65000.0
Male,80000.0
Male,90000.0
Female,145000.0
Male,36000.0
Female,8000.0
Female,12000.0
Female,3500.0
Female,117000.0
Male,2900.0
Female,40000.0
Female,86000.0
Female,16000.0
Female,25000.0
Male,130000.0
Male,200000.0
Male,85000.0
Female,11000.0
Male,20000.0
Female,50000.0
Male,50000.0
Male,30000.0
Male,25000.0
Female,60000.0
Male,280000.0
Male,71000.0
Male,15100.0
Female,69000.0
Male,12000.0
Female,8500.0
Female,50000.0
Male,45000.0
Female,45000.0
Male,93000.0
Female,50000.0
Male,12000.0
Female,18600.0
Female,35900.0
Female,100000.0
Male,43000.0
Female,40000.0
Male,69000.0
Female,109000.0
Male,67000.0
Female,60000.0
Female,3000.0
Male,100000.0
Female,5000.0
Female,78000.0
Male,133000.0
Male,20000.0
Female,30000.0
Male,18300.0
Male,60000.0
Male,65000.0
Female,56000.0
Male,272000.0
Male,74000.0
Male,40000.0
Male,59000.0
Female,36900.0
Female,72000.0
Female,20000.0
Male,30000.0
Female,74000.0
Male,30000.0
Male,160000.0
Male,60000.0
Male,70000.0
Female,20000.0
Male,60000.0
Male,155000.0
Male,43000.0
Female,200000.0
Female,70000.0
Female,99000.0
Male,87000.0
Male,41000.0
Male,50000.0
Male,165000.0
Female,120000.0
Male,90000.0
Female,12000.0
Male,40000.0
Female,58000.0
Female,50000.0
Female,62000.0
Female,9400.0
Female,46000.0
Male,35000.0
Male,38000.0
Female,65000.0
Male,30000.0
Male,70000.0
Male,7000.0
Male,55000.0
Female,57000.0
Male,78000.0
Female,10000.0
Male,77000.0
Male,50000.0
Male,60000.0
Female,75000.0
Female,26500.0
Female,52000.0
Male,140000.0
Female,260000.0
Female,220000.0
Female,49000.0
Female,120000.0
Female,12800.0
Female,15000.0
Male,65000.0
Female,25000.0
Female,5000.0
Male,130000.0
Female,26000.0
Male,75000.0
Female,41000.0
Male,50000.0
Male,100000.0
Male,100000.0
Male,40000.0
Male,65000.0
Male,20000.0
Male,118000.0
Male,58000.0
Male,55000.0
Female,34300.0
Female,32000.0
Female,34600.0
Male,135000.0
Male,80000.0
Male,70000.0
Female,130000.0
Male,31000.0
Male,22000.0
Male,55000.0
Male,200000.0
Female,25000.0
Male,40000.0
Male,65000.0
Female,41000.0
Female,55000.0
Female,72000.0
Female,31000.0
Male,88000.0
Male,10000.0
Male,75000.0
Male,104000.0
Male,26300.0
Male,50000.0
Male,99000.0
Female,68000.0
Female,30000.0
Female,57000.0
Male,24000.0
Male,30000.0
Female,80000.0
Male,70000.0
Male,55000.0
Male,95000.0
Female,51000.0
Male,51000.0
Male,42800.0
Female,96000.0
Female,18000.0
Female,11000.0
Female,52000.0
Male,69000.0
Female,60000.0
Male,100000.0
Female,13700.0
Female,36000.0
Female,37000.0
Female,20000.0
Male,34000.0
Male,50000.0
Female,60000.0
Male,167000.0
Male,120000.0
Female,10000.0
Female,13500.0
Female,10400.0
Male,5000.0
Female,162000.0
Female,31800.0
Female,58000.0
Female,115000.0
Male,58000.0
Male,45000.0
Male,103000.0
Female,16000.0
Female,144000.0
Male,50000.0
Female,41600.0
Female,10000.0
Male,90000.0
Female,20000.0
Female,10000.0
Male,140000.0
Male,240000.0
Male,125000.0
Female,52000.0
Male,120000.0
Male,140000.0
Female,40000.0
Female,120000.0
Male,60000.0
Female,54000.0
Male,180000.0
Female,117000.0
Male,1200.0
Male,73000.0
Female,35000.0
Female,120000.0
Female,50000.0
Male,80000.0
Female,60000.0
Male,52000.0
Male,80000.0
Female,6800.0
Female,20000.0
Male,50000.0
Male,8000.0
Male,50000.0
Male,82000.0
Male,50000.0
Female,500.0
Male,188000.0
Male,20000.0
Female,74000.0
Male,120000.0
Female,85000.0
Female,175000.0
Female,2500.0
Female,72000.0
Female,850.0
Female,50000.0
Male,70000.0
Female,3000.0
Female,54000.0
Female,55000.0
Female,40000.0
Male,82000.0
Female,70000.0
Female,18500.0
Female,44000.0
Male,200000.0
Male,49000.0
Female,150.0
Female,25000.0
Male,65000.0
Male,145000.0
Female,140000.0
Female,42000.0
Male,50000.0
Female,11100.0
Male,105000.0
Female,37800.0
Male,5000.0
Female,120000.0
Male,10000.0
Female,80000.0
Female,80000.0
Female,30000.0
Female,46600.0
Male,100000.0
Male,50000.0
Female,20000.0
Female,50000.0
Male,140000.0
Female,125000.0
Female,20000.0
Male,200000.0
Female,38000.0
Female,145000.0
Male,12100.0
Female,110000.0
Female,12000.0
Female,28600.0
Female,84000.0
Female,12400.0
Female,43700.0
Male,53000.0
Male,26000.0
Female,25000.0
Male,50000.0
Male,92000.0
Male,25000.0
Male,100000.0
Female,30000.0
Female,4500.0
Male,20000.0
Female,14000.0
Female,200000.0
Male,82000.0
Male,60000.0
Female,56000.0
Female,13000.0
Male,20000.0
Male,28000.0
Male,32000.0
Male,29800.0
Female,80000.0
Male,146000.0
Male,34600.0
Male,38000.0
Female,61000.0
Female,50000.0
Male,35000.0
Male,22000.0
Female,25000.0
Male,150000.0
Male,5000.0
Female,115000.0
Female,44000.0
Female,70000.0
Female,4500.0
Female,80000.0
Male,160000.0
Female,30000.0
Female,75000.0
Female,151000.0
Female,45300.0
Male,65000.0
Female,24000.0
Male,20000.0
Male,90000.0
Female,69000.0
Male,25000.0
Male,30000.0
Female,75000.0
Male,28000.0
Male,150000.0
Female,24000.0
Female,45000.0
Male,130000.0
Male,126000.0
Male,4000.0
Male,33700.0
Female,16000.0
Male,69000.0
Female,160000.0
Male,92000.0
Male,6900.0
Female,25000.0
Female,10000.0
Female,33000.0
Female,13000.0
Male,64000.0
Female,100000.0
Female,7400.0
Male,255000.0
Female,7100.0
Male,200000.0
Female,18300.0
Male,78000.0
Female,125000.0
Male,69000.0
Female,47500.0
Female,4800.0
Male,80000.0
Male,75000.0
Male,185000.0
Male,108000.0
Female,50000.0
Female,100.0
Female,37000.0
Male,120000.0
Female,28000.0
Male,65000.0
Female,107000.0
Female,100000.0
Female,20000.0
Female,65000.0
Male,112000.0
Female,65000.0
Male,150000.0
Female,36000.0
Female,48000.0
Female,15000.0
Male,150000.0
Male,105000.0
Male,240000.0
Female,50000.0
Female,60000.0
Female,108000.0
Female,36000.0
Male,100000.0
Male,80000.0
Male,20000.0
Male,27000.0
Female,70000.0
Male,150000.0
Female,75000.0
Male,110000.0
Male,2500.0
Male,41700.0
Female,74000.0
Female,11000.0
Female,54000.0
Male,106000.0
Female,75000.0
Female,74000.0
Female,1000.0
Male,48900.0
Female,90000.0
Female,6000.0
Male,12000.0
Male,9600.0
Male,62000.0
Female,5000.0
Female,24000.0
Female,43800.0
Male,200000.0
Female,30000.0
Female,4000.0
Male,125000.0
Male,79000.0
Female,25500.0
Female,80000.0
Female,40000.0
Female,40000.0
Male,18400.0
Female,45000.0
Female,200000.0
Female,5000.0
Male,99000.0
Female,32000.0
Female,65000.0
Female,158000.0
Male,38000.0
Female,2000.0
Female,25000.0
Female,70000.0
Male,106000.0
Male,35000.0
Male,93000.0
Female,75000.0
Female,66000.0
Female,215000.0
Female,30000.0
Female,12000.0
Female,41000.0
Female,56000.0
Female,24000.0
Male,130000.0
Male,830.0
Male,150000.0
Male,49700.0
Female,33000.0
Female,30000.0
Female,73000.0
Female,26000.0
Male,26000.0
Male,28000.0
Male,23300.0
Female,60000.0
Male,80000.0
Male,160000.0
Male,16000.0
Female,35000.0
Male,6400.0
Male,110000.0
Female,132000.0
Male,78000.0
Female,75000.0
Male,40000.0
Female,9000.0
Male,50000.0
Male,60000.0
Female,1000.0
Male,100000.0
Male,25000.0
Female,45000.0
Female,27600.0
Male,44700.0
Female,80000.0
Male,18000.0
Male,90000.0
Female,62000.0
Male,60000.0
Female,66000.0
Male,40000.0
Male,95000.0
Female,102000.0
Female,44500.0
Female,14000.0
Female,500.0
Male,3000.0
Female,92000.0
Female,90000.0
Male,40000.0
Male,24000.0
Male,10000.0
Male,36300.0
Female,50000.0
Male,90000.0
Male,12000.0
Female,100000.0
Male,35000.0
Female,75000.0
Male,6000.0
Female,14400.0
Male,3500.0
Male,2000.0
Male,65000.0
Female,10000.0
Female,2000.0
Female,65000.0
Female,140000.0
Female,35000.0
Male,25000.0
Male,70000.0
Male,90000.0
Female,160000.0
Female,75000.0
Male,10700.0
Male,15000.0
Male,76000.0
Male,90.0
Female,6800.0
Male,75000.0
Female,22500.0
Female,10000.0
Male,100000.0
Male,16000.0
Female,41000.0
Male,80000.0
Male,20000.0
Female,31200.0
Male,110000.0
Female,66000.0
Female,13000.0
Female,150000.0
Male,30000.0
Male,76000.0
Female,24300.0
Male,80000.0
Male,100000.0
Male,7000.0
Male,35000.0
Male,110000.0
Male,34000.0
Female,28000.0
Female,18000.0
Male,202000.0
Female,70000.0
Female,85000.0
Male,12000.0
Male,130000.0
Male,78000.0
Female,30000.0
Female,26000.0
Female,30000.0
Female,163000.0
Female,50000.0
Female,60000.0
Female,73000.0
Male,10500.0
Male,50000.0
Male,55000.0
Female,30000.0
Female,3200.0
Female,60000.0
Female,72000.0
Male,130000.0
Female,34000.0
Male,16000.0
Male,2400.0
Female,3500.0
Female,7500.0
Female,14400.0
Male,3500.0
Male,103000.0
Male,60000.0
Female,48000.0
Female,110000.0
Male,67000.0
Female,20000.0
Male,200000.0
Male,90000.0
Male,130000.0
Female,150000.0
Male,62000.0
Female,33000.0
Male,52000.0
Female,2000.0
Male,35000.0
Male,40000.0
Female,65000.0
Female,50000.0
Male,116000.0
Female,150000.0
Male,131000.0
Male,200000.0
Male,30000.0
Female,160000.0
Male,27000.0
Female,35600.0
Female,45000.0
Male,118000.0
Male,9800.0
Female,75000.0
Female,18000.0
Female,25000.0
Female,25000.0
Female,57000.0
Female,162000.0
Male,219000.0
Female,235000.0
Female,2900.0
Male,55000.0
Male,105000.0
Female,70000.0
Female,60000.0
Female,70000.0
Female,43000.0
Male,11000.0
Female,16000.0
Male,43300.0
Female,130000.0
Female,80000.0
Female,10800.0
Male,32000.0
Male,130000.0
Female,3200.0
Female,88000.0
Female,35700.0
Female,47000.0
Female,12000.0
Male,25800.0
Female,29100.0
Male,8200.0
Female,60000.0
Female,59000.0
Male,46000.0
Female,7900.0
Female,14000.0
Male,60000.0
Male,18000.0
Male,25000.0
Male,38400.0
Male,54000.0
Female,20000.0
Female,16100.0
Male,40000.0
Female,20000.0
Female,23000.0
Female,70000.0
Male,10000.0
Female,37000.0
Female,63000.0
Female,100000.0
Female,1100.0
Female,32000.0
Male,120000.0
Male,80000.0
Male,48000.0
Female,68000.0
Female,75000.0
Male,2500.0
Male,40000.0
Female,56000.0
Male,36000.0
Male,84000.0
Male,66000.0
Female,2400.0
Female,103000.0
Female,148000.0
Male,40000.0
Female,46000.0
Male,9000.0
Female,137000.0
Female,156000.0
Female,8000.0
Male,80000.0
Male,49900.0
Female,45000.0
Female,16800.0
Male,38400.0
Male,75000.0
Female,24000.0
Male,150000.0
Male,125000.0
Female,54000.0
Female,35000.0
Female,20000.0
Female,20000.0
Male,50000.0
Female,44500.0
Male,80000.0
Male,8600.0
Male,45000.0
Female,8000.0
Male,50000.0
Female,100000.0
Male,16200.0
Male,26000.0
Male,15000.0
Female,68000.0
Female,10000.0
Male,152000.0
Female,30000.0
Female,20000.0
Male,160000.0
Female,42000.0
Female,22000.0
Male,4400.0
Female,232000.0
Male,55000.0
Male,38600.0
Female,6000.0
Female,200000.0
Male,45000.0
Female,34000.0
Male,50000.0
Male,125000.0
Female,120000.0
Female,44500.0
Female,100000.0
Male,11000.0
Female,100000.0
Male,80000.0
Female,35000.0
Male,41600.0
Male,84000.0
Male,100000.0
Female,78000.0
Male,400.0
Female,86000.0
Female,24000.0
Male,19100.0
Female,11000.0
Male,39000.0
Male,30000.0
Female,65000.0
Male,7500.0
Male,100000.0
Female,8000.0
Female,165000.0
Female,10000.0
Male,60000.0
Male,2800.0
Female,61000.0
Female,43000.0
Female,20000.0
Male,40000.0
Female,34000.0
Female,55000.0
Female,75000.0
Male,70000.0
Male,33800.0
Female,46000.0
Male,85000.0
Male,60000.0
Female,33200.0
Female,54000.0
Female,19000.0
Male,2800.0
Male,69000.0
Male,34000.0
Female,81000.0
Female,55000.0
Female,150000.0
Female,175000.0
Male,93000.0
Female,37000.0
Female,40800.0
Male,13000.0
Male,25000.0
Female,150000.0
Male,120000.0
Male,65000.0
Male,12000.0
Female,26300.0
Male,103000.0
Female,110000.0
Male,12000.0
Female,2500.0
Male,30000.0
Male,10000.0
Male,37000.0
Female,40000.0
Female,32400.0
Female,170000.0
Male,75000.0
Female,66000.0
Male,16000.0
Female,230000.0
Female,11300.0
Female,30000.0
Male,90000.0
Female,4900.0
Male,120000.0
Female,60000.0
Male,64000.0
Male,36000.0
Female,50000.0
Male,77000.0
Male,32000.0
Male,75000.0
Female,34000.0
Male,140000.0
Female,30000.0
Male,200000.0
Male,1300.0
Male,60000.0
Female,80000.0
Male,15000.0
Female,80000.0
Female,80000.0
Male,5800.0
Female,99000.0
Female,52000.0
Female,1700.0
Female,2400.0
Male,42000.0
Male,2000.0
Female,25000.0
Male,70000.0
Male,144000.0
Male,36600.0
Female,23100.0
Female,155000.0
Female,36000.0
Male,2700.0
Female,70000.0
Female,95000.0
Female,11000.0
Male,93000.0
Female,29000.0
Male,12000.0
Female,7800.0
Female,71000.0
Female,107000.0
Female,34000.0
Male,78000.0
Female,130000.0
Female,12000.0
Male,117000.0
Male,85000.0
Male,95000.0
Male,224000.0
Female,5000.0
Female,40000.0
Female,54000.0
Female,65000.0
Female,32000.0
Male,110000.0
Male,35900.0
Male,6100.0
Male,27000.0
Male,78000.0
Female,48300.0
Male,45800.0
Male,55000.0
Female,11000.0
Male,60000.0
Male,80000.0
Female,84000.0
Female,20000.0
Male,40000.0
Male,54000.0
Female,35100.0
Male,100000.0
Male,60000.0
Female,9600.0
Male,25000.0
Female,12000.0
Female,40000.0
Male,79000.0
Female,66000.0
Female,51000.0
Female,35000.0
Female,15200.0
Male,110000.0
Female,1200.0
Male,170000.0
Female,10000.0
Female,40000.0
Female,31200.0
Female,275000.0
Female,13100.0
Male,48000.0
Male,75000.0
Female,36000.0
Female,8300.0
Female,75000.0
Male,119000.0
Male,59000.0
Female,20000.0
Male,35000.0
Female,36000.0
Male,60000.0
Female,12000.0
Male,60000.0
Male,18000.0
Female,64000.0
Male,65000.0
Male,150000.0
Female,80000.0
Female,40000.0
Male,138000.0
Male,100000.0
Male,168000.0
Female,15000.0
Female,35800.0
Male,110000.0
Male,131000.0
Female,120000.0
Male,70000.0
Female,80000.0
Male,19100.0
Female,12000.0
Male,33000.0
Female,1700.0
Female,45000.0
Male,50000.0
Female,400.0
Female,48000.0
Female,35000.0
Female,2500.0
Female,30000.0
Male,50000.0
Female,10000.0
Male,87000.0
Male,250000.0
Female,25000.0
Female,55000.0
Male,85000.0
Male,35000.0
Female,6800.0
Male,40000.0
Female,13000.0
Female,70000.0
Male,30000.0
Male,6800.0
Female,26000.0
Female,110000.0
Male,5000.0
Male,31400.0
Male,90000.0
Female,114000.0
Male,60000.0
Male,83000.0
Female,120000.0
Male,40000.0
Female,2000.0
Female,4000.0
Female,50000.0
Female,185000.0
Male,38000.0
Female,40100.0
Female,24000.0
Female,7000.0
Male,30000.0
Male,73000.0
Male,80000.0
Male,42000.0
Female,65000.0
Female,5000.0
Female,30000.0
Male,135000.0
Male,107000.0
Female,19400.0
Female,50000.0
Male,98000.0
Female,10000.0
Male,40000.0
Female,18800.0
Male,60000.0
Male,125000.0
Male,74000.0
Female,180000.0
Male,110000.0
Male,185000.0
Male,160000.0
Female,50000.0
Female,32400.0
Female,20800.0
Male,90000.0
Male,17100.0
Female,30000.0
Male,40000.0
Female,1000.0
Female,22000.0
Female,13400.0
Male,150000.0
Male,24000.0
Female,89000.0
Female,2000.0
Male,60000.0
Female,115000.0
Female,70000.0
Female,30000.0
Male,68000.0
Male,88000.0
Male,90000.0
Male,49400.0
Female,52000.0
Male,257000.0
Male,30000.0
Male,75000.0
Female,30000.0
Female,39000.0
Male,6900.0
Female,20000.0
Male,14000.0
Male,32000.0
Male,100000.0
Male,45000.0
Female,30000.0
Male,60000.0
Female,6000.0
Female,48000.0
Female,32000.0
Male,70000.0
Male,65000.0
Male,105000.0
Female,910.0
Female,4000.0
Female,38900.0
Male,28000.0
Male,2500.0
Female,100000.0
Male,4000.0
Male,120000.0
Female,10000.0
Female,20000.0
Female,4000.0
Male,50000.0
Female,145000.0
Male,26400.0
Female,79000.0
Male,40000.0
Male,85000.0
Female,52000.0
Male,110000.0
Male,80000.0
Female,29000.0
Female,85000.0
Female,12200.0
Female,135000.0
Female,74000.0
Male,28000.0
Male,43000.0
Female,55000.0
Female,12000.0
Male,6200.0
Male,85000.0
Male,25000.0
Male,3000.0
Female,40000.0
Female,74000.0
Male,59000.0
Female,31200.0
Female,145000.0
Female,7000.0
Female,3100.0
Male,20000.0
Male,48000.0
Female,205000.0
Male,51000.0
Male,90000.0
Male,10000.0
Female,70000.0
Male,10000.0
Male,85000.0
Female,125000.0
Male,80000.0
Female,145000.0
Female,58000.0
Male,38000.0
Female,46000.0
Male,110000.0
Male,65000.0
Female,94000.0
Female,63000.0
Female,110000.0
Male,16800.0
Female,11000.0
Female,115000.0
Female,40000.0
Male,26000.0
Male,12800.0
Male,258000.0
Female,90000.0
Male,79000.0
Female,66000.0
Female,10000.0
Female,50000.0
Male,25900.0
Female,118000.0
Female,2900.0
Female,50000.0
Male,129000.0
Male,40000.0
Male,30000.0
Male,95000.0
Male,165000.0
Female,225000.0
Male,170000.0
Female,18700.0
Male,70000.0
Male,70000.0
Female,83000.0
Female,150000.0
Female,20000.0
Female,150000.0
Female,35000.0
Male,56000.0
Female,62000.0
Female,20000.0
Male,150000.0
Female,130000.0
Male,117000.0
Male,22500.0
Male,41600.0
Male,50000.0
Male,45000.0
Male,22000.0
Female,75000.0
Female,68000.0
Male,35000.0
Male,55000.0
Female,100000.0
Male,70000.0
Male,25000.0
Male,120000.0
Female,125000.0
Male,120000.0
Male,55000.0
Female,23900.0
Male,41000.0
Male,125000.0
Female,1500.0
Male,95000.0
Female,32000.0
Female,4200.0
Female,170000.0
Female,200000.0
Male,93000.0
Female,45000.0
Female,68000.0
Male,106000.0
Female,58000.0
Female,72000.0
Female,12000.0
Male,47000.0
Female,95000.0
Female,46800.0
Male,129000.0
Male,20000.0
Female,65000.0
Male,27000.0
Female,38000.0
Female,68000.0
Male,30000.0
Female,28000.0
Male,300000.0
Female,51000.0
Female,25000.0
Male,40000.0
Female,25600.0
Female,15000.0
Female,55000.0
Female,11000.0
Female,30000.0
Male,160000.0
Female,16000.0
Female,36000.0
Male,30000.0
Male,60000.0
Female,100000.0
Male,11800.0
Male,72000.0
Female,69000.0
Female,50000.0
Female,25000.0
Female,38000.0
Female,40000.0
Female,5000.0
Female,104000.0
Male,156000.0
Male,70000.0
Male,42000.0
Male,50000.0
Female,76000.0
Male,30000.0
Male,20000.0
Male,26000.0
Female,42000.0
Male,70000.0
Male,35000.0
Female,80000.0
Male,25000.0
Female,29000.0
Female,33000.0
Female,10000.0
Male,75000.0
Male,110000.0
Female,33000.0
Female,35300.0
Female,43000.0
Female,50000.0
Male,50000.0
Female,100000.0
Male,31200.0
Female,90000.0
Female,28000.0
Female,6000.0
Female,21000.0
Female,1800.0
Male,96000.0
Male,90000.0
Male,1000.0
Female,103000.0
Female,3800.0
Female,200000.0
Female,24000.0
Female,119000.0
Male,46000.0
Male,27000.0
Female,25000.0
Male,30000.0
Female,70000.0
Male,5000.0
Male,45000.0
Female,300000.0
Male,88000.0
Female,70000.0
Female,88000.0
Male,90000.0
Male,250000.0
Female,20000.0
Female,45000.0
Female,67000.0
Female,63000.0
Male,62000.0
Female,30000.0
Female,75000.0
Male,8000.0
Male,165000.0
Female,33000.0
Male,123000.0
Female,20000.0
Female,2500.0
Female,74000.0
Female,67000.0
Female,36000.0
Male,90000.0
Male,250000.0
Male,235000.0
Male,62000.0
Female,31200.0
Female,9000.0
Female,30800.0
Female,48000.0
Male,40000.0
Female,67000.0
Female,60000.0
Male,95000.0
Female,31600.0
Female,1100.0
Female,30600.0
Male,152000.0
Male,75000.0
Male,100000.0
Male,65000.0
Female,98000.0
Male,27800.0
Male,115000.0
Male,5000.0
Female,86000.0
Male,61000.0
Male,50000.0
Male,3300.0
Male,33000.0
Male,38000.0
Male,110000.0
Female,60000.0
Female,93000.0
Female,2200.0
Female,12000.0
Female,2000.0
Male,79000.0
Female,29700.0
Male,145000.0
Female,39000.0
Female,51000.0
Female,70000.0
Male,35000.0
Male,12000.0
Female,75000.0
Male,42300.0
Male,61000.0
Female,27000.0
Male,97000.0
Male,64000.0
Male,2400.0
Female,120000.0
Male,5000.0
Female,20000.0
Female,28000.0
Male,150000.0
Female,22000.0
Female,33500.0
Male,12000.0
Male,96000.0
Male,4100.0
Female,52000.0
Female,300.0
Female,35000.0
Female,50000.0
Female,30000.0
Female,3600.0
Female,40000.0
Female,60000.0
Female,23300.0
Male,20000.0
Female,38000.0
Female,25000.0
Male,198000.0
Female,33700.0
Male,60000.0
Male,14400.0
Female,21000.0
Female,70000.0
Male,120000.0
Male,100000.0
Female,2500.0
Male,8500.0
Female,15000.0
Male,112000.0
Male,20000.0
Male,50000.0
Female,28000.0
Female,30000.0
Female,65000.0
Female,46600.0
Female,53000.0
Female,20000.0
Male,112000.0
Female,62000.0
Female,2200.0
Male,72000.0
Female,45000.0
Female,12000.0
Female,70000.0
Female,50000.0
Male,42100.0
Male,130.0
Female,95000.0
Female,7800.0
Male,90000.0
Male,25800.0
Female,24000.0
Female,40000.0
Male,42000.0
Male,4000.0
Female,55000.0
Male,48500.0
Female,50000.0
Female,75000.0
Female,42000.0
Female,22000.0
Male,60000.0
Male,75000.0
Male,58000.0
Female,24000.0
Female,60000.0
Female,28500.0
Male,9000.0
Male,72000.0
Female,30000.0
Male,60000.0
Female,146000.0
Female,58000.0
Female,70000.0
Female,15000.0
Male,72000.0
Male,100000.0
Female,35000.0
Female,78000.0
Female,26000.0
Male,53000.0
Male,47000.0
Male,50000.0
Male,20000.0
Female,162000.0
Male,212000.0
Female,40000.0
Female,30000.0
Male,38000.0
Male,108000.0
Female,80000.0
Female,6000.0
Male,111000.0
Male,92000.0
Male,70000.0
Female,31000.0
Female,6000.0
Male,190000.0
Male,70000.0
Male,24000.0
Male,5000.0
Female,32000.0
Male,50000.0
Male,35000.0
Female,12000.0
Male,25400.0
Female,28000.0
Male,75000.0
Female,36400.0
Male,49200.0
Female,20000.0
Female,5000.0
Female,60000.0
Female,110000.0
Male,20000.0
Male,55000.0
Male,40000.0
Male,54000.0
Female,105000.0
Female,1400.0
Female,1200.0
Male,34000.0
Male,84000.0
Male,36000.0
Female,56000.0
Male,20000.0
Male,290000.0
Female,30000.0
Female,60000.0
Female,80000.0
Female,90000.0
Male,39000.0
Female,90000.0
Female,80000.0
Female,100.0
Male,24000.0
Male,132000.0
Female,20000.0
Female,85000.0
Female,15000.0
Female,32000.0
Female,250000.0
Female,100.0
Male,70000.0
Female,40000.0
Male,30000.0
Male,50000.0
Male,42000.0
Female,24000.0
Female,14000.0
Male,205000.0
Female,5000.0
Male,50000.0
Male,55000.0
Male,130000.0
Female,70000.0
Male,103000.0
Female,20000.0
Female,12600.0
Male,36000.0
Male,47000.0
Male,3000.0
Female,45000.0
Female,19500.0
Male,51000.0
Male,80000.0
Male,70000.0
Male,222000.0
Female,69000.0
Female,40000.0
Female,104000.0
Female,18000.0
Female,40000.0
Male,130000.0
Female,45000.0
Female,40000.0
Female,25000.0
Male,10000.0
Male,68000.0
Female,40000.0
Female,13000.0
Female,68000.0
Female,20000.0
Male,140000.0
Female,1000.0
Female,54000.0
Female,30000.0
Female,10000.0
Female,54000.0
Female,53000.0
Male,35500.0
Female,30000.0
Female,130.0
Male,70000.0
Female,18000.0
Female,58000.0
Female,45000.0
Male,80000.0
Female,130000.0
Female,40000.0
Female,200000.0
Male,253000.0
Male,61000.0
Female,21000.0
Female,30000.0
Male,180000.0
Male,4000.0
Female,40000.0
Female,22000.0
Female,800.0
Female,35000.0
Male,10000.0
Female,99000.0
Female,3000.0
Male,52000.0
Female,200000.0
Male,50000.0
Male,15000.0
Male,15200.0
Male,600.0
Male,120000.0
Female,135000.0
Male,3700.0
Male,129000.0
Male,42600.0
Male,82000.0
Female,27000.0
Male,85000.0
Male,65000.0
Female,115000.0
Female,21000.0
Female,35000.0
Female,37000.0
Male,180000.0
Female,6100.0
Female,30000.0
Male,51000.0
Female,60000.0
Female,99000.0
Male,29000.0
Female,32000.0
Male,32000.0
Male,55000.0
Male,70000.0
Male,21000.0
Male,47300.0
Female,76000.0
Male,235000.0
Male,40000.0
Male,128000.0
Female,69000.0
Male,85000.0
Female,100000.0
Male,65000.0
Male,17000.0
Male,36000.0
Male,10000.0
Male,60000.0
Male,45000.0
Male,70000.0
Female,5000.0
Male,120000.0
Male,90000.0
Female,42000.0
Female,68000.0
Male,30000.0
Female,45000.0
Male,80000.0
Male,250000.0
Male,60000.0
Male,106000.0
Male,36000.0
Male,16000.0
Female,42500.0
Female,63000.0
Male,28600.0
Female,24500.0
Male,135000.0
Male,2100.0
Female,32000.0
Female,18000.0
Female,6000.0
Female,36000.0
Male,45000.0
Female,65000.0
Male,9400.0
Male,80000.0
Male,143000.0
Female,69000.0
Male,150000.0
Female,92000.0
Male,26000.0
Female,36000.0
Male,220000.0
Female,80000.0
Male,66000.0
Male,52000.0
Male,120000.0
Female,60000.0
Male,90000.0
Male,70000.0
Male,280000.0
Female,160000.0
Female,40000.0
Female,50000.0
Female,56000.0
Female,33200.0
Female,78000.0
Male,95000.0
Male,15000.0
Female,70000.0
Female,75000.0
Female,107000.0
Female,110000.0
Female,28400.0
Male,115000.0
Male,176000.0
Female,6000.0
Male,60000.0
Female,36000.0
Male,50000.0
Male,48000.0
Female,12000.0
Female,40200.0
Male,31200.0
Female,44900.0
Male,64000.0
Female,21000.0
Male,250000.0
Male,165000.0
Female,200000.0
Male,140000.0
Male,175000.0
Male,123000.0
Male,39000.0
Female,29000.0
Female,1500.0
Female,77000.0
Female,78000.0
Female,73000.0
Male,182000.0
Female,125000.0
Male,150000.0
Male,42000.0
Female,67000.0
Female,20000.0
Female,13500.0
Female,10000.0
Female,55000.0
Male,45000.0
Female,42000.0
Female,16300.0
Female,75000.0
Male,150000.0
Male,65000.0
Female,25000.0
Female,34000.0
Male,150000.0
Female,30000.0
Male,3000.0
Female,18000.0
Male,85000.0
Female,105000.0
Male,200000.0
Female,57000.0
Female,65000.0
Male,22000.0
Female,45000.0
Female,90000.0
Female,1700.0
Male,43500.0
Female,30000.0
Male,56000.0
Female,30000.0
Male,18700.0
Female,6600.0
Male,30000.0
Male,131000.0
Female,56000.0
Male,25000.0
Female,2000.0
Female,3000.0
Male,110000.0
Male,240000.0
Male,90000.0
Male,200000.0
Female,80000.0
Male,66000.0
Male,100000.0
Male,120000.0
Male,57000.0
Male,6000.0
Female,10000.0
Female,23000.0
Female,97000.0
Male,72000.0
Male,46800.0
Female,42200.0
Female,43000.0
Male,28800.0
Female,30000.0
Male,85000.0
Female,11000.0
Female,150000.0
Female,18000.0
Female,4000.0
Female,23000.0
Male,60000.0
Male,60000.0
Male,105000.0
Male,80000.0
Female,45000.0
Male,200000.0
Female,88000.0
Female,72000.0
Male,102000.0
Male,15000.0
Female,45000.0
Male,24000.0
Male,36000.0
Female,130000.0
Female,41000.0
Female,74000.0
Male,57000.0
Female,4500.0
Female,26300.0
Male,59000.0
Female,90000.0
Male,120000.0
Male,140000.0
Male,48000.0
Male,125000.0
Male,42000.0
Male,50000.0
Male,178000.0
Male,26000.0
Male,5000.0
Female,75000.0
Female,15000.0
Female,29000.0
Female,35000.0
Female,17300.0
Male,146000.0
Male,30000.0
Female,90000.0
Female,67000.0
Female,89000.0
Male,8000.0
Male,262000.0
Male,60000.0
Female,65000.0
Male,55000.0
Female,41000.0
Male,60000.0
Female,95000.0
Male,32000.0
Female,12000.0
Male,102000.0
Male,39000.0
Male,33200.0
Female,97000.0
Female,165000.0
Male,150000.0
Male,68000.0
Male,83000.0
Male,35000.0
Male,60000.0
Male,600.0
Female,55000.0
Female,35000.0
Female,50000.0
Female,48000.0
Male,80000.0
Male,75000.0
Female,25000.0
Male,80000.0
Female,20000.0
Male,9600.0
Male,31000.0
Male,49000.0
Female,42000.0
Female,100000.0
Female,16500.0
Female,100000.0
Male,55000.0
Male,3000.0
Female,95000.0
Male,45000.0
Male,50000.0
Male,27100.0
Female,32000.0
Female,120000.0
Male,75000.0
Female,20000.0
Female,160000.0
Female,40300.0
Male,150000.0
Male,11000.0
Female,30000.0
Male,65000.0
Male,82000.0
Female,106000.0
Female,15000.0
Male,80000.0
Female,75000.0
Male,53000.0
Male,72000.0
Male,82000.0
Male,50000.0
Female,32000.0
Male,60000.0
Male,70000.0
Male,100000.0
Female,42800.0
Female,30000.0
Female,10400.0
Male,62000.0
Female,20000.0
Female,3000.0
Male,150000.0
Female,30000.0
Male,90000.0
Female,9700.0
Male,275000.0
Male,25000.0
Female,26400.0
Female,36000.0
Female,19000.0
Female,90000.0
Female,30000.0
Female,150000.0
Female,14000.0
Female,35400.0
Female,5700.0
Female,60000.0
Male,43000.0
Male,20000.0
Female,200000.0
Female,75000.0
Female,35000.0
Male,47000.0
Female,90000.0
Female,250000.0
Male,185000.0
Female,32000.0
Female,280000.0
Female,95000.0
Female,65000.0
Female,79000.0
Female,145000.0
Female,30000.0
Female,130000.0
Female,20000.0
Male,19500.0
Female,20000.0
Male,90000.0
Female,65000.0
Male,92000.0
Male,22400.0
Female,13900.0
Male,60000.0
Male,150000.0
Male,30000.0
Male,90000.0
Male,120000.0
Male,5000.0
Male,100000.0
Male,75000.0
Male,7500.0
Female,30000.0
Male,69000.0
Female,45000.0
Female,250000.0
Male,185000.0
Male,74000.0
Female,7000.0
Male,109000.0
Male,63000.0
Male,40000.0
Male,67000.0
Male,126000.0
Male,60000.0
Female,50000.0
Male,60000.0
Male,52000.0
Male,63000.0
Male,10000.0
Female,48300.0
Female,19200.0
Male,100000.0
Male,19700.0
Male,30000.0
Male,6000.0
Female,5700.0
Female,6000.0
Male,30000.0
Female,19000.0
Male,55000.0
Female,34000.0
Female,43200.0
Male,1200.0
Female,146000.0
Male,100000.0
Male,150000.0
Female,15000.0
Female,40000.0
Female,68000.0
Female,50000.0
Male,80000.0
Female,60000.0
Male,35000.0
Male,70000.0
Male,81000.0
Female,48800.0
Female,85000.0
Male,1000.0
Male,1500.0
Male,18000.0
Male,56000.0
Female,52000.0
Female,30000.0
Male,150000.0
Male,7200.0
Male,91000.0
Male,43000.0
Male,125000.0
Female,83000.0
Male,15000.0
Male,131000.0
Female,500.0
Male,80000.0
Female,70000.0
Female,110000.0
Male,126000.0
Female,40000.0
Male,60000.0
Male,95000.0
Female,78000.0
Female,36000.0
Male,65000.0
Male,25000.0
Female,38000.0
Male,130000.0
Male,90000.0
Male,60000.0
Female,200000.0
Female,25500.0
Female,2200.0
Male,35000.0
Male,160000.0
Male,16900.0
Male,2000.0
Female,50000.0
Female,31000.0
Female,2000.0
Female,34000.0
Male,40000.0
Male,4800.0
Female,28900.0
Male,118000.0
Male,122000.0
Female,39500.0
Male,250000.0
Male,65000.0
Female,22000.0
Male,5000.0
Male,108000.0
Male,11300.0
Female,32600.0
Male,62000.0
Male,1200.0
Female,70000.0
Male,45200.0
Female,70000.0
Female,64000.0
Female,55000.0
Female,12000.0
Male,56000.0
Female,100000.0
Female,125000.0
Female,100000.0
Female,40000.0
Male,31000.0
Female,22000.0
Male,40000.0
Female,26000.0
Female,20000.0
Male,200000.0
Female,200000.0
Female,9000.0
Female,9000.0
Female,123000.0
Male,26000.0
Female,21000.0
Female,12000.0
Male,9600.0
Male,40000.0
Female,41000.0
Female,5700.0
Male,12000.0
Female,13900.0
Male,1800.0
Female,83000.0
Female,26000.0
Male,45000.0
Male,260000.0
Female,38000.0
Male,68000.0
Male,8200.0
Male,70000.0
Female,40000.0
Male,53000.0
Female,60.0
Female,130000.0
Female,63000.0
Male,54000.0
Female,59000.0
Female,28000.0
Male,35000.0
Female,30000.0
Female,130000.0
Female,4800.0
Female,58000.0
Female,150000.0
Female,39000.0
Female,70000.0
Male,5000.0
Female,37600.0
Male,50000.0
Female,50000.0
Male,300000.0
Female,2000.0
Female,6000.0
Female,31800.0
Male,200000.0
Female,260000.0
Female,30000.0
Female,2500.0
Female,5000.0
Female,6300.0
Female,1600.0
Female,10000.0
Male,30000.0
Male,68000.0
Male,60000.0
Female,150000.0
Female,10800.0
Male,1200.0
Female,119000.0
Female,22600.0
Male,40000.0
Female,24000.0
Male,35000.0
Male,32000.0
Female,48000.0
Male,92000.0
Male,80000.0
Female,30000.0
Male,95000.0
Female,32000.0
Female,83000.0
Female,50000.0
Female,100000.0
Female,150000.0
Female,48000.0
Male,15000.0
Male,39000.0
Female,100000.0
Female,114000.0
Male,51000.0
Male,83000.0
Male,120000.0
Female,450.0
Male,120000.0
Male,141000.0
Female,44200.0
Female,22000.0
Male,100000.0
Male,55000.0
Male,60000.0
Male,27000.0
Male,60000.0
Female,40000.0
Female,42000.0
Male,97000.0
Female,52000.0
Female,11500.0
Male,75000.0
Male,88000.0
Female,35000.0
Female,28000.0
Male,85000.0
Male,61000.0
Male,18000.0
Male,15000.0
Female,130000.0
Male,100000.0
Female,12000.0
Male,13000.0
Male,140000.0
Male,134000.0
Male,15300.0
Female,50000.0
Male,53000.0
Female,110000.0
Male,67000.0
Male,145000.0
Male,90000.0
Female,3800.0
Female,92000.0
Male,30000.0
Male,8000.0
Male,35000.0
Male,13300.0
Female,65000.0
Female,46300.0
Female,32700.0
Male,55000.0
Female,73000.0
Male,72000.0
Male,2200.0
Female,10000.0
Female,3400.0
Male,200000.0
Male,80000.0
Female,400.0
Male,80000.0
Male,70000.0
Female,32400.0
Male,46000.0
Female,32600.0
Male,65000.0
Male,62000.0
Male,88000.0
Female,10000.0
Male,56000.0
Male,60000.0
Male,75000.0
Male,40000.0
Female,70000.0
Female,30000.0
Male,18000.0
Female,16200.0
Female,28600.0
Female,30000.0
Female,130000.0
Female,20000.0
Male,18000.0
Female,90000.0
Male,120000.0
Male,54000.0
Male,50000.0
Female,20000.0
Male,83000.0
Female,33600.0
Male,13000.0
Male,150000.0
Female,48000.0
Female,24500.0
Male,12000.0
Male,170000.0
Female,87000.0
Male,150000.0
Female,79000.0
Male,300000.0
Male,96000.0
Female,97000.0
Male,150000.0
Female,105000.0
Male,30000.0
Male,50000.0
Male,20000.0
Female,90000.0
Male,195000.0
Male,24000.0
Female,30000.0
Female,60000.0
Male,51000.0
Female,36800.0
Female,180000.0
Male,1500.0
Male,82000.0
Male,65000.0
Male,184000.0
Male,15800.0
Male,100000.0
Female,280000.0
Male,40000.0
Female,27000.0
Male,200000.0
Male,72000.0
Female,11000.0
Female,14000.0
Female,8500.0
Female,85000.0
Female,66000.0
Female,75000.0
Male,145000.0
Female,3100.0
Male,73000.0
Female,30000.0
Female,8600.0
Female,950.0
Female,70000.0
Male,50000.0
Male,220000.0
Male,118000.0
Female,29000.0
Female,81000.0
Male,175000.0
Male,65000.0
Female,14000.0
Female,20000.0
Male,24000.0
Male,88000.0
Female,70000.0
Female,30000.0
Male,70000.0
Female,150000.0
Male,106000.0
Female,8000.0
Female,9500.0
Male,7500.0
Male,85000.0
Female,21000.0
Male,180000.0
Female,190000.0
Female,3000.0
Female,12000.0
Male,60000.0
Female,104000.0
Female,27000.0
Female,17700.0
Male,135000.0
Male,80000.0
Female,50000.0
Female,43300.0
Female,98000.0
Female,32400.0
Female,25000.0
Female,72000.0
Male,60000.0
Male,102000.0
Male,70000.0
Male,30000.0
Female,25000.0
Male,81000.0
Male,63000.0
Female,41200.0
Male,80000.0
Female,28600.0
Male,5800.0
Female,56000.0
Male,35000.0
Female,47000.0
Male,45000.0
Female,8000.0
Male,18000.0
Female,66000.0
Male,7000.0
Male,21000.0
Male,80000.0
Female,31500.0
Female,78000.0
Female,40000.0
Female,56000.0
Male,55000.0
Female,280.0
Female,14000.0
Female,72000.0
Male,220000.0
Female,130000.0
Male,200000.0
Female,32000.0
Female,5400.0
Female,51000.0
Male,40000.0
Male,32000.0
Male,250000.0
Male,63000.0
Male,180000.0
Male,65000.0
Male,9200.0
Male,12800.0
Male,51000.0
Male,110000.0
Female,10000.0
Male,12000.0
Male,26600.0
Male,270000.0
Male,75000.0
Female,7000.0
Female,160000.0
Female,24000.0
Male,35000.0
Male,97000.0
Male,82000.0
Male,32000.0
Female,15200.0
Male,70000.0
Male,75000.0
Female,100000.0
Female,70000.0
Male,70000.0
Female,44900.0
Male,80000.0
Male,275000.0
Female,127000.0
Female,64000.0
Female,2000.0
Male,120000.0
Male,45000.0
Male,44000.0
Male,170000.0
Male,58000.0
Male,150000.0
Male,19000.0
Male,40000.0
Male,60000.0
Female,110000.0
Female,77000.0
Male,170000.0
Female,30000.0
Male,4800.0
Male,25000.0
Female,30000.0
Male,120000.0
Female,220000.0
Male,10000.0
Female,17800.0
Male,62000.0
Female,36000.0
Female,40000.0
Female,30000.0
Female,37000.0
Male,55000.0
Female,43000.0
Female,26000.0
Female,7000.0
Female,75000.0
Female,36000.0
Female,57000.0
Male,8000.0
Male,17800.0
Female,61000.0
Male,250000.0
Female,79000.0
Female,50000.0
Male,63000.0
Female,2000.0
Female,7200.0
Female,88000.0
Female,900.0
Male,88000.0
Male,103000.0
Male,1000.0
Female,20000.0
Male,56000.0
Female,87000.0
Female,15900.0
Female,36000.0
Male,30000.0
Female,58000.0
Male,42000.0
Female,121000.0
Male,35000.0
Female,42000.0
Female,15000.0
Female,48000.0
Female,62000.0
Male,54000.0
Female,87000.0
Male,14000.0
Female,25000.0
Female,19500.0
Male,18000.0
Male,120000.0
Male,35000.0
Male,125000.0
Male,15000.0
Male,20000.0
Male,5000.0
Female,70000.0
Female,81000.0
Male,24600.0
Male,118000.0
Female,32000.0
Female,72000.0
Female,35000.0
Male,37000.0
Male,19000.0
Female,38000.0
Male,400.0
Female,75000.0
Female,84000.0
Male,60000.0
Male,40000.0
Male,25000.0
Female,55000.0
Female,60000.0
Female,82000.0
Female,36000.0
Female,30000.0
Female,40000.0
Female,31900.0
Female,27000.0
Female,75000.0
Female,70000.0
Female,32000.0
Female,105000.0
Female,5000.0
Male,1000.0
Female,60000.0
Male,25000.0
Male,40000.0
Male,85000.0
Male,137000.0
Male,40000.0
Female,74000.0
Female,40000.0
Female,1800.0
Female,23000.0
Male,83000.0
Male,50000.0
Male,60000.0
Male,30000.0
Female,3000.0
Male,65000.0
Male,58000.0
Female,5000.0
Male,150000.0
Male,40000.0
Female,110000.0
Female,101000.0
Female,43000.0
Male,150000.0
Female,9000.0
Female,20000.0
Female,118000.0
Female,300.0
Female,29000.0
Male,20000.0
Female,41500.0
Female,27000.0
Male,290.0
Male,27000.0
Female,57000.0
Male,120000.0
Male,35000.0
Female,65000.0
Female,42000.0
Female,3200.0
Female,120000.0
Female,40000.0
Female,18000.0
Female,40000.0
Male,12300.0
Female,72000.0
Female,108000.0
Male,30000.0
Male,72000.0
Female,88000.0
Male,33800.0
Female,8400.0
Male,50000.0
Female,90000.0
Female,10000.0
Male,80000.0
Female,18000.0
Female,85000.0
Female,104000.0
Female,148000.0
Male,13000.0
Female,35800.0
Female,26000.0
Female,4000.0
Female,69000.0
Male,5000.0
Male,52000.0
Male,148000.0
Male,120000.0
Male,26000.0
Male,22000.0
Male,27600.0
Female,65000.0
Female,28000.0
Female,200.0
Female,55000.0
Male,84000.0
Female,65000.0
Male,40000.0
Female,67000.0
Female,70000.0
Female,54000.0
Male,250000.0
Male,85000.0
Female,116000.0
Female,120000.0
Male,65000.0
Female,50000.0
Male,40000.0
Female,26300.0
Male,17000.0
Female,22700.0
Female,24000.0
Female,18000.0
Female,47000.0
Male,35000.0
Male,100000.0
Male,70000.0
Male,12400.0
Male,48800.0
Male,60000.0
Female,140000.0
Female,60000.0
Male,180000.0
Female,150000.0
Female,72000.0
Female,30000.0
Female,42000.0
Female,500.0
Male,100000.0
Male,24000.0
Female,84000.0
Male,150000.0
Female,40000.0
Male,100000.0
Female,10000.0
Female,55000.0
Female,54000.0
Male,38400.0
Female,7000.0
Female,140000.0
Male,200000.0
Male,70000.0
Female,34500.0
Female,112000.0
Female,52000.0
Male,159000.0
Male,45000.0
Male,920.0
Male,100000.0
Female,82000.0
Male,42500.0
Male,92000.0
Female,280000.0
Female,26000.0
Female,45000.0
Female,37000.0
Male,15000.0
Female,44800.0
Female,25000.0
Female,20000.0
Female,120000.0
Male,100000.0
Female,125000.0
Female,6600.0
Male,45000.0
Male,60000.0
Male,113000.0
Male,55000.0
Female,13000.0
Female,114000.0
Female,79000.0
Female,41600.0
Female,30800.0
Female,2000.0
Female,65000.0
Female,5400.0
Female,75000.0
Female,80000.0
Female,40000.0
Male,10000.0
Female,40000.0
Male,50000.0
Male,43000.0
Female,115000.0
Male,55000.0
Female,54000.0
Male,120000.0
Male,50000.0
Male,75000.0
Female,90000.0
Male,300000.0
Male,65000.0
Male,11200.0
Male,30000.0
Male,85000.0
Male,80000.0
Female,80000.0
Male,60000.0
Female,35000.0
Male,65000.0
Female,3000.0
Female,70000.0
Male,90000.0
Male,49000.0
Male,10000.0
Female,28800.0
Male,87000.0
Male,93000.0
Male,42600.0
Male,114000.0
Female,70000.0
Male,16800.0
Male,30000.0
Male,45000.0
Male,75000.0
Female,45000.0
Male,45000.0
Female,12500.0
Female,400.0
Male,112000.0
Male,2400.0
Male,28000.0
Female,220000.0
Male,60000.0
Female,47400.0
Male,135000.0
Male,21300.0
Female,1300.0
Female,103000.0
Male,53000.0
Female,95000.0
Male,50000.0
Female,11600.0
Female,500.0
Female,10000.0
Female,68000.0
Male,87000.0
Male,50000.0
Male,35500.0
Male,80000.0
Male,200000.0
Female,30000.0
Male,30000.0
Male,10000.0
Male,75000.0
Male,176000.0
Female,2000.0
Male,21000.0
Male,3500.0
Female,150000.0
Female,21900.0
Female,75000.0
Female,27200.0
Female,10400.0
Male,90000.0
Male,10400.0
Female,38000.0
Female,7000.0
Male,200000.0
Male,28000.0
Male,40000.0
Female,67000.0
Male,180000.0
Male,35000.0
Male,80000.0
Female,55000.0
Male,30000.0
Male,14000.0
Female,25700.0
Male,30000.0
Male,64000.0
Female,45000.0
Female,1200.0
Female,40000.0
Female,90000.0
Female,18200.0
Male,55000.0
Female,175000.0
Male,180000.0
Male,21000.0
Female,120000.0
Female,44000.0
Female,35000.0
Male,50000.0
Female,55000.0
Male,36000.0
Female,96000.0
Female,32000.0
Male,40000.0
Male,30000.0
Male,150000.0
Male,48000.0
Female,195000.0
Male,69000.0
Male,72000.0
Male,6000.0
Female,29500.0
Male,100000.0
Female,50000.0
Male,35000.0
Female,50000.0
Female,45000.0
Female,38000.0
Female,68000.0
Male,100000.0
Male,123000.0
Male,28000.0
Male,7200.0
Female,38000.0
Male,70000.0
Female,35000.0
Female,18000.0
Male,70000.0
Female,42500.0
Female,80000.0
Female,49500.0
Female,30.0
Male,105000.0
Male,80000.0
Female,37000.0
Female,70000.0
Male,41600.0
Male,100000.0
Male,166000.0
Male,490.0
Male,204000.0
Male,69000.0
Male,90000.0
Female,1800.0
Female,43000.0
Female,80000.0
Male,23000.0
Male,110000.0
Female,76000.0
Female,90000.0
Female,53000.0
Male,25000.0
Female,5000.0
Female,100000.0
Male,70000.0
Male,10600.0
Male,38400.0
Female,85000.0
Female,50000.0
Male,21700.0
Male,7900.0
Male,88000.0
Male,50000.0
Female,130000.0
Male,150000.0
Male,140000.0
Female,30000.0
Female,70000.0
Female,69000.0
Male,24000.0
Female,46000.0
Female,22000.0
Female,28000.0
Female,67000.0
Female,50000.0
Female,42000.0
Male,190000.0
Female,100000.0
Female,2500.0
Male,30000.0
Male,108000.0
Female,13800.0
Male,33600.0
Male,105000.0
Female,42000.0
Male,90000.0
Male,85000.0
Male,75000.0
Male,60000.0
Female,73000.0
Male,75000.0
Male,35000.0
Female,6000.0
Male,23000.0
Female,10000.0
Male,30000.0
Female,50000.0
Female,15000.0
Male,65000.0
Male,20000.0
Female,110000.0
Male,120000.0
Male,74000.0
Male,40000.0
Male,130000.0
Female,90000.0
Male,30000.0
Male,32500.0
Female,60000.0
Male,17000.0
Male,120000.0
Female,185000.0
Female,63000.0
Male,138000.0
Male,55000.0
Female,7000.0
Male,590.0
Male,35000.0
Female,2500.0
Male,14400.0
Female,5300.0
Female,8800.0
Male,38000.0
Male,200000.0
Female,19000.0
Male,94000.0
Female,79000.0
Female,2000.0
Male,16000.0
Male,2000.0
Female,85000.0
Female,25000.0
Male,100000.0
Female,7800.0
Male,150000.0
Male,25000.0
Female,45000.0
Female,300000.0
Female,43300.0
Male,20000.0
Male,83000.0
Male,90000.0
Female,28000.0
Male,30000.0
Female,40000.0
Female,110000.0
Male,60000.0
Male,170000.0
Female,2000.0
Female,20000.0
Male,60000.0
Male,65000.0
Male,14000.0
Male,85000.0
Female,1100.0
Male,13000.0
Female,78000.0
Male,36000.0
Female,120000.0
Male,130000.0
Male,42200.0
Male,36000.0
Male,25400.0
Female,35000.0
Male,41000.0
Female,18800.0
Male,60000.0
Female,118000.0
Female,52000.0
Male,36000.0
Male,61000.0
Female,22400.0
Female,70000.0
Male,35000.0
Female,75000.0
Female,1500.0
Female,60000.0
Male,50000.0
Female,220.0
Male,150000.0
Female,800.0
Female,7500.0
Male,119000.0
Female,45000.0
Male,24000.0
Male,40000.0
Female,131000.0
Male,85000.0
Male,17000.0
Female,15800.0
Female,26000.0
Female,21000.0
Male,202000.0
Female,5600.0
Male,55000.0
Female,150000.0
Male,70000.0
Female,120000.0
Male,25000.0
Female,7000.0
Female,21000.0
Female,30000.0
Female,36000.0
Male,38000.0
Female,34000.0
Male,65000.0
Male,23000.0
Female,25000.0
Female,51000.0
Male,125000.0
Male,3700.0
Female,72000.0
Female,83000.0
Female,120000.0
Male,60000.0
Male,42000.0
Male,150000.0
Male,60000.0
Female,40000.0
Male,30000.0
Female,10000.0
Female,77000.0
Male,90000.0
Female,200000.0
Female,5400.0
Female,30100.0
Female,18000.0
Female,5700.0
Female,76000.0
Female,20000.0
Female,4000.0
Male,100000.0
Female,48000.0
Male,28000.0
Female,43000.0
Male,100000.0
Male,120000.0
Male,60000.0
Female,9000.0
Male,150000.0
Male,50000.0
Female,65000.0
Female,125000.0
Male,81000.0
Female,89000.0
Male,100000.0
Male,6200.0
Male,150000.0
Female,10000.0
Female,35000.0
Male,62000.0
Female,20000.0
Male,420.0
Male,20200.0
Male,164000.0
Female,35000.0
Male,130000.0
Male,39000.0
Male,75000.0
Female,53000.0
Female,95000.0
Male,55000.0
Male,72000.0
Male,62000.0
Female,5000.0
Male,203000.0
Female,40000.0
Female,95000.0
Female,17000.0
Male,75000.0
Male,100000.0
Female,40000.0
Female,57000.0
Female,23600.0
Male,39800.0
Female,65000.0
Male,56000.0
Male,23000.0
Female,50000.0
Male,115000.0
Female,18900.0
Female,34000.0
Female,15000.0
Female,42000.0
Male,105000.0
Male,50000.0
Male,90000.0
Male,60000.0
Female,30000.0
Male,28500.0
Female,20000.0
Female,18000.0
Female,57000.0
Female,18400.0
Female,30000.0
Female,10000.0
Male,25000.0
Male,11000.0
Male,1900.0
Female,1000.0
Female,32000.0
Male,115000.0
Female,23000.0
Male,12300.0
Female,17000.0
Male,295000.0
Male,50000.0
Female,14000.0
Female,6000.0
Female,32000.0
Male,80000.0
Female,88000.0
Female,70000.0
Male,12000.0
Female,138000.0
Female,21100.0
Male,20000.0
Male,170000.0
Female,141000.0
Male,55000.0
Female,123000.0
Male,98000.0
Male,28600.0
Male,36000.0
Male,68000.0
Female,68000.0
Male,80000.0
Male,135000.0
Male,150000.0
Male,61000.0
Male,100000.0
Female,50000.0
Male,40000.0
Male,57000.0
Male,38000.0
Female,65000.0
Male,16000.0
Female,165000.0
Female,70000.0
Female,14000.0
Male,45800.0
Male,900.0
Female,13200.0
Female,9800.0
Female,1700.0
Female,103000.0
Female,83000.0
Female,115000.0
Female,7200.0
Female,65000.0
Female,140000.0
Male,14000.0
Male,75000.0
Female,54000.0
Male,30000.0
Male,41600.0
Female,132000.0
Female,90000.0
Male,212000.0
Male,32000.0
Female,36000.0
Female,22000.0
Male,78000.0
Male,58000.0
Female,136000.0
Male,80000.0
Female,21700.0
Male,150000.0
Male,59000.0
Male,150000.0
Male,73000.0
Female,45000.0
Male,140000.0
Female,40000.0
Female,3000.0
Female,63000.0
Male,25000.0
Male,50000.0
Male,28000.0
Female,150000.0
Female,60000.0
Male,80000.0
Female,27000.0
Female,11100.0
Female,17000.0
Female,10200.0
Male,110000.0
Male,56000.0
Male,40000.0
Male,55000.0
Male,50000.0
Male,60000.0
Male,84000.0
Male,67000.0
Female,20800.0
Male,40000.0
Female,50000.0
Female,29000.0
Male,38000.0
Female,35000.0
Male,12000.0
Male,90000.0
Male,150000.0
Male,50000.0
Male,35000.0
Female,80000.0
Male,17000.0
Male,7500.0
Male,142000.0
Female,50000.0
Male,32000.0
Male,110000.0
Male,31000.0
Female,74000.0
Female,7500.0
Male,45000.0
Male,42000.0
Male,3200.0
Female,30000.0
Female,45000.0
Male,25000.0
Male,6000.0
Female,7000.0
Female,21000.0
Male,120000.0
Male,24000.0
Female,42000.0
Female,6000.0
Male,32000.0
Male,3500.0
Male,32800.0
Male,17000.0
Male,65000.0
Male,200000.0
Female,5000.0
Male,73000.0
Male,50000.0
Female,32600.0
Male,75000.0
Female,110000.0
Female,9000.0
Female,34000.0
Female,65000.0
Male,30000.0
Female,500.0
Female,59000.0
Female,16000.0
Female,76000.0
Male,31200.0
Male,75000.0
Male,50000.0
Female,40000.0
Female,120000.0
Male,110000.0
Female,55000.0
Male,53000.0
Female,35000.0
Male,14000.0
Male,48000.0
Male,196000.0
Female,150000.0
Male,120000.0
Male,28000.0
Male,28700.0
Male,55000.0
Male,40800.0
Male,25000.0
Male,50000.0
Male,15000.0
Male,98000.0
Female,168000.0
Female,25000.0
Female,100000.0
Male,30000.0
Male,90000.0
Male,74000.0
Female,100000.0
Male,52000.0
Female,50000.0
Male,43000.0
Female,56000.0
Female,81000.0
Male,60000.0
Male,100000.0
Female,100000.0
Female,61000.0
Male,85000.0
Male,200000.0
Male,75000.0
Male,175000.0
Female,66000.0
Female,80000.0
Male,64000.0
Male,50000.0
Male,120000.0
Male,120000.0
Male,60000.0
Male,40000.0
Male,90000.0
Male,55000.0
Male,62000.0
Male,170000.0
Female,56000.0
Male,49000.0
Male,50000.0
Female,31300.0
Male,150000.0
Female,6000.0
Male,36000.0
Male,70000.0
Male,80000.0
Female,19200.0
Male,50000.0
Female,10400.0
Male,50000.0
Female,101000.0
Male,150000.0
Female,18000.0
Female,600.0
Female,30000.0
Male,75000.0
Male,105000.0
Male,8000.0
Female,75000.0
Male,90000.0
Male,2500.0
Female,22000.0
Male,14500.0
Male,160000.0
Male,28000.0
Male,30000.0
Male,130000.0
Male,36000.0
Male,50000.0
Male,165000.0
Female,26000.0
Male,34300.0
Female,69000.0
Male,31000.0
Female,45000.0
Male,93000.0
Male,175000.0
Female,8000.0
Female,8400.0
Male,1000.0
Male,34000.0
Male,65000.0
Male,250000.0
Female,10700.0
Male,8000.0
Male,50000.0
Female,39000.0
Male,28000.0
Male,36000.0
Male,45000.0
Male,130000.0
Male,13500.0
Male,4000.0
Female,71000.0
Female,37000.0
Female,45000.0
Female,150000.0
Male,68000.0
Female,40000.0
Male,65000.0
Male,20000.0
Male,10000.0
Male,80000.0
Female,170000.0
Male,180000.0
Female,110000.0
Female,3000.0
Male,10000.0
Male,44000.0
Male,90000.0
Male,59000.0
Male,20000.0
Female,78000.0
Female,4400.0
Male,70000.0
Female,40000.0
Male,100000.0
Male,278000.0
Female,33000.0
Female,90000.0
Male,195000.0
Female,90000.0
Female,8000.0
Female,1100.0
Male,51000.0
Female,60000.0
Female,48800.0
Male,55000.0
Female,4000.0
Female,160000.0
Male,20000.0
Female,72000.0
Female,200000.0
Female,42900.0
Female,40000.0
Female,45000.0
Male,100000.0
Male,70000.0
Male,50000.0
Female,89000.0
Female,54000.0
Female,4000.0
Female,36600.0
Female,165000.0
Male,86000.0
Male,6000.0
Female,70000.0
Male,58000.0
Male,33000.0
Female,70000.0
Male,2000.0
Female,30900.0
Female,104000.0
Male,40000.0
Female,4800.0
Female,12000.0
Female,25000.0
Male,70000.0
Male,90000.0
Female,4600.0
Male,53000.0
Female,100000.0
Female,40000.0
Male,55000.0
Female,67000.0
Female,38000.0
Female,30000.0
Male,31200.0
Female,140000.0
Female,20000.0
Male,106000.0
Male,230000.0
Female,5000.0
Male,62000.0
Male,10000.0
Male,136000.0
Male,400.0
Male,190000.0
Male,98000.0
Male,97000.0
Female,80000.0
Female,25000.0
Male,93000.0
Female,22000.0
Female,19000.0
Female,56000.0
Female,38000.0
Male,58000.0
Male,50000.0
Female,16000.0
Male,45000.0
Male,33000.0
Female,65000.0
Male,98000.0
Male,114000.0
Female,62000.0
Female,60000.0
Male,120000.0
Female,750.0
Male,127000.0
Male,10300.0
Male,50000.0
Male,39000.0
Male,200000.0
Male,25000.0
Female,33000.0
Male,18000.0
Male,25000.0
Male,74000.0
Male,10000.0
Male,70000.0
Female,35000.0
Male,120000.0
Female,27000.0
Male,37000.0
Female,52000.0
Male,12400.0
Female,43000.0
Male,90000.0
Female,24600.0
Female,34000.0
Male,2000.0
Female,30000.0
Female,24000.0
Male,92000.0
Male,27000.0
Male,9500.0
Female,34000.0
Female,30000.0
Female,25000.0
Female,5000.0
Male,50000.0
Female,36000.0
Female,95000.0
Female,25000.0
Male,18000.0
Female,15000.0
Female,70000.0
Female,42900.0
Male,150000.0
Female,25700.0
Male,70000.0
Female,58000.0
Male,90000.0
Female,75000.0
Female,20800.0
Female,44000.0
Male,110000.0
Female,35000.0
Female,150.0
Male,100000.0
Male,280000.0
Female,68000.0
Female,40000.0
Male,50000.0
Male,78000.0
Female,85000.0
Female,18700.0
Female,42000.0
Male,26000.0
Female,4200.0
Male,110000.0
Male,25800.0
Male,50000.0
Female,53000.0
Female,30000.0
Male,30000.0
Female,20000.0
Female,86000.0
Female,119000.0
Female,14400.0
Female,105000.0
Male,150000.0
Female,53000.0
Female,38400.0
Male,100000.0
Male,48200.0
Male,150000.0
Male,92000.0
Male,25000.0
Male,195000.0
Female,5000.0
Female,40000.0
Male,30000.0
Male,90000.0
Female,49600.0
Male,65000.0
Male,15000.0
Male,46000.0
Male,65000.0
Male,70000.0
Female,15600.0
Female,93000.0
Female,300000.0
Female,49300.0
Female,135000.0
Female,66000.0
Female,80000.0
Female,30000.0
Male,45000.0
Male,60000.0
Female,39400.0
Female,3400.0
Female,40000.0
Male,45000.0
Male,6500.0
Female,81000.0
Male,40000.0
Male,18000.0
Male,130000.0
Male,15000.0
Female,60000.0
Female,50000.0
Female,36100.0
Female,12000.0
Female,3400.0
Female,22000.0
Male,45000.0
Male,48000.0
Male,45000.0
Male,45000.0
Female,120000.0
Male,40500.0
Female,27900.0
Female,25000.0
Male,100000.0
Male,115000.0
Male,31200.0
Male,35000.0
Male,43000.0
Male,12400.0
Female,42000.0
Female,68000.0
Male,85000.0
Male,155000.0
Male,125000.0
Male,124000.0
Male,2000.0
Male,89000.0
Female,26000.0
Male,22500.0
Male,150000.0
Female,104000.0
Male,33400.0
Female,62000.0
Female,76000.0
Female,40000.0
Female,113000.0
Female,10000.0
Male,540.0
Female,64000.0
Male,60000.0
Male,81000.0
Male,40000.0
Female,30000.0
Female,55000.0
Male,20800.0
Male,52000.0
Male,80000.0
Male,4000.0
Female,80000.0
Male,85000.0
Female,30000.0
Female,40000.0
Female,140000.0
Female,50000.0
Female,200000.0
Female,37000.0
Male,39600.0
Male,34000.0
Male,140000.0
Female,5000.0
Male,50000.0
Male,120000.0
Female,36000.0
Female,40000.0
Male,120000.0
Female,2700.0
Female,4000.0
Male,55000.0
Female,150000.0
Female,6500.0
Female,120000.0
Male,15000.0
Male,28000.0
Male,85000.0
Female,35000.0
Male,75000.0
Male,64000.0
Female,70000.0
Female,65000.0
Female,85000.0
Male,50000.0
Female,240000.0
Female,55000.0
Male,86000.0
Female,65000.0
Female,54000.0
Male,38500.0
Male,170000.0
Male,25000.0
Female,100000.0
Female,120000.0
Female,51000.0
Female,1500.0
Female,52000.0
Male,29000.0
Male,35000.0
Male,40000.0
Female,120000.0
Female,8000.0
Male,87000.0
Female,30000.0
Male,225000.0
Male,139000.0
Male,80000.0
Male,70000.0
Male,123000.0
Female,40000.0
Male,24000.0
Male,70000.0
Male,105000.0
Male,80000.0
Female,33000.0
Female,12500.0
Male,60000.0
Female,30000.0
Male,48000.0
Female,140000.0
Male,60000.0
Male,150000.0
Male,40000.0
Male,13000.0
Female,50000.0
Female,45400.0
Female,103000.0
Female,7500.0
Male,90000.0
Male,35000.0
Male,180000.0
Female,90000.0
Female,20000.0
Male,31200.0
Female,24000.0
Female,70000.0
Male,22000.0
Male,60000.0
Male,50000.0
Female,75000.0
Female,160000.0
Male,40000.0
Female,7200.0
Female,65000.0
Male,140000.0
Female,167000.0
Male,288000.0
Female,43000.0
Female,100000.0
Male,76000.0
Female,31900.0
Female,115000.0
Male,41000.0
Female,47000.0
Female,40000.0
Female,83000.0
Male,105000.0
Female,40900.0
Female,15000.0
Female,800.0
Male,45000.0
Male,200000.0
Male,49000.0
Male,20000.0
Female,75000.0
Female,25000.0
Male,31000.0
Male,100000.0
Male,185000.0
Male,128000.0
Male,45000.0
Male,300000.0
Male,52000.0
Male,85000.0
Male,87000.0
Female,34800.0
Female,65000.0
Female,10000.0
Female,9200.0
Female,37000.0
Male,36000.0
Male,52000.0
Male,145000.0
Male,46700.0
Male,90000.0
Male,10600.0
Female,20000.0
Male,74000.0
Male,100000.0
Female,120000.0
Female,32000.0
Male,78000.0
Male,135000.0
Male,8000.0
Male,75000.0
Female,70000.0
Male,30000.0
Female,18200.0
Female,88000.0
Female,35000.0
Female,61000.0
Female,18200.0
Male,39000.0
Male,150000.0
Male,60000.0
Female,60000.0
Female,250.0
Female,12000.0
Male,82000.0
Female,35000.0
Male,110000.0
Male,90000.0
Male,30000.0
Male,13900.0
Female,32000.0
Male,25000.0
Female,42000.0
Male,610.0
Male,79000.0
Male,39200.0
Male,90000.0
Female,40000.0
Female,32000.0
Male,3000.0
Female,40000.0
Female,16000.0
Male,15000.0
Female,134000.0
Female,58000.0
Female,148000.0
Female,15000.0
Female,57000.0
Female,108000.0
Female,40000.0
Male,98000.0
Female,31500.0
Female,68000.0
Female,31000.0
Male,6000.0
Male,17000.0
Male,40000.0
Male,88000.0
Male,100000.0
Male,70000.0
Female,50000.0
Female,28000.0
Female,1400.0
Male,46000.0
Male,17700.0
Female,6000.0
Female,50000.0
Male,4000.0
Female,13300.0
Male,51000.0
Female,25000.0
Female,60000.0
Female,26700.0
Male,95000.0
Male,8400.0
Female,33000.0
Male,10000.0
Male,48000.0
Male,80000.0
Female,37000.0
Male,21600.0
Male,55000.0
Male,50000.0
Male,50000.0
Male,65000.0
Female,7200.0
Female,8000.0
Female,46000.0
Male,12900.0
Female,40000.0
Female,50000.0
Female,1500.0
Female,8600.0
Male,280000.0
Male,59000.0
Female,1100.0
Female,65000.0
Male,43100.0
Male,100000.0
Male,4300.0
Male,1800.0
Female,2000.0
Male,6000.0
Female,15000.0
Male,10000.0
Male,97000.0
Male,125000.0
Male,35000.0
Female,90000.0
Male,30000.0
Male,55000.0
Female,42000.0
Male,60000.0
Female,12700.0
Female,92000.0
Female,104000.0
Male,29000.0
Female,6000.0
Male,38000.0
Female,37000.0
Female,10000.0
Male,20000.0
Female,65000.0
Female,40000.0
Female,100000.0
Male,125000.0
Female,6300.0
Male,56000.0
Female,65000.0
Male,20000.0
Male,120000.0
Male,151000.0
Female,50000.0
Male,40000.0
Female,30000.0
Female,19200.0
Female,105000.0
Male,81000.0
Male,40800.0
Male,80000.0
Female,46600.0
Female,35000.0
Female,5800.0
Male,84000.0
Female,170000.0
Male,64000.0
Female,12000.0
Male,32000.0
Male,16000.0
Female,64000.0
Male,11000.0
Male,72000.0
Male,7200.0
Female,128000.0
Female,38000.0
Female,90000.0
Male,34000.0
Male,19000.0
Male,22000.0
Female,50000.0
Female,29300.0
Male,250000.0
Female,45000.0
Female,48000.0
Female,124000.0
Male,4000.0
Male,3500.0
Male,6300.0
Female,50000.0
Female,41600.0
Male,90000.0
Female,25000.0
Female,80000.0
Male,41000.0
Male,115000.0
Male,46900.0
Male,40000.0
Male,70000.0
Female,13000.0
Female,90000.0
Male,25000.0
Female,110000.0
Male,27000.0
Male,135000.0
Male,30000.0
Female,30000.0
Female,115000.0
Male,200000.0
Female,40000.0
Female,30000.0
Male,29000.0
Female,64000.0
Female,48000.0
Female,50000.0
Male,100000.0
Female,2000.0
Female,68000.0
Female,31000.0
Male,150000.0
Male,100000.0
Male,120000.0
Female,15000.0
Female,105000.0
Female,30000.0
Female,78000.0
Male,97000.0
Female,15000.0
Male,21000.0
Male,35000.0
Male,100000.0
Male,60000.0
Female,9600.0
Male,24000.0
Male,25000.0
Male,1000.0
Male,30000.0
Male,5000.0
Female,65000.0
Male,5000.0
Male,50000.0
Male,16000.0
Female,21200.0
Male,17400.0
Male,130000.0
Male,66000.0
Male,45000.0
Male,24000.0
Female,33200.0
Male,7500.0
Male,41400.0
Male,70000.0
Female,138000.0
Female,45000.0
Female,55000.0
Male,62000.0
Male,300000.0
Female,40000.0
Male,123000.0
Female,48000.0
Female,153000.0
Male,117000.0
Female,17700.0
Male,45000.0
Male,36400.0
Male,5000.0
Male,70000.0
Male,45000.0
Female,14000.0
Female,75000.0
Male,30000.0
Female,55000.0
Female,36000.0
Male,75000.0
Female,64000.0
Female,4400.0
Female,140000.0
Male,1400.0
Female,14900.0
Female,43100.0
Female,24000.0
Male,3200.0
Male,65000.0
Male,23000.0
Male,22500.0
Male,60000.0
Male,66000.0
Female,4000.0
Male,8000.0
Male,69000.0
Male,23000.0
Female,97000.0
Male,78000.0
Female,7000.0
Male,145000.0
Male,1600.0
Female,76000.0
Female,38000.0
Male,47800.0
Female,48000.0
Female,9000.0
Female,60000.0
Female,53000.0
Male,71000.0
Female,7800.0
Female,30000.0
Female,82000.0
Male,120000.0
Male,18000.0
Male,20000.0
Male,15000.0
Female,69000.0
Male,23000.0
Male,13000.0
Female,85000.0
Female,140000.0
Female,71000.0
Male,19200.0
Male,45000.0
Female,55000.0
Male,5000.0
Male,60000.0
Male,95000.0
Male,120000.0
Male,29000.0
Female,10800.0
Female,81000.0
Male,25000.0
Male,30000.0
Female,43900.0
Female,800.0
Female,68000.0
Female,20000.0
Female,36000.0
Female,30000.0
Female,19000.0
Male,83000.0
Female,4000.0
Male,60000.0
Male,70000.0
Male,3300.0
Male,94000.0
Female,85000.0
Female,6000.0
Male,150000.0
Female,200000.0
Male,30000.0
Female,3000.0
Female,80000.0
Male,31000.0
Male,30000.0
Male,60000.0
Male,77000.0
Male,60000.0
Female,50000.0
Female,35000.0
Female,86000.0
Female,90000.0
Male,36000.0
Female,31000.0
Female,50000.0
Male,25000.0
Female,140000.0
Female,900.0
Female,45900.0
Male,3500.0
Female,122000.0
Male,24000.0
Male,51000.0
Female,5000.0
Female,15000.0
Male,42000.0
Male,117000.0
Female,41000.0
Female,53000.0
Female,65000.0
Female,19800.0
Female,25100.0
Male,268000.0
Female,45000.0
Female,35000.0
Female,30000.0
Male,30000.0
Female,12000.0
Male,63000.0
Female,31700.0
Female,36000.0
Male,47000.0
Female,10900.0
Female,35400.0
Male,40000.0
Male,16000.0
Male,200000.0
Female,65000.0
Female,45000.0
Female,90000.0
Male,30000.0
Male,44700.0
Male,120000.0
Female,93000.0
Female,12000.0
Female,29000.0
Female,18700.0
Female,109000.0
Female,58000.0
Female,65000.0
Male,8000.0
Male,30000.0
Male,10000.0
Female,9000.0
Male,110000.0
Male,67000.0
Male,115000.0
Female,10600.0
Female,68000.0
Male,150000.0
Female,15000.0
Male,92000.0
Female,70000.0
Male,280000.0
Female,40000.0
Male,70000.0
Female,42000.0
Female,25000.0
Female,75000.0
Female,44800.0
Male,35000.0
Male,146000.0
Male,45000.0
Male,115000.0
Male,140000.0
Female,46000.0
Female,48000.0
Male,140000.0
Female,2100.0
Male,105000.0
Male,120000.0
Male,125000.0
Female,10000.0
Male,58000.0
Male,110000.0
Male,110000.0
Male,27000.0
Female,60000.0
Female,100000.0
Female,20000.0
Female,39000.0
Male,50000.0
Female,80000.0
Female,33000.0
Male,65000.0
Female,75000.0
Male,100000.0
Female,37000.0
Male,57000.0
Male,24000.0
Male,100000.0
Male,7000.0
Female,27000.0
Male,15600.0
Female,45000.0
Female,83000.0
Female,45000.0
Female,12000.0
Female,250000.0
Female,85000.0
Male,280000.0
Male,75000.0
Female,19000.0
Male,108000.0
Female,600.0
Male,25800.0
Male,44000.0
Male,61000.0
Female,35000.0
Female,18000.0
Male,43000.0
Female,26500.0
Female,50000.0
Male,50000.0
Female,50000.0
Male,60000.0
Female,45000.0
Female,38400.0
Male,30000.0
Male,35000.0
Male,33900.0
Male,215000.0
Female,82000.0
Male,90000.0
Male,148000.0
Female,20000.0
Female,29000.0
Female,60000.0
Female,85000.0
Female,59000.0
Female,32000.0
Female,120000.0
Female,59000.0
Male,54000.0
Female,19100.0
Female,91000.0
Female,14700.0
Male,60000.0
Male,60000.0
Female,28300.0
Male,20000.0
Male,42500.0
Female,75000.0
Male,13500.0
Male,60000.0
Female,40000.0
Male,45000.0
Male,84000.0
Male,30500.0
Female,47000.0
Female,16600.0
Female,15000.0
Male,53000.0
Male,13000.0
Male,7500.0
Female,32000.0
Female,80000.0
Male,100000.0
Female,35000.0
Male,40000.0
Female,60000.0
Female,10000.0
Female,100000.0
Male,25000.0
Female,6200.0
Female,63000.0
Male,38000.0
Male,30000.0
Male,10900.0
Male,66000.0
Male,59000.0
Female,26200.0
Female,156000.0
Female,79000.0
Female,40000.0
Female,25000.0
Female,100000.0
Female,283000.0
Male,60000.0
Male,82000.0
Male,60000.0
Female,20000.0
Female,83000.0
Female,4100.0
Female,16000.0
Female,54000.0
Male,43000.0
Female,38400.0
Male,48000.0
Male,70000.0
Male,70000.0
Female,32000.0
Female,173000.0
Male,90.0
Male,120000.0
Female,6000.0
Male,150000.0
Male,200000.0
Female,55000.0
Male,28000.0
Female,12600.0
Female,40000.0
Female,14100.0
Male,50000.0
Male,83000.0
Male,55000.0
Male,65000.0
Male,22000.0
Male,140000.0
Female,142000.0
Male,31800.0
Male,75000.0
Male,18000.0
Male,5000.0
Female,1700.0
Male,74000.0
Male,6000.0
Male,280000.0
Male,180000.0
Female,80.0
Female,12000.0
Male,4500.0
Male,74000.0
Female,70000.0
Female,34800.0
Male,80000.0
Female,198000.0
Female,155000.0
Male,55000.0
Male,13200.0
Male,223000.0
Male,38000.0
Male,85000.0
Male,62000.0
Male,25000.0
Female,3000.0
Female,5500.0
Male,75000.0
Female,46000.0
Female,8000.0
Female,64000.0
Female,8500.0
Male,20000.0
Male,50000.0
Female,65000.0
Female,130000.0
Female,10000.0
Male,68000.0
Male,36500.0
Female,125000.0
Male,29000.0
Male,48000.0
Male,60000.0
Female,7400.0
Male,55000.0
Male,87000.0
Male,60000.0
Male,16000.0
Male,30000.0
Female,80000.0
Female,39200.0
Male,28000.0
Female,65000.0
Female,3000.0
Male,120000.0
Female,12000.0
Male,80000.0
Female,89000.0
Female,90000.0
Male,50000.0
Female,45000.0
Female,40800.0
Female,14300.0
Female,400.0
Female,13000.0
Female,21000.0
Male,88000.0
Male,157000.0
Female,4000.0
Male,71000.0
Male,20000.0
Female,12000.0
Male,61000.0
Male,60000.0
Female,30000.0
Female,40000.0
Male,70000.0
Male,21000.0
Male,42000.0
Female,60000.0
Female,62000.0
Male,25000.0
Male,101000.0
Male,70000.0
Female,85000.0
Female,45000.0
Male,45000.0
Female,4000.0
Male,50000.0
Female,48000.0
Male,37000.0
Female,70000.0
Female,10000.0
Male,25700.0
Female,76000.0
Female,25000.0
Female,2200.0
Female,24300.0
Male,30000.0
Female,19200.0
Female,69000.0
Male,68000.0
Male,80000.0
Male,50000.0
Male,200000.0
Male,46000.0
Female,32900.0
Female,191000.0
Female,6000.0
Female,27600.0
Female,70000.0
Male,95000.0
Male,130000.0
Female,70000.0
Female,70000.0
Female,8000.0
Female,55000.0
Female,50000.0
Female,75000.0
Female,102000.0
Female,14400.0
Male,1500.0
Male,130000.0
Male,30000.0
Female,6000.0
Female,35000.0
Female,53000.0
Male,60000.0
Female,30000.0
Female,16000.0
Female,12600.0
Male,150000.0
Female,37000.0
Male,63000.0
Female,150000.0
Male,15000.0
Male,64000.0
Male,7000.0
Male,2000.0
Female,25000.0
Female,30000.0
Male,5000.0
Female,75000.0
Male,60000.0
Female,1200.0
Female,79000.0
Male,70000.0
Female,70000.0
Female,70000.0
Female,25000.0
Female,41000.0
Male,50000.0
Male,48000.0
Male,200000.0
Male,40000.0
Female,37100.0
Male,75000.0
Male,20000.0
Male,70000.0
Male,50000.0
Female,50000.0
Female,13500.0
Male,65000.0
Male,80000.0
Male,400.0
Male,120000.0
Female,6000.0
Female,26000.0
Female,24000.0
Male,28200.0
Female,45700.0
Female,23000.0
Male,120000.0
Female,37000.0
Male,49000.0
Male,100000.0
Male,60000.0
Female,80000.0
Male,20000.0
Male,45000.0
Female,24000.0
Female,69000.0
Male,60000.0
Female,65000.0
Male,265000.0
Male,31000.0
Female,30000.0
Male,6000.0
Female,85000.0
Male,1800.0
Male,45000.0
Male,40000.0
Male,46700.0
Female,75000.0
Male,57000.0
Male,10000.0
Male,25600.0
Male,67000.0
Male,125000.0
Male,6900.0
Male,50000.0
Female,69000.0
Female,34000.0
Male,1000.0
Female,100000.0
Female,6000.0
Male,40000.0
Male,200000.0
Female,15000.0
Female,65000.0
Female,200000.0
Male,45000.0
Female,36000.0
Female,97000.0
Female,18000.0
Female,161000.0
Female,120000.0
Male,60000.0
Female,115000.0
Male,100000.0
Male,130000.0
Female,20000.0
Male,4900.0
Female,5000.0
Male,121000.0
Female,7000.0
Female,52000.0
Male,17500.0
Female,27400.0
Male,60000.0
Female,90000.0
Male,90000.0
Female,25000.0
Female,40000.0
Male,80000.0
Female,200000.0
Male,30000.0
Male,40000.0
Male,108000.0
Male,45000.0
Female,62000.0
Female,75000.0
Male,65000.0
Female,8500.0
Female,36000.0
Male,70000.0
Male,30000.0
Male,57000.0
Female,160000.0
Female,9700.0
Female,88000.0
Female,70000.0
Female,6000.0
Male,175000.0
Female,110000.0
Female,12000.0
Female,24000.0
Female,10000.0
Female,50000.0
Male,70000.0
Female,25500.0
Male,26000.0
Male,10700.0
Male,7000.0
Male,38500.0
Female,99000.0
Male,90000.0
Male,55000.0
Female,49000.0
Female,42000.0
Female,50000.0
Male,78000.0
Male,1700.0
Male,33000.0
Female,24700.0
Female,34000.0
Male,50000.0
Male,156000.0
Male,133000.0
Female,90000.0
Female,25000.0
Male,41000.0
Male,20000.0
Female,67000.0
Female,19500.0
Female,4000.0
Male,82000.0
Female,50000.0
Female,20000.0
Female,15000.0
Female,800.0
Female,33000.0
Male,83000.0
Male,24000.0
Female,2200.0
Male,90000.0
Female,80000.0
Female,120000.0
Female,45000.0
Male,41000.0
Male,68000.0
Male,148000.0
Female,50000.0
Male,88000.0
Male,4000.0
Female,40000.0
Female,72000.0
Male,30600.0
Male,75000.0
Male,600.0
Male,7500.0
Male,240000.0
Female,1800.0
Female,58000.0
Female,18000.0
Male,95000.0
Male,10000.0
Male,6000.0
Male,70000.0
Female,28000.0
Female,75000.0
Male,140000.0
Female,3000.0
Male,110000.0
Female,50000.0
Female,50000.0
Female,90000.0
Female,100000.0
Female,40000.0
Female,35000.0
Male,30000.0
Male,30000.0
Male,25000.0
Male,50000.0
Male,67000.0
Male,111000.0
Male,110000.0
Female,53000.0
Female,108000.0
Female,19000.0
Male,118000.0
Female,9800.0
Male,32000.0
Female,22500.0
Female,120000.0
Male,31000.0
Male,30000.0
Female,10000.0
Female,35000.0
Male,156000.0
Female,24000.0
Female,28900.0
Female,60000.0
Female,52000.0
Male,65000.0
Male,77000.0
Female,200000.0
Female,50000.0
Female,43900.0
Male,125000.0
Female,30000.0
Male,34000.0
Male,20000.0
Male,45800.0
Male,32000.0
Female,60000.0
Male,9400.0
Female,23700.0
Male,110000.0
Male,100000.0
Female,35000.0
Female,60000.0
Male,80000.0
Female,57000.0
Male,70000.0
Female,910.0
Female,20000.0
Male,79000.0
Male,116000.0
Male,9000.0
Female,47000.0
Female,2100.0
Female,180000.0
Female,38000.0
Male,120000.0
Female,4800.0
Female,55000.0
Female,25000.0
Male,42000.0
Male,300000.0
Male,38000.0
Male,43800.0
Male,72000.0
Male,150000.0
Female,60000.0
Female,11000.0
Male,119000.0
Male,64000.0
Female,38000.0
Female,110000.0
Male,70000.0
Male,48000.0
Male,43300.0
Female,9000.0
Male,56000.0
Male,70000.0
Male,36000.0
Male,83000.0
Male,65000.0
Male,100000.0
Female,75000.0
Male,18000.0
Male,52000.0
Male,90000.0
Female,25000.0
Female,32000.0
Female,72000.0
Male,95000.0
Female,58000.0
Female,15000.0
Female,55000.0
Male,3000.0
Female,98000.0
Male,96000.0
Male,29000.0
Female,70000.0
Female,2000.0
Male,75000.0
Male,250000.0
Female,34000.0
Female,140000.0
Male,60000.0
Female,30000.0
Male,65000.0
Male,52000.0
Female,35000.0
Male,9000.0
Female,40500.0
Female,13100.0
Male,3000.0
Female,75000.0
Male,60000.0
Male,28000.0
Male,18000.0
Male,70000.0
Male,50000.0
Female,25000.0
Female,23800.0
Male,30000.0
Female,85000.0
Female,35000.0
Female,86000.0
Female,90000.0
Male,120000.0
Male,56000.0
Male,264000.0
Female,90000.0
Male,285000.0
Female,75000.0
Female,64000.0
Female,12900.0
Male,10000.0
Female,75000.0
Male,40000.0
Male,175000.0
Female,90000.0
Female,40000.0
Male,21000.0
Male,30000.0
Female,4000.0
Male,35000.0
Female,20000.0
Male,63000.0
Female,58000.0
Female,19400.0
Female,40000.0
Male,80000.0
Female,42000.0
Male,96000.0
Female,6500.0
Female,50000.0
Female,90000.0
Male,50000.0
Female,1600.0
Female,2500.0
Male,200000.0
Male,42000.0
Male,150000.0
Male,50000.0
Male,67000.0
Female,33300.0
Female,35000.0
Male,109000.0
Female,32000.0
Male,200000.0
Male,40000.0
Male,90000.0
Female,1500.0
Male,100000.0
Female,74000.0
Male,38000.0
Female,90000.0
Male,7000.0
Male,57000.0
Female,20000.0
Female,113000.0
Female,20000.0
Female,80000.0
Male,3000.0
Female,100000.0
Female,55000.0
Female,90000.0
Female,6000.0
Male,30000.0
Male,45000.0
Male,30000.0
Female,75000.0
Female,84000.0
Female,20000.0
Female,37800.0
Male,114000.0
Male,50000.0
Female,133000.0
Male,90000.0
Female,30000.0
Female,4800.0
Male,42900.0
Female,48700.0
Male,175000.0
Female,40000.0
Male,40000.0
Female,38000.0
Female,60000.0
Male,40100.0
Female,8500.0
Female,67000.0
Male,15000.0
Female,22000.0
Male,36000.0
Female,59000.0
Male,40000.0
Male,25000.0
Female,200000.0
Male,115000.0
Male,110000.0
Male,100000.0
Male,175000.0
Male,165000.0
Male,128000.0
Female,25000.0
Male,30000.0
Female,70000.0
Male,27000.0
Female,39600.0
Female,32000.0
Male,200000.0
Male,21000.0
Male,150000.0
Male,52000.0
Male,120000.0
Female,70000.0
Male,8000.0
Female,65000.0
Female,203000.0
Male,43700.0
Male,10000.0
Male,60000.0
Female,45000.0
Female,200000.0
Female,68000.0
Female,130000.0
Female,55000.0
Male,75000.0
Female,98000.0
Male,91000.0
Male,8000.0
Male,176000.0
Male,10000.0
Female,280000.0
Female,101000.0
Female,120000.0
Male,37000.0
Male,100000.0
Female,7000.0
Male,200000.0
Male,32800.0
Male,65000.0
Female,60000.0
Female,84000.0
Female,75000.0
Male,62000.0
Male,64000.0
Male,45000.0
Male,1600.0
Female,30000.0
Female,9000.0
Male,80000.0
Male,75000.0
Female,65000.0
Male,45000.0
Female,30200.0
Male,5000.0
Female,78000.0
Male,210000.0
Male,135000.0
Male,48000.0
Female,80000.0
Male,250000.0
Female,80000.0
Male,42000.0
Female,48000.0
Female,180000.0
Female,22900.0
Female,16900.0
Female,8000.0
Male,15000.0
Female,40000.0
Male,6000.0
Male,13200.0
Female,33200.0
Female,60000.0
Male,88000.0
Female,70000.0
Female,5000.0
Male,120000.0
Male,34300.0
Female,5000.0
Male,25400.0
Female,156000.0
Male,100000.0
Male,166000.0
Male,90000.0
Female,50000.0
Female,140000.0
Female,46400.0
Female,16700.0
Male,65000.0
Female,21900.0
Male,115000.0
Male,75000.0
Male,75000.0
Male,25000.0
Female,35000.0
Male,65000.0
Female,32000.0
Female,7400.0
Male,12200.0
Female,48000.0
Male,48000.0
Female,1000.0
Female,28000.0
Male,1000.0
Male,44900.0
Male,65000.0
Male,150000.0
Female,18000.0
Female,58000.0
Male,79000.0
Male,9000.0
Male,68000.0
Female,90000.0
Male,67000.0
Male,13000.0
Male,47600.0
Female,60000.0
Male,120000.0
Male,294000.0
Female,170000.0
Female,75000.0
Male,135000.0
Male,142000.0
Male,155000.0
Female,160000.0
Female,140000.0
Male,49500.0
Male,110000.0
Male,6000.0
Female,36000.0
Female,46000.0
Female,300000.0
Female,62000.0
Male,2000.0
Female,23000.0
Female,72000.0
Male,91000.0
Female,320.0
Female,66000.0
Male,30000.0
Female,80000.0
Female,25000.0
Female,83000.0
Male,19000.0
Female,40000.0
Male,20000.0
Female,78000.0
Female,65000.0
Female,24000.0
Male,25000.0
Male,4000.0
Female,73000.0
Male,58000.0
Female,180000.0
Female,111000.0
Male,8000.0
Male,3000.0
Female,30000.0
Female,25000.0
Female,35000.0
Male,187000.0
Female,40000.0
Male,60000.0
Male,130000.0
Male,34000.0
Female,35000.0
Male,90000.0
Male,54000.0
Female,38000.0
Female,43000.0
Female,230000.0
Female,1500.0
Male,50000.0
Female,38000.0
Male,33300.0
Male,100000.0
Male,150000.0
Female,150000.0
Male,128000.0
Female,15000.0
Female,60000.0
Female,4500.0
Male,30000.0
Female,102000.0
Female,87000.0
Male,115000.0
Male,40000.0
Female,163000.0
Female,15100.0
Female,80000.0
Male,12000.0
Female,3200.0
Female,15000.0
Male,103000.0
Male,85000.0
Female,30000.0
Female,58000.0
Female,30000.0
Male,40000.0
Male,48000.0
Male,54000.0
Male,65000.0
Female,29000.0
Male,65000.0
Male,94000.0
Male,120000.0
Male,126000.0
Male,25000.0
Male,45000.0
Male,69000.0
Female,6000.0
Male,48000.0
Female,62000.0
Female,48000.0
Female,66000.0
Female,30000.0
Male,139000.0
Male,35000.0
Female,88000.0
Male,50000.0
Male,70000.0
Female,60000.0
Male,60000.0
Male,50000.0
Male,107000.0
Female,13600.0
Male,19000.0
Male,75000.0
Female,36000.0
Female,49000.0
Female,250000.0
Male,4200.0
Male,40000.0
Female,90000.0
Female,40000.0
Male,50000.0
Female,3000.0
Male,22000.0
Male,87000.0
Male,38000.0
Female,175000.0
Female,30300.0
Male,100000.0
Male,60000.0
Male,70000.0
Male,19000.0
Male,145000.0
Male,5000.0
Female,8000.0
Male,2400.0
Female,106000.0
Male,110000.0
Male,180000.0
Female,85000.0
Female,800.0
Male,30000.0
Male,100000.0
Female,7200.0
Male,14000.0
Male,150000.0
Male,50000.0
Male,90000.0
Female,35000.0
Male,86000.0
Male,81000.0
Male,35800.0
Female,50000.0
Male,80000.0
Female,55000.0
Female,48000.0
Female,35000.0
Female,56000.0
Male,28700.0
Male,50000.0
Male,29200.0
Female,35000.0
Male,181000.0
Male,160000.0
Female,5000.0
Male,30000.0
Male,130000.0
Male,142000.0
Male,97000.0
Female,69000.0
Male,36000.0
Male,95000.0
Female,15000.0
Male,130000.0
Female,100000.0
Female,80000.0
Male,50000.0
Male,170000.0
Male,89000.0
Male,63000.0
Male,38400.0
Male,20000.0
Male,40000.0
Female,45000.0
Female,18000.0
Male,65000.0
Male,13100.0
Female,43800.0
Female,15000.0
Male,18000.0
Male,90000.0
Female,53000.0
Female,14500.0
Male,90000.0
Female,34400.0
Male,72000.0
Male,7500.0
Female,41800.0
Female,30000.0
Male,35000.0
Female,14400.0
Female,32000.0
Male,34000.0
Male,60000.0
Female,150000.0
Male,45000.0
Female,5000.0
Female,70000.0
Female,130000.0
Female,70000.0
Male,33000.0
Female,80000.0
Male,15000.0
Female,28000.0
Female,23000.0
Female,5000.0
Female,1300.0
Male,98000.0
Male,60000.0
Female,9500.0
Male,55000.0
Female,50000.0
Female,76000.0
Female,38000.0
Male,73000.0
Female,28500.0
Male,124000.0
Male,52000.0
Female,40000.0
Female,75000.0
Male,20000.0
Male,28800.0
Male,60000.0
Female,230000.0
Male,45000.0
Male,21400.0
Male,50000.0
Female,77000.0
Male,70000.0
Female,100000.0
Male,19800.0
Female,152000.0
Male,78000.0
Male,11000.0
Male,100000.0
Male,98000.0
Male,118000.0
Male,14000.0
Female,32000.0
Female,80000.0
Female,60000.0
Male,48000.0
Male,120000.0
Female,82000.0
Male,26000.0
Female,7700.0
Male,65000.0
Female,145000.0
Female,21000.0
Female,64000.0
Male,20000.0
Female,100000.0
Male,67000.0
Female,38000.0
Male,180000.0
Female,8000.0
Male,5400.0
Male,220000.0
Male,15000.0
Male,54000.0
Female,10000.0
Male,30000.0
Male,45000.0
Female,1300.0
Female,80000.0
Male,40000.0
Male,45000.0
Female,85000.0
Male,127000.0
Female,52000.0
Male,30000.0
Female,60000.0
Female,45000.0
Male,68000.0
Male,80000.0
Male,8000.0
Female,123000.0
Female,35000.0
Female,4900.0
Female,77000.0
Female,250000.0
Female,240.0
Female,8500.0
Male,65000.0
Female,250000.0
Female,30000.0
Male,21600.0
Male,48000.0
Female,55000.0
Male,82000.0
Male,80000.0
Female,67000.0
Male,35800.0
Male,74000.0
Female,65000.0
Male,70000.0
Male,50000.0
Male,200000.0
Male,68000.0
Male,2000.0
Male,5000.0
Female,14000.0
Male,90000.0
Female,76000.0
Female,77000.0
Female,15000.0
Male,78000.0
Male,3600.0
Male,15000.0
Male,70000.0
Female,88000.0
Female,26000.0
Male,24000.0
Male,100000.0
Female,5000.0
Female,108000.0
Male,1900.0
Male,35000.0
Male,100000.0
Female,130000.0
Female,35000.0
Male,58000.0
Female,9700.0
Male,18000.0
Male,100000.0
Female,45000.0
Female,100000.0
Male,126000.0
Male,3000.0
Female,50000.0
Female,89000.0
Male,28000.0
Female,30000.0
Male,10000.0
Female,25000.0
Male,125000.0
Female,57000.0
Female,82000.0
Female,55000.0
Male,150000.0
Female,98000.0
Female,57000.0
Male,60000.0
Female,8000.0
Male,46700.0
Female,35000.0
Female,125000.0
Male,70000.0
Male,38000.0
Female,25000.0
Female,1300.0
Male,86000.0
Female,150000.0
Female,75000.0
Male,18000.0
Female,55000.0
Male,68000.0
Female,120000.0
Male,77000.0
Male,50000.0
Male,3000.0
Female,40000.0
Male,45000.0
Male,23000.0
Male,90000.0
Female,30000.0
Male,7700.0
Male,26400.0
Female,40000.0
Male,53000.0
Female,130000.0
Female,20000.0
Female,50000.0
Male,10000.0
Female,30000.0
Male,30000.0
Male,45400.0
Female,15000.0
Female,15500.0
Female,86000.0
Female,203000.0
Male,28700.0
Male,30000.0
Female,75000.0
Male,150000.0
Female,30000.0
Male,2000.0
Female,12300.0
Male,100000.0
Female,3000.0
Female,55000.0
Male,20000.0
Male,6500.0
Female,7200.0
Female,70000.0
Female,24000.0
Male,32000.0
Male,22000.0
Male,115000.0
Female,28000.0
Male,33000.0
Female,44000.0
Female,70000.0
Female,32800.0
Female,175000.0
Male,85000.0
Female,6000.0
Female,33000.0
Male,19100.0
Female,30000.0
Male,85000.0
Male,110000.0
Female,10000.0
Female,1800.0
Male,98000.0
Male,68000.0
Male,55000.0
Male,70000.0
Female,90000.0
Male,130000.0
Female,66000.0
Female,47600.0
Female,120000.0
Female,25900.0
Male,17500.0
Female,21400.0
Female,55000.0
Female,40000.0
Male,8000.0
Male,160000.0
Male,35000.0
Male,95000.0
Female,200.0
Male,60000.0
Female,58000.0
Male,2400.0
Female,70000.0
Male,70000.0
Male,104000.0
Male,50000.0
Male,60000.0
Female,63000.0
Male,68000.0
Male,100000.0
Male,50000.0
Female,95000.0
Male,200000.0
Male,155000.0
Female,58000.0
Male,9000.0
Male,7000.0
Male,94000.0
Male,95000.0
Male,20000.0
Male,65000.0
Female,20000.0
Female,6500.0
Male,94000.0
Female,68000.0
Female,62000.0
Female,103000.0
Female,107000.0
Male,20000.0
Male,500.0
Male,198000.0
Male,48000.0
Female,40000.0
Male,49000.0
Male,6000.0
Female,26000.0
Female,59000.0
Female,20000.0
Male,90000.0
Female,40000.0
Female,132000.0
Female,62000.0
Female,12000.0
Female,213000.0
Female,60000.0
Female,37000.0
Female,80000.0
Female,21600.0
Female,45000.0
Female,40000.0
Female,70000.0
Male,230000.0
Male,50000.0
Male,110000.0
Female,10000.0
Female,1000.0
Female,100000.0
Female,50000.0
Female,30000.0
Male,50000.0
Male,7000.0
Female,2300.0
Female,150000.0
Female,68000.0
Female,35000.0
Male,250000.0
Female,11500.0
Male,30000.0
Male,12000.0
Male,34000.0
Male,65000.0
Female,9000.0
Male,20000.0
Male,38600.0
Male,40000.0
Female,55000.0
Male,85000.0
Female,6000.0
Male,124000.0
Female,12000.0
Male,24000.0
Male,92000.0
Male,30000.0
Female,50000.0
Female,1200.0
Male,52000.0
Female,20000.0
Male,40000.0
Female,21000.0
Female,15000.0
Male,50000.0
Female,90000.0
Male,93000.0
Female,100000.0
Male,46200.0
Male,58000.0
Male,260000.0
Female,155000.0
Male,80000.0
Female,36100.0
Male,113000.0
Male,2000.0
Female,24900.0
Female,253000.0
Female,278000.0
Female,64000.0
Male,120000.0
Male,32000.0
Male,1000.0
Male,250000.0
Male,30000.0
Female,21000.0
Female,185000.0
Male,42000.0
Female,31200.0
Female,120000.0
Male,90000.0
Female,20000.0
Female,120000.0
Female,65000.0
Male,80000.0
Male,16000.0
Female,56000.0
Female,277000.0
Female,53000.0
Male,85000.0
Female,20000.0
Male,150000.0
Female,31000.0
Female,30000.0
Female,29000.0
Female,26000.0
Male,13400.0
Male,7500.0
Male,25000.0
Male,50000.0
Male,200000.0
Male,50000.0
Female,68000.0
Female,78000.0
Male,150000.0
Female,115000.0
Female,40000.0
Male,72000.0
Male,68000.0
Male,53000.0
Male,140000.0
Male,40000.0
Female,60000.0
Female,45700.0
Female,47000.0
Female,38400.0
Male,54000.0
Female,21000.0
Female,100000.0
Male,215000.0
Female,125000.0
Male,110000.0
Female,80000.0
Female,10000.0
Female,40000.0
Male,20000.0
Female,70000.0
Female,58000.0
Male,105000.0
Male,125000.0
Male,48000.0
Male,75000.0
Male,40000.0
Female,54000.0
Female,15600.0
Female,350.0
Female,70000.0
Female,35000.0
Male,180000.0
Male,60000.0
Male,130000.0
Female,16000.0
Male,45000.0
Female,100000.0
Male,45000.0
Male,70000.0
Female,27500.0
Male,17000.0
Male,163000.0
Female,22000.0
Male,100000.0
Male,66000.0
Male,32000.0
Female,38300.0
Female,31200.0
Male,30000.0
Male,40000.0
Female,45000.0
Female,47000.0
Male,107000.0
Female,170000.0
Male,25000.0
Female,100000.0
Female,100000.0
Female,70000.0
Male,40000.0
Male,48000.0
Male,185000.0
Female,40000.0
Female,65000.0
Female,14400.0
Male,56000.0
Male,60000.0
Female,50000.0
Female,71000.0
Male,8700.0
Female,32000.0
Male,80000.0
Male,38000.0
Female,5100.0
Male,90000.0
Female,38500.0
Male,149000.0
Male,92000.0
Male,300000.0
Female,190.0
Male,55000.0
Female,24600.0
Male,20000.0
Female,42000.0
Male,45000.0
Male,100000.0
Male,175000.0
Male,295000.0
Female,1200.0
Female,50000.0
Female,23000.0
Female,80000.0
Male,60000.0
Male,30200.0
Male,12200.0
Female,1500.0
Female,59000.0
Female,15000.0
Female,125000.0
Female,30000.0
Female,200000.0
Female,36000.0
Female,54000.0
Male,40000.0
Female,38500.0
Female,22800.0
Female,37000.0
Female,5000.0
Male,93000.0
Male,60000.0
Female,49000.0
Female,32000.0
Male,30000.0
Male,100000.0
Male,75000.0
Female,36000.0
Female,116000.0
Male,55000.0
Female,40000.0
Male,24000.0
Male,63000.0
Female,125000.0
Male,48800.0
Male,188000.0
Female,43000.0
Male,45000.0
Female,61000.0
Female,56000.0
Female,250000.0
Female,80000.0
Male,58000.0
Male,20000.0
Female,64000.0
Female,56000.0
Male,106000.0
Female,150000.0
Male,20000.0
Female,70000.0
Female,40000.0
Male,35400.0
Male,65000.0
Female,40000.0
Male,20000.0
Female,25000.0
Female,48000.0
Female,96000.0
Female,108000.0
Female,120000.0
Male,163000.0
Male,4000.0
Female,84000.0
Male,650.0
Female,6800.0
Female,110000.0
Female,7000.0
Male,40000.0
Female,1600.0
Male,36000.0
Female,80000.0
Female,6000.0
Male,150000.0
Male,38900.0
Male,120000.0
Female,94000.0
Male,7000.0
Female,15000.0
Female,48000.0
Male,90000.0
Male,75000.0
Female,65000.0
Male,81000.0
Female,36000.0
Female,25700.0
Male,95000.0
Male,95000.0
Male,28700.0
Female,48000.0
Female,100000.0
Female,31000.0
Female,43800.0
Female,100000.0
Male,60000.0
Male,180000.0
Female,40000.0
Male,174000.0
Female,32000.0
Male,64000.0
Male,40800.0
Female,13500.0
Male,30000.0
Female,5000.0
Female,16000.0
Male,20000.0
Female,7800.0
Male,3500.0
Male,101000.0
Male,17000.0
Female,28000.0
Female,33000.0
Female,180000.0
Male,5200.0
Female,7200.0
Male,120000.0
Male,104000.0
Female,226000.0
Female,90000.0
Male,100000.0
Female,25000.0
Female,37000.0
Male,79000.0
Female,60000.0
Male,1200.0
Male,114000.0
Male,75000.0
Male,2400.0
Female,10000.0
Female,21000.0
Female,28000.0
Female,65000.0
Male,70000.0
Female,100000.0
Female,60000.0
Female,40000.0
Female,60000.0
Male,26000.0
Male,55000.0
Female,5000.0
Female,300.0
Male,88000.0
Female,59000.0
Female,92000.0
Male,162000.0
Male,51000.0
Male,85000.0
Male,60000.0
Female,25000.0
Female,29800.0
Female,46600.0
Male,137000.0
Female,80000.0
Female,80000.0
Male,80000.0
Female,35500.0
Male,55000.0
Male,114000.0
Male,56000.0
Male,125000.0
Male,35000.0
Female,89000.0
Male,175000.0
Male,47000.0
Male,50000.0
Female,45000.0
Male,38000.0
Male,200000.0
Female,5000.0
Male,14800.0
Female,38000.0
Female,122000.0
Male,52000.0
Female,25000.0
Female,44400.0
Male,30000.0
Male,5000.0
Female,107000.0
Male,36000.0
Male,36000.0
Male,12000.0
Male,50000.0
Male,70000.0
Male,8000.0
Female,9000.0
Male,36000.0
Female,95000.0
Female,88000.0
Male,29300.0
Female,65000.0
Male,44000.0
Male,95000.0
Male,14400.0
Male,40800.0
Male,5600.0
Female,72000.0
Male,120000.0
Male,60000.0
Male,45000.0
Male,40000.0
Female,50000.0
Male,119000.0
Male,62000.0
Female,20000.0
Female,20000.0
Male,120000.0
Female,43200.0
Female,45000.0
Female,62000.0
Male,25000.0
Female,49000.0
Male,70000.0
Male,12500.0
Female,35000.0
Male,45000.0
Male,140000.0
Male,80000.0
Male,20000.0
Male,30000.0
Female,123000.0
Female,60000.0
Male,65000.0
Male,137000.0
Male,90000.0
Female,40000.0
Female,25000.0
Male,50000.0
Male,42000.0
Female,35000.0
Female,55000.0
Male,24500.0
Male,50000.0
Male,35000.0
Female,18800.0
Male,41600.0
Male,1000.0
Female,19000.0
Male,14300.0
Female,40000.0
Male,100000.0
Female,9000.0
Female,10800.0
Female,12000.0
Female,23000.0
Male,150000.0
Male,54000.0
Male,300000.0
Male,31000.0
Female,44000.0
Male,135000.0
Female,41800.0
Male,65000.0
Male,40000.0
Male,200000.0
Male,50000.0
Female,28000.0
Female,19500.0
Male,180000.0
Male,55000.0
Male,40000.0
Female,55000.0
Female,45000.0
Female,20000.0
Male,122000.0
Male,10000.0
Female,55000.0
Female,460.0
Male,90000.0
Female,255000.0
Female,100000.0
Male,24000.0
Male,260000.0
Male,30000.0
Male,200000.0
Female,35000.0
Female,6000.0
Male,1100.0
Male,1200.0
Male,12500.0
Female,43000.0
Male,91000.0
Male,63000.0
Male,1300.0
Male,40000.0
Female,25000.0
Female,10000.0
Male,75000.0
Female,20000.0
Male,150000.0
Female,37200.0
Male,15000.0
Female,52000.0
Female,18600.0
Female,86000.0
Female,65000.0
Female,75000.0
Male,40000.0
Male,40000.0
Male,60000.0
Female,6000.0
Male,36000.0
Male,45000.0
Female,3300.0
Male,110000.0
Female,80000.0
Female,30000.0
Female,32000.0
Female,30000.0
Female,80000.0
Female,29000.0
Female,44600.0
Male,195000.0
Female,75000.0
Female,38000.0
Male,115000.0
Female,100000.0
Male,157000.0
Male,83000.0
Female,60000.0
Male,60000.0
Male,24000.0
Female,63000.0
Male,24400.0
Male,21000.0
Female,10000.0
Female,90000.0
Female,100000.0
Male,48000.0
Female,55000.0
Male,35000.0
Male,80000.0
Female,16100.0
Female,75000.0
Male,14400.0
Female,38000.0
Male,60000.0
Female,40000.0
Male,88000.0
Female,100000.0
Female,118000.0
Male,35000.0
Female,50000.0
Female,9000.0
Male,90000.0
Male,10000.0
Male,24900.0
Female,140000.0
Female,25000.0
Female,226000.0
Male,70000.0
Female,52000.0
Male,79000.0
Male,55000.0
Female,30200.0
Male,199000.0
Male,83000.0
Female,59000.0
Male,40000.0
Female,5000.0
Female,10000.0
Female,96000.0
Male,69000.0
Female,66000.0
Male,50000.0
Female,15700.0
Female,25000.0
Male,30000.0
Male,40000.0
Male,65000.0
Male,60000.0
Male,50000.0
Female,130000.0
Female,80000.0
Male,50000.0
Male,40000.0
Male,20000.0
Female,5000.0
Male,10000.0
Male,70000.0
Female,73000.0
Female,150000.0
Male,135000.0
Male,2000.0
Female,50000.0
Male,130000.0
Male,24400.0
Female,12000.0
Male,70000.0
Male,50000.0
Male,112000.0
Male,10000.0
Female,56000.0
Male,100000.0
Female,47000.0
Male,80000.0
Female,28800.0
Male,40000.0
Male,40000.0
Male,2000.0
Female,7000.0
Female,24000.0
Female,55000.0
Male,96000.0
Male,50000.0
Female,46000.0
Male,34000.0
Male,28000.0
Female,44200.0
Female,42000.0
Male,140000.0
Female,65000.0
Male,400.0
Female,100000.0
Female,10000.0
Male,75000.0
Female,40000.0
Female,32000.0
Female,35000.0
Female,40000.0
Male,73000.0
Male,55000.0
Male,90000.0
Female,200000.0
Female,36000.0
Female,17000.0
Female,29000.0
Male,50000.0
Female,5000.0
Female,35000.0
Male,6000.0
Male,36000.0
Male,51000.0
Female,28000.0
Female,110000.0
Male,120000.0
Male,60000.0
Female,38000.0
Male,65000.0
Female,70000.0
Male,125000.0
Female,20000.0
Male,125000.0
Male,259000.0
Male,120000.0
Female,5000.0
Male,55000.0
Male,4000.0
Male,110000.0
Male,40800.0
Female,55000.0
Male,61000.0
Male,18000.0
Female,70000.0
Male,135000.0
Female,100000.0
Female,80000.0
Female,8000.0
Female,35000.0
Female,9600.0
Female,14300.0
Male,150000.0
Female,130000.0
Male,35000.0
Male,65000.0
Male,39000.0
Male,70000.0
Female,60000.0
Female,83000.0
Male,150000.0
Female,90000.0
Female,160000.0
Male,15000.0
Male,40000.0
Male,58000.0
Male,87000.0
Female,100000.0
Female,20000.0
Female,55000.0
Male,100000.0
Female,25000.0
Male,170000.0
Female,28200.0
Female,150000.0
Female,33000.0
Male,100000.0
Female,350.0
Male,65000.0
Female,500.0
Female,66000.0
Male,165000.0
Female,130000.0
Male,12000.0
Male,220000.0
Female,35000.0
Female,5000.0
Male,150000.0
Female,90000.0
Female,38000.0
Male,80000.0
Female,150000.0
Male,64000.0
Female,90000.0
Female,80000.0
Male,5000.0
Male,3600.0
Female,45000.0
Female,25000.0
Female,50000.0
Female,30000.0
Male,150000.0
Female,12500.0
Female,63000.0
Female,46700.0
Male,55000.0
Male,80000.0
Male,52000.0
Female,100000.0
Male,63000.0
Female,75000.0
Male,1700.0
Male,35000.0
Female,47000.0
Male,105000.0
Male,78000.0
Male,35000.0
Male,75000.0
Male,74000.0
Female,55000.0
Female,22300.0
Male,115000.0
Female,40000.0
Male,27000.0
Male,32000.0
Female,40000.0
Female,1500.0
Male,4000.0
Female,45000.0
Female,15000.0
Male,44000.0
Male,98000.0
Female,26500.0
Female,48000.0
Male,61000.0
Male,111000.0
Male,40000.0
Male,15000.0
Female,180000.0
Female,53000.0
Male,30000.0
Female,96000.0
Female,800.0
Female,32000.0
Male,68000.0
Female,12500.0
Male,6000.0
Male,120000.0
Female,50000.0
Female,81000.0
Female,52000.0
Female,40000.0
Male,90000.0
Male,110000.0
Female,3000.0
Female,100000.0
Male,65000.0
Female,45800.0
Male,94000.0
Male,67000.0
Male,10000.0
Female,2400.0
Female,25000.0
Male,60000.0
Female,29000.0
Female,46000.0
Male,68000.0
Male,250000.0
Female,150000.0
Male,53000.0
Female,27000.0
Female,78000.0
Female,23400.0
Female,30000.0
Male,5900.0
Female,35000.0
Male,60000.0
Male,71000.0
Female,31200.0
Male,73000.0
Female,5400.0
Female,75000.0
Male,28000.0
Female,56000.0
Male,114000.0
Male,233000.0
Male,85000.0
Female,35000.0
Male,60000.0
Female,30000.0
Male,45800.0
Male,50000.0
Female,450.0
Male,150000.0
Female,70000.0
Female,130000.0
Male,10000.0
Female,120000.0
Female,30000.0
Female,111000.0
Male,30000.0
Male,35000.0
Male,65000.0
Female,2100.0
Female,15000.0
Female,136000.0
Male,28000.0
Female,32000.0
Female,20000.0
Male,900.0
Male,103000.0
Female,5000.0
Male,104000.0
Female,200000.0
Female,40000.0
Male,35000.0
Male,80000.0
Male,136000.0
Female,65000.0
Female,107000.0
Male,96000.0
Female,82000.0
Male,200000.0
Female,69000.0
Female,41000.0
Female,150000.0
Female,75000.0
Male,20000.0
Female,104000.0
Male,50000.0
Male,47000.0
Male,4000.0
Female,27000.0
Female,100000.0
Female,40000.0
Female,115000.0
Male,80000.0
Female,86000.0
Male,5000.0
Male,27800.0
Male,60000.0
Male,43000.0
Female,50000.0
Female,90000.0
Male,21700.0
Female,53000.0
Male,40000.0
Female,16000.0
Male,2000.0
Male,48000.0
Male,60000.0
Female,30000.0
Female,63000.0
Female,104000.0
Female,180000.0
Female,40000.0
Female,73000.0
Male,180000.0
Male,60000.0
Male,115000.0
Male,30000.0
Male,72000.0
Male,30000.0
Female,75000.0
Female,40000.0
Male,50000.0
Male,55000.0
Male,110000.0
Male,110000.0
Male,1000.0
Male,100000.0
Female,81000.0
Male,120000.0
Male,71000.0
Female,67000.0
Female,80000.0
Male,285000.0
Female,70000.0
Male,75000.0
Male,170000.0
Female,34600.0
Female,1000.0
Male,14800.0
Male,47000.0
Female,76000.0
Male,22000.0
Male,120000.0
Female,1500.0
Female,7000.0
Male,39500.0
Male,22400.0
Female,54000.0
Female,10000.0
Male,24000.0
Male,10000.0
Female,50000.0
Male,28000.0
Female,89000.0
Male,85000.0
Male,49000.0
Female,20000.0
Female,2000.0
Male,60000.0
Male,140000.0
Female,11300.0
Male,206000.0
Male,4000.0
Male,8000.0
Male,61000.0
Male,15600.0
Male,87000.0
Female,4000.0
Male,200000.0
Female,26000.0
Female,78000.0
Male,70000.0
Female,34000.0
Female,40000.0
Male,50000.0
Male,37000.0
Male,129000.0
Male,138000.0
Male,66000.0
Female,100000.0
Female,34800.0
Female,500.0
Male,75000.0
Female,20000.0
Male,120000.0
Male,48000.0
Male,129000.0
Male,40000.0
Female,1300.0
Female,3500.0
Female,70000.0
Female,38000.0
Male,80000.0
Male,100000.0
Female,30900.0
Male,18000.0
Male,33000.0
Male,37500.0
Female,16000.0
Male,40000.0
Male,32600.0
Female,20000.0
Male,200000.0
Female,70000.0
Male,7000.0
Female,10000.0
Female,14000.0
Male,25000.0
Male,65000.0
Male,68000.0
Female,18000.0
Male,157000.0
Female,20000.0
Male,63000.0
Male,50000.0
Male,154000.0
Female,100000.0
Male,73000.0
Male,48000.0
Male,20800.0
Male,40000.0
Male,30000.0
Male,90000.0
Male,50000.0
Female,70000.0
Male,32000.0
Female,70000.0
Male,40000.0
Male,115000.0
Female,40000.0
Male,85000.0
Male,220000.0
Male,5200.0
Female,50000.0
Male,105000.0
Female,24000.0
Female,31000.0
Female,8000.0
Male,40000.0
Female,47800.0
Male,35000.0
Female,80000.0
Female,45000.0
Male,150000.0
Female,200000.0
Female,48000.0
Male,48600.0
Female,36000.0
Male,92000.0
Female,60000.0
Female,25000.0
Female,25000.0
Female,20000.0
Female,25000.0
Male,150000.0
Female,38500.0
Male,33000.0
Female,30000.0
Male,85000.0
Male,60000.0
Female,13800.0
Male,28000.0
Female,35000.0
Male,78000.0
Male,94000.0
Male,50000.0
Male,68000.0
Male,20400.0
Female,80000.0
Female,15000.0
Female,105000.0
Female,72000.0
Female,28800.0
Male,80000.0
Male,56000.0
Female,80000.0
Female,50000.0
Male,29200.0
Female,273000.0
Male,105000.0
Female,48000.0
Male,100000.0
Female,110000.0
Female,70000.0
Female,42000.0
Female,12000.0
Male,55000.0
Male,38000.0
Female,70000.0
Male,68000.0
Male,26700.0
Male,140000.0
Female,60000.0
Male,50000.0
Male,15000.0
Female,24000.0
Female,1000.0
Male,50000.0
Female,60000.0
Male,47000.0
Female,7000.0
Male,50000.0
Female,50000.0
Male,75000.0
Female,69000.0
Male,12000.0
Female,127000.0
Female,1500.0
Female,10000.0
Male,128000.0
Female,12500.0
Male,5000.0
Female,190000.0
Male,165000.0
Male,120000.0
Male,170000.0
Female,1500.0
Male,5500.0
Male,45000.0
Female,145000.0
Female,28000.0
Female,12000.0
Male,73000.0
Female,63000.0
Male,20000.0
Female,41000.0
Female,45000.0
Male,143000.0
Female,80000.0
Male,216000.0
Female,38000.0
Male,46000.0
Male,121000.0
Female,12000.0
Female,139000.0
Female,19200.0
Female,68000.0
Male,33300.0
Female,225000.0
Female,24000.0
Female,60000.0
Female,230000.0
Female,130000.0
Female,140000.0
Female,44500.0
Female,55000.0
Male,80000.0
Female,27000.0
Male,80000.0
Female,100000.0
Male,95000.0
Female,40800.0
Female,85000.0
Female,98000.0
Female,100000.0
Male,35000.0
Male,48000.0
Male,59000.0
Male,82000.0
Female,150000.0
Male,35200.0
Male,36000.0
Female,2500.0
Female,180000.0
Male,84000.0
Female,55000.0
Female,181000.0
Female,110000.0
Male,65000.0
Female,79000.0
Male,70000.0
Male,60000.0
Male,60000.0
Female,21600.0
Female,65000.0
Female,89000.0
Female,50000.0
Female,85000.0
Male,50000.0
Male,21600.0
Male,27700.0
Female,110000.0
Male,78000.0
Female,85000.0
Female,58000.0
Male,40000.0
Male,33100.0
Male,60000.0
Male,84000.0
Male,50000.0
Female,49000.0
Female,81000.0
Female,25000.0
Male,230.0
Female,24000.0
Male,90000.0
Female,50000.0
Male,42000.0
Male,110000.0
Female,12000.0
Male,210000.0
Male,10000.0
Female,60000.0
Female,30000.0
Female,30000.0
Female,34000.0
Male,100000.0
Female,36000.0
Female,10000.0
Male,80000.0
Female,11300.0
Male,220000.0
Female,35000.0
Male,85000.0
Male,48000.0
Male,62000.0
Female,10000.0
Female,48000.0
Female,120000.0
Male,46000.0
Female,25000.0
Female,20000.0
Male,10000.0
Male,100000.0
Male,25000.0
Female,153000.0
Male,1600.0
Female,80000.0
Female,30000.0
Male,7000.0
Female,21500.0
Female,5400.0
Male,100000.0
Male,50000.0
Male,70000.0
Female,45500.0
Male,40000.0
Male,40700.0
Male,69000.0
Male,40000.0
Male,14800.0
Male,100000.0
Female,10800.0
Female,48000.0
Male,85000.0
Female,125000.0
Female,58000.0
Female,90000.0
Male,12000.0
Female,25000.0
Female,27100.0
Male,120000.0
Male,85000.0
Female,40000.0
Male,39000.0
Male,46000.0
Male,50000.0
Female,35700.0
Male,135000.0
Male,100000.0
Female,19000.0
Male,129000.0
Male,58000.0
Male,35000.0
Female,130000.0
Male,246000.0
Female,10000.0
Female,3800.0
Male,80000.0
Female,100000.0
Male,240000.0
Male,60000.0
Female,105000.0
Female,290000.0
Male,102000.0
Male,51000.0
Male,86000.0
Female,24000.0
Female,33000.0
Male,25000.0
Male,16000.0
Female,12500.0
Male,190000.0
Female,70000.0
Female,22300.0
Female,37000.0
Female,36000.0
Female,48000.0
Male,160000.0
Male,50000.0
Female,25600.0
Male,90000.0
Male,55000.0
Male,85000.0
Male,32000.0
Male,58000.0
Male,4500.0
Female,10000.0
Male,193000.0
Female,148000.0
Female,60000.0
Male,18900.0
Male,45000.0
Male,120000.0
Female,55000.0
Female,35000.0
Male,140000.0
Male,60000.0
Female,40000.0
Male,80000.0
Male,5700.0
Female,58000.0
Male,11000.0
Female,55000.0
Female,60000.0
Female,8200.0
Female,15000.0
Male,210000.0
Female,41000.0
Female,133000.0
Male,6000.0
Female,400.0
Male,77000.0
Female,72000.0
Female,16000.0
Female,70000.0
Female,5000.0
Male,189000.0
Female,40000.0
Female,40000.0
Male,99000.0
Female,80000.0
Male,13000.0
Female,1200.0
Female,14300.0
Female,58000.0
Female,70000.0
Male,59000.0
Male,30000.0
Female,27300.0
Female,180000.0
Female,5700.0
Male,6800.0
Female,86000.0
Female,7800.0
Female,39000.0
Female,17000.0
Male,82000.0
Male,140000.0
Male,890.0
Male,72000.0
Female,7200.0
Male,60000.0
Female,14000.0
Female,20800.0
Male,50000.0
Male,27000.0
Male,220000.0
Male,126000.0
Female,17000.0
Female,300.0
Male,150000.0
Female,300000.0
Male,120000.0
Female,23000.0
Male,70000.0
Female,11500.0
Male,30000.0
Female,14700.0
Female,23000.0
Female,50000.0
Female,10000.0
Male,220000.0
Male,60000.0
Male,120000.0
Female,110000.0
Female,110000.0
Female,24000.0
Female,200000.0
Male,210000.0
Female,12000.0
Female,58000.0
Male,55000.0
Male,80000.0
Male,39000.0
Female,5000.0
Male,182000.0
Male,60000.0
Female,160000.0
Female,3000.0
Female,7000.0
Female,11700.0
Male,160000.0
Female,270000.0
Female,41300.0
Male,51000.0
Female,28000.0
Female,30000.0
Female,110000.0
Male,75000.0
Male,8000.0
Male,80000.0
Male,60000.0
Female,30000.0
Male,75000.0
Male,21000.0
Female,4500.0
Male,4800.0
Female,61000.0
Female,80000.0
Male,100000.0
Male,170000.0
Female,400.0
Male,45000.0
Female,14400.0
Male,55000.0
Female,56000.0
Male,70000.0
Male,75000.0
Male,100000.0
Male,30000.0
Male,190000.0
Male,15000.0
Male,6000.0
Female,50000.0
Male,10800.0
Female,160000.0
Male,70000.0
Male,70000.0
Female,41600.0
Male,24000.0
Male,59000.0
Male,61000.0
Female,70000.0
Male,101000.0
Female,13000.0
Female,81000.0
Female,66000.0
Female,70000.0
Male,180000.0
Male,2000.0
Male,40000.0
Male,85000.0
Male,30000.0
Female,9600.0
Male,150000.0
Male,45000.0
Male,40000.0
Female,45000.0
Male,46000.0
Male,120000.0
Female,72000.0
Female,25000.0
Male,25000.0
Male,54000.0
Male,9600.0
Male,104000.0
Male,75000.0
Male,60000.0
Male,180000.0
Male,110000.0
Male,170000.0
Female,6000.0
Female,65000.0
Female,50000.0
Male,75000.0
Male,63000.0
Male,63000.0
Male,40000.0
Male,22000.0
Female,26000.0
Male,105000.0
Male,45000.0
Male,15000.0
Male,45800.0
Male,30000.0
Female,1700.0
Female,126000.0
Female,19400.0
Female,40000.0
Male,100000.0
Male,2100.0
Female,250000.0
Female,690.0
Male,45000.0
Male,5400.0
Female,12000.0
Female,239000.0
Male,50000.0
Female,48000.0
Male,40000.0
Male,50000.0
Male,24000.0
Male,60000.0
Female,48000.0
Female,15000.0
Female,80000.0
Female,5000.0
Female,14000.0
Male,72000.0
Male,70000.0
Male,130000.0
Male,104000.0
Male,45800.0
Male,100000.0
Female,25000.0
Male,187000.0
Male,45000.0
Male,130000.0
Male,100000.0
Female,120000.0
Female,32800.0
Male,130000.0
Female,10000.0
Female,12400.0
Female,18000.0
Male,150000.0
Female,16900.0
Female,44000.0
Female,4800.0
Female,150000.0
Female,60000.0
Female,10500.0
Male,40000.0
Male,30000.0
Male,59000.0
Female,17000.0
Female,35000.0
Female,77000.0
Female,120000.0
Male,60000.0
Female,17000.0
Female,120000.0
Male,25000.0
Female,160000.0
Male,75000.0
Male,55000.0
Male,69000.0
Male,50000.0
Female,4000.0
Female,36000.0
Male,68000.0
Female,17400.0
Male,25000.0
Male,158000.0
Male,65000.0
Female,28000.0
Male,300000.0
Male,30000.0
Male,57000.0
Male,52000.0
Female,60000.0
Female,175000.0
Male,40000.0
Female,80000.0
Female,2800.0
Male,24000.0
Male,21000.0
Male,70000.0
Female,109000.0
Female,62000.0
Male,180000.0
Male,300000.0
Male,23000.0
Female,87000.0
Female,13000.0
Male,90000.0
Male,72000.0
Female,12000.0
Male,132000.0
Female,87000.0
Male,73000.0
Female,9800.0
Male,20000.0
Female,22000.0
Male,115000.0
Female,41500.0
Female,80000.0
Male,300000.0
Male,50000.0
Female,500.0
Female,20000.0
Male,23300.0
Female,65000.0
Male,75000.0
Female,50000.0
Female,50000.0
Male,1000.0
Male,35000.0
Female,50000.0
Male,58000.0
Female,15000.0
Male,250000.0
Male,56000.0
Female,78000.0
Female,1200.0
Male,85000.0
Female,18000.0
Male,200000.0
Female,75000.0
Female,25500.0
Female,19000.0
Female,10000.0
Female,90000.0
Female,6500.0
Male,130000.0
Female,47800.0
Female,149000.0
Female,60000.0
Male,22000.0
Female,48000.0
Male,36000.0
Male,25000.0
Female,60000.0
Female,72000.0
Female,130000.0
Female,40000.0
Male,40000.0
Female,5100.0
Male,150000.0
Female,50000.0
Male,108000.0
Male,54000.0
Male,86000.0
Male,160000.0
Female,20000.0
Male,30700.0
Female,87000.0
Female,60000.0
Male,6300.0
Male,48000.0
Male,203000.0
Male,39600.0
Male,5900.0
Female,10000.0
Female,50000.0
Female,4000.0
Male,40000.0
Male,47000.0
Male,68000.0
Male,63000.0
Male,155000.0
Female,12000.0
Male,5500.0
Male,150000.0
Male,10900.0
Female,30000.0
Female,50000.0
Male,44200.0
Male,120000.0
Male,230000.0
Female,7000.0
Male,70000.0
Male,150000.0
Female,18100.0
Female,5000.0
Female,35000.0
Female,14500.0
Male,38600.0
Male,270000.0
Male,200000.0
Female,66000.0
Female,8700.0
Male,23700.0
Male,130.0
Female,37000.0
Female,70000.0
Female,90000.0
Female,32000.0
Male,75000.0
Male,95000.0
Female,6000.0
Male,28000.0
Male,70000.0
Male,90000.0
Female,210000.0
Female,39000.0
Male,30000.0
Female,28800.0
Female,42000.0
Male,45000.0
Male,10000.0
Female,60000.0
Male,120000.0
Female,100000.0
Female,70000.0
Male,100000.0
Female,130000.0
Female,58000.0
Male,55000.0
Male,850.0
Female,2000.0
Female,1900.0
Male,58000.0
Male,39600.0
Female,21000.0
Male,94000.0
Male,80000.0
Male,250000.0
Male,65000.0
Male,9100.0
Male,160000.0
Female,53000.0
Male,250000.0
Female,40000.0
Female,14800.0
Female,40000.0
Male,115000.0
Female,70000.0
Female,150000.0
Female,75000.0
Male,30000.0
Male,28000.0
Female,48000.0
Female,60000.0
Female,3100.0
Female,52000.0
Male,76000.0
Male,80000.0
Female,760.0
Female,26400.0
Male,124000.0
Male,400.0
Male,300000.0
Male,47000.0
Female,158000.0
Female,23400.0
Male,11000.0
Male,20000.0
Female,3000.0
Female,19000.0
Female,37400.0
Male,45000.0
Male,73000.0
Female,103000.0
Female,16000.0
Female,78000.0
Male,104000.0
Female,50000.0
Female,80000.0
Male,55000.0
Male,38000.0
Female,30100.0
Male,130000.0
Male,84000.0
Female,22000.0
Male,75000.0
Male,45000.0
Male,35400.0
Female,32000.0
Female,30000.0
Male,40000.0
Male,61000.0
Male,35000.0
Male,12000.0
Female,39600.0
Female,20000.0
Female,11500.0
Female,3000.0
Male,41600.0
Male,50000.0
Female,18000.0
Male,100000.0
Male,11200.0
Female,11000.0
Female,120000.0
Male,24900.0
Male,125000.0
Male,35000.0
Female,117000.0
Male,110000.0
Male,57000.0
Female,55000.0
Female,25000.0
Male,60000.0
Male,43000.0
Female,5800.0
Female,15000.0
Female,85000.0
Female,99000.0
Male,267000.0
Male,127000.0
Male,22000.0
Female,20000.0
Male,20000.0
Female,81000.0
Female,40000.0
Male,30000.0
Male,80000.0
Male,48000.0
Female,200000.0
Male,36000.0
Female,43000.0
Female,20000.0
Male,12000.0
Male,100000.0
Male,72000.0
Male,83000.0
Female,71000.0
Female,8500.0
Male,80000.0
Female,5000.0
Male,40000.0
Female,35000.0
Male,135000.0
Male,19000.0
Female,180000.0
Male,25000.0
Female,90000.0
Female,38500.0
Female,65000.0
Female,7000.0
Female,23000.0
Male,17000.0
Female,9600.0
Female,34000.0
Female,75000.0
Female,62000.0
Male,139000.0
Male,73000.0
Male,52000.0
Female,195000.0
Female,160000.0
Male,195000.0
Male,250000.0
Male,105000.0
Female,15000.0
Female,49000.0
Female,30700.0
Female,144000.0
Female,87000.0
Female,9000.0
Female,12000.0
Male,180000.0
Male,200000.0
Male,109000.0
Female,25000.0
Male,135000.0
Male,31500.0
Female,66000.0
Female,40000.0
Female,24000.0
Female,260.0
Female,98000.0
Male,28000.0
Female,30000.0
Female,7500.0
Female,100000.0
Male,8000.0
Female,70000.0
Female,15200.0
Female,14000.0
Male,118000.0
Male,42000.0
Female,45000.0
Male,73000.0
Female,2000.0
Male,1600.0
Female,65000.0
Male,99000.0
Male,40000.0
Male,41600.0
Male,65000.0
Male,2300.0
Male,150000.0
Male,200000.0
Female,80000.0
Female,40000.0
Female,136000.0
Male,103000.0
Female,15000.0
Male,57000.0
Male,72000.0
Male,44400.0
Male,7200.0
Female,25200.0
Female,40000.0
Male,12000.0
Female,60000.0
Female,13000.0
Male,42100.0
Female,4500.0
Female,24000.0
Male,220000.0
Female,25200.0
Male,100000.0
Female,40000.0
Male,150000.0
Female,115000.0
Male,103000.0
Male,150000.0
Male,42000.0
Male,3400.0
Male,1500.0
Female,65000.0
Male,24000.0
Male,25000.0
Female,24000.0
Female,175000.0
Female,54000.0
Female,4000.0
Female,35300.0
Male,36000.0
Female,100000.0
Male,38000.0
Female,52000.0
Male,79000.0
Female,15000.0
Female,60000.0
Male,78000.0
Female,107000.0
Female,150000.0
Male,113000.0
Male,30000.0
Male,125000.0
Female,30000.0
Male,45000.0
Female,56000.0
Male,128000.0
Male,300000.0
Male,150000.0
Male,150000.0
Male,146000.0
Male,6000.0
Male,61000.0
Female,225000.0
Male,85000.0
Male,11000.0
Female,94000.0
Male,50000.0
Male,67000.0
Male,125000.0
Female,22400.0
Female,32000.0
Female,41000.0
Male,70000.0
Male,75000.0
Male,40000.0
Male,20000.0
Female,48000.0
Male,11800.0
Female,4000.0
Male,8000.0
Male,56000.0
Female,80000.0
Male,45000.0
Male,98000.0
Male,100000.0
Female,10000.0
Male,250000.0
Female,165000.0
Male,36000.0
Female,40000.0
Male,69000.0
Female,120000.0
Female,30000.0
Female,3300.0
Female,66000.0
Female,27900.0
Female,32000.0
Female,42000.0
Male,45000.0
Male,19000.0
Male,12000.0
Female,35000.0
Male,52000.0
Female,68000.0
Female,25000.0
Female,39300.0
Male,44200.0
Male,3000.0
Female,5900.0
Male,100000.0
Male,44800.0
Male,90000.0
Male,145000.0
Female,50000.0
Male,95000.0
Male,119000.0
Female,140000.0
Female,115000.0
Male,71000.0
Male,10000.0
Female,120000.0
Female,50000.0
Male,85000.0
Male,20000.0
Female,24000.0
Male,3100.0
Female,60000.0
Male,70000.0
Female,24000.0
Male,50000.0
Female,43800.0
Male,60000.0
Male,60000.0
Female,18000.0
Male,120000.0
Female,17000.0
Male,3900.0
Male,90000.0
Female,77000.0
Female,38000.0
Male,16800.0
Female,12000.0
Female,98000.0
Female,10000.0
Male,120000.0
Male,1800.0
Male,48000.0
Female,17000.0
Male,120000.0
Female,18000.0
Female,57000.0
Female,8000.0
Male,16300.0
Female,85000.0
Male,5100.0
Female,73000.0
Male,40000.0
Male,75000.0
Female,50000.0
Female,63000.0
Male,150000.0
Female,25000.0
Male,70000.0
Female,18500.0
Female,60000.0
Male,9000.0
Female,55000.0
Female,200000.0
Female,7000.0
Female,30000.0
Male,50000.0
Male,30000.0
Female,75000.0
Male,49500.0
Female,106000.0
Male,85000.0
Female,205000.0
Male,250000.0
Male,51000.0
Male,8000.0
Male,77000.0
Male,65000.0
Male,70000.0
Male,76000.0
Female,3100.0
Male,36000.0
Male,97000.0
Female,45000.0
Female,43000.0
Female,39000.0
Female,9600.0
Female,45000.0
Female,40000.0
Female,70000.0
Male,30000.0
Female,21900.0
Male,50000.0
Male,117000.0
Male,125000.0
Male,16800.0
Female,12500.0
Female,30000.0
Female,2400.0
Male,180000.0
Female,23000.0
Female,17000.0
Female,50000.0
Female,42700.0
Female,90000.0
Male,48000.0
Female,80000.0
Female,220000.0
Female,450.0
Female,37400.0
Female,58000.0
Male,42000.0
Female,30000.0
Male,140000.0
Female,40000.0
Male,23000.0
Female,74000.0
Male,28000.0
Female,180000.0
Male,60000.0
Male,75000.0
Female,2900.0
Male,330.0
Male,31300.0
Male,52000.0
Female,43700.0
Male,25000.0
Male,55000.0
Female,46000.0
Male,78000.0
Female,33000.0
Male,24000.0
Female,89000.0
Male,100000.0
Male,65000.0
Male,40000.0
Female,119000.0
Male,80000.0
Female,265000.0
Male,36000.0
Female,15000.0
Male,180000.0
Female,54000.0
Female,20000.0
Male,60000.0
Female,31000.0
Female,1500.0
Male,35000.0
Male,240000.0
Female,60000.0
Female,105000.0
Female,200000.0
Female,9000.0
Male,42000.0
Male,55000.0
Male,62000.0
Female,35000.0
Male,173000.0
Male,97000.0
Male,20000.0
Female,45000.0
Female,24000.0
Female,30000.0
Male,4800.0
Female,75000.0
Female,30000.0
Male,39000.0
Female,52000.0
Male,54000.0
Female,95000.0
Female,49000.0
Female,270000.0
Male,50000.0
Male,83000.0
Female,15000.0
Male,56000.0
Female,110000.0
Male,50000.0
Male,100000.0
Male,60000.0
Male,120000.0
Female,100000.0
Male,55000.0
Male,60000.0
Female,65000.0
Female,45000.0
Male,155000.0
Female,42000.0
Male,140000.0
Female,30000.0
Female,85000.0
Male,200000.0
Male,50000.0
Female,2500.0
Female,35000.0
Male,120000.0
Female,10000.0
Male,160000.0
Female,12000.0
Male,30000.0
Male,23000.0
Female,84000.0
Female,30000.0
Female,20000.0
Female,52000.0
Female,57000.0
Female,18000.0
Female,34200.0
Male,34000.0
Male,230000.0
Male,18000.0
Female,100000.0
Female,1500.0
Female,100000.0
Male,200000.0
Female,87000.0
Female,15100.0
Female,33000.0
Female,52000.0
Female,118000.0
Female,5400.0
Female,6000.0
Male,95000.0
Female,30000.0
Female,95000.0
Female,30000.0
Female,45000.0
Male,30000.0
Male,72000.0
Female,20000.0
Male,85000.0
Female,158000.0
Female,35000.0
Male,60000.0
Male,155000.0
Male,54000.0
Male,25000.0
Male,52000.0
Male,90000.0
Female,145000.0
Female,250000.0
Male,80000.0
Male,200000.0
Female,60000.0
Male,40000.0
Female,66000.0
Female,22400.0
Female,28000.0
Male,30000.0
Female,35000.0
Female,25000.0
Male,28000.0
Female,400.0
Male,50000.0
Female,2900.0
Female,40000.0
Male,108000.0
Male,45000.0
Male,20000.0
Male,78000.0
Male,18000.0
Female,500.0
Male,93000.0
Female,1200.0
Male,120000.0
Male,63000.0
Male,250000.0
Female,51000.0
Female,96000.0
Male,89000.0
Male,25000.0
Male,50000.0
Male,60000.0
Female,55000.0
Female,40.0
Female,36000.0
Female,95000.0
Male,40000.0
Female,65000.0
Male,77000.0
Female,70000.0
Male,73000.0
Male,120000.0
Female,40000.0
Male,52000.0
Male,96000.0
Male,3300.0
Female,39000.0
Female,40000.0
Male,42000.0
Male,25000.0
Male,10000.0
Female,180000.0
Female,3000.0
Male,30000.0
Male,120000.0
Female,80000.0
Male,68000.0
Female,30000.0
Female,46800.0
Female,58000.0
Male,88000.0
Male,53000.0
Male,100000.0
Male,23600.0
Female,42600.0
Female,54000.0
Female,60000.0
Female,98000.0
Male,28100.0
Female,160000.0
Female,45700.0
Female,9000.0
Male,52000.0
Male,100000.0
Female,16000.0
Male,90000.0
Female,1500.0
Female,30000.0
Male,200000.0
Male,145000.0
Male,45000.0
Female,53000.0
Female,50000.0
Male,80000.0
Female,28000.0
Female,40000.0
Female,12500.0
Female,120000.0
Male,51000.0
Female,115000.0
Male,85000.0
Female,160000.0
Female,35000.0
Female,46600.0
Female,15000.0
Male,30000.0
Female,30000.0
Female,64000.0
Female,75000.0
Female,4000.0
Female,30700.0
Male,110000.0
Male,50000.0
Male,60000.0
Male,150000.0
Female,30000.0
Male,49000.0
Male,130000.0
Male,30000.0
Male,6700.0
Male,100000.0
Male,23000.0
Male,100000.0
Male,15000.0
Male,27000.0
Male,65000.0
Female,25000.0
Male,92000.0
Female,12000.0
Male,1100.0
Male,115000.0
Female,12000.0
Male,70000.0
Female,3800.0
Female,12000.0
Female,18000.0
Male,56000.0
Male,40000.0
Male,75000.0
Female,50000.0
Female,11000.0
Male,35000.0
Female,48000.0
Male,140000.0
Male,80000.0
Male,20000.0
Male,84000.0
Female,38000.0
Male,10000.0
Female,90000.0
Female,20000.0
Female,60000.0
Male,15000.0
Female,60000.0
Male,134000.0
Female,320.0
Male,135000.0
Female,87000.0
Female,13000.0
Male,36700.0
Female,40000.0
Female,750.0
Male,110000.0
Male,86000.0
Female,73000.0
Female,23300.0
Male,56000.0
Female,61000.0
Male,15000.0
Male,80000.0
Female,70000.0
Male,4000.0
Female,50000.0
Female,42000.0
Male,4100.0
Male,35500.0
Male,50000.0
Female,92000.0
Female,8000.0
Male,25000.0
Female,51000.0
Male,82000.0
Female,6500.0
Male,55000.0
Male,39000.0
Male,13700.0
Female,70000.0
Female,73000.0
Female,19000.0
Female,74000.0
Female,38100.0
Male,40200.0
Male,35000.0
Male,107000.0
Male,45000.0
Female,32000.0
Female,70000.0
Male,9500.0
Female,60000.0
Female,25000.0
Female,31000.0
Female,58000.0
Male,13000.0
Female,12400.0
Male,18000.0
Male,68000.0
Male,30000.0
Male,40000.0
Male,30000.0
Male,52000.0
Male,250000.0
Female,10000.0
Female,32000.0
Male,89000.0
Male,300000.0
Female,5000.0
Male,75000.0
Male,80000.0
Male,65000.0
Female,75000.0
Male,70000.0
Male,80000.0
Female,32300.0
Male,920.0
Male,30000.0
Male,100000.0
Female,5000.0
Female,47500.0
Female,39000.0
Female,12000.0
Female,58000.0
Female,4000.0
Male,65000.0
Female,40000.0
Female,80000.0
Male,34000.0
Male,45000.0
Male,75000.0
Female,83000.0
Male,22000.0
Female,18600.0
Female,52000.0
Male,130000.0
Male,100000.0
Female,36000.0
Female,1100.0
Female,70000.0
Male,50000.0
Female,50000.0
Female,30000.0
Female,70000.0
Female,41800.0
Female,3000.0
Female,50000.0
Female,11900.0
Male,10100.0
Female,115000.0
Male,40000.0
Female,80000.0
Female,600.0
Male,41400.0
Female,34000.0
Female,60000.0
Female,20000.0
Male,8000.0
Male,35000.0
Male,150000.0
Female,53000.0
Male,16000.0
Male,134000.0
Male,62000.0
Female,125000.0
Male,100000.0
Male,70000.0
Male,40000.0
Female,25000.0
Female,25000.0
Female,10000.0
Female,51000.0
Female,60000.0
Male,26000.0
Male,150000.0
Female,12000.0
Female,250000.0
Female,83000.0
Female,36000.0
Male,283000.0
Female,34900.0
Female,192000.0
Male,35000.0
Female,16000.0
Female,33000.0
Male,50000.0
Female,80000.0
Female,180000.0
Female,6000.0
Female,250000.0
Female,31000.0
Female,36000.0
Male,150000.0
Female,25000.0
Female,16900.0
Male,220000.0
Female,5000.0
Male,70000.0
Male,55000.0
Male,50000.0
Female,46000.0
Male,15000.0
Male,17000.0
Male,47000.0
Female,5000.0
Male,64000.0
Female,5000.0
Female,52000.0
Female,45000.0
Female,33000.0
Male,95000.0
Male,128000.0
Female,6000.0
Female,13900.0
Female,30000.0
Female,20000.0
Male,116000.0
Male,20000.0
Female,78000.0
Male,4100.0
Female,14000.0
Male,7000.0
Female,66000.0
Female,10000.0
Male,125000.0
Female,82000.0
Male,140000.0
Female,60000.0
Female,61000.0
Female,700.0
Female,50000.0
Female,230000.0
Female,25000.0
Female,47000.0
Male,45800.0
Male,123000.0
Female,9800.0
Male,120000.0
Female,26000.0
Male,65000.0
Male,110000.0
Male,8000.0
Male,50000.0
Male,65000.0
Male,160000.0
Male,130000.0
Female,183000.0
Female,95000.0
Female,12000.0
Male,30000.0
Female,64000.0
Male,95000.0
Male,210000.0
Female,50000.0
Female,10000.0
Male,60000.0
Female,91000.0
Female,40000.0
Female,28000.0
Male,52000.0
Male,41000.0
Female,13800.0
Female,90000.0
Male,54000.0
Female,100000.0
Male,100000.0
Female,15000.0
Male,100000.0
Male,5000.0
Female,75000.0
Female,48000.0
Female,65000.0
Female,12000.0
Female,5000.0
Male,105000.0
Female,30000.0
Female,60000.0
Male,80000.0
Female,75000.0
Female,25000.0
Male,48000.0
Male,4000.0
Female,42000.0
Female,187000.0
Male,275000.0
Male,140000.0
Male,55000.0
Male,42000.0
Male,80000.0
Male,25000.0
Female,63000.0
Male,100000.0
Female,56000.0
Female,45000.0
Female,78000.0
Female,90000.0
Female,233000.0
Female,2400.0
Male,142000.0
Female,36400.0
Male,10000.0
Female,93000.0
Male,25000.0
Male,99000.0
Male,24000.0
Male,60000.0
Female,43300.0
Female,40000.0
Female,40000.0
Female,35000.0
Female,35000.0
Female,43000.0
Male,19000.0
Male,130000.0
Female,45000.0
Female,28000.0
Female,195000.0
Female,19000.0
Female,85000.0
Female,65000.0
Female,110000.0
Female,130000.0
Male,14000.0
Female,28000.0
Male,82000.0
Female,34000.0
Male,104000.0
Female,80000.0
Male,80000.0
Female,50000.0
Female,75000.0
Female,65000.0
Female,80000.0
Female,15000.0
Female,86000.0
Female,8000.0
Male,72000.0
Female,90000.0
Male,100000.0
Female,40000.0
Male,66000.0
Female,75000.0
Female,71000.0
Female,30000.0
Male,14100.0
Male,100000.0
Male,45000.0
Female,20000.0
Female,12500.0
Male,45000.0
Female,20200.0
Male,39000.0
Female,3000.0
Female,100000.0
Female,18000.0
Male,60000.0
Female,33300.0
Male,104000.0
Male,88000.0
Male,76000.0
Female,75000.0
Female,2000.0
Male,12000.0
Male,110000.0
Female,23000.0
Male,200000.0
Female,300000.0
Male,240000.0
Female,2000.0
Male,4000.0
Male,44000.0
Male,35000.0
Male,125000.0
Female,46800.0
Female,20000.0
Male,45000.0
Female,38000.0
Male,34800.0
Female,3200.0
Male,22000.0
Male,73000.0
Male,14200.0
Female,42100.0
Female,111000.0
Female,10000.0
Female,50000.0
Male,100000.0
Female,6000.0
Male,30000.0
Female,90000.0
Female,3200.0
Female,20000.0
Male,122000.0
Male,80000.0
Male,120000.0
Female,10000.0
Male,24000.0
Female,75000.0
Male,21800.0
Female,47500.0
Female,90000.0
Male,90000.0
Female,40000.0
Female,53000.0
Female,2400.0
Female,12000.0
Male,75000.0
Female,125000.0
Female,6000.0
Male,145000.0
Male,95000.0
Male,120000.0
Female,5800.0
Female,50000.0
Female,88000.0
Female,77000.0
Male,65000.0
Female,11000.0
Female,36000.0
Male,220000.0
Female,50000.0
Male,100000.0
Female,36700.0
Male,5000.0
Male,61000.0
Male,90000.0
Female,34000.0
Female,55000.0
Male,48500.0
Male,85000.0
Male,77000.0
Male,52000.0
Female,29000.0
Female,120000.0
Female,60000.0
Female,50000.0
Male,40000.0
Male,52000.0
Male,89000.0
Male,50000.0
Male,130000.0
Female,80000.0
Male,20000.0
Female,30200.0
Female,31200.0
Male,3000.0
Female,200000.0
Female,28000.0
Male,80000.0
Male,4500.0
Male,55000.0
Male,70000.0
Male,57000.0
Female,38000.0
Male,200000.0
Male,30000.0
Female,1000.0
Female,74000.0
Male,110000.0
Male,20000.0
Male,29400.0
Female,140000.0
Male,50000.0
Male,25000.0
Female,139000.0
Female,110000.0
Male,70000.0
Male,165000.0
Female,28800.0
Female,112000.0
Male,2000.0
Male,40000.0
Male,1000.0
Female,6000.0
Male,38000.0
Male,30000.0
Female,40000.0
Female,110000.0
Male,100000.0
Male,120000.0
Male,88000.0
Male,15000.0
Female,49000.0
Female,79000.0
Female,11500.0
Female,10000.0
Male,60000.0
Female,41000.0
Male,120000.0
Female,81000.0
Male,45000.0
Female,200000.0
Male,200000.0
Male,15300.0
Female,40000.0
Female,380.0
Female,130000.0
Male,33000.0
Male,48000.0
Female,52000.0
Male,110000.0
Female,30000.0
Male,80000.0
Male,54000.0
Male,25000.0
Female,40600.0
Female,5100.0
Female,20000.0
Male,9500.0
Female,194000.0
Female,20500.0
Female,65000.0
Male,65000.0
Male,110000.0
Male,60000.0
Male,120000.0
Male,25000.0
Female,29100.0
Male,20500.0
Female,190000.0
Female,34600.0
Female,4600.0
Female,14500.0
Female,22300.0
Female,70000.0
Female,52000.0
Female,35000.0
Male,5000.0
Male,30000.0
Male,45000.0
Male,160000.0
Male,60000.0
Male,30000.0
Male,31200.0
Male,40000.0
Male,20000.0
Female,53000.0
Female,40000.0
Male,35000.0
Female,99000.0
Male,31000.0
Female,10000.0
Male,80000.0
Male,51000.0
Male,45000.0
Female,200000.0
Female,89000.0
Male,35000.0
Female,3000.0
Female,24000.0
Male,19000.0
Female,89000.0
Female,14000.0
Male,99000.0
Male,135000.0
Male,62000.0
Male,140000.0
Male,12000.0
Female,43300.0
Male,70000.0
Male,52000.0
Female,56000.0
Male,21700.0
Female,100000.0
Male,10000.0
Male,60000.0
Male,40700.0
Female,40000.0
Female,35000.0
Male,160000.0
Male,48000.0
Male,75000.0
Male,130000.0
Female,34000.0
Female,6000.0
Female,205000.0
Male,90000.0
Male,220000.0
Female,75000.0
Male,52000.0
Male,70000.0
Male,56000.0
Male,250000.0
Female,46000.0
Male,80000.0
Female,82000.0
Female,33000.0
Female,8500.0
Male,150000.0
Female,1400.0
Male,67000.0
Male,24000.0
Female,47500.0
Male,83000.0
Male,90000.0
Male,80000.0
Female,55000.0
Female,25000.0
Female,120000.0
Female,165000.0
Female,60000.0
Male,300000.0
Female,71000.0
Female,5500.0
Female,40000.0
Female,80000.0
Male,170000.0
Female,55000.0
Female,5000.0
Female,80000.0
Female,14000.0
Male,58000.0
Female,33300.0
Male,19900.0
Female,38000.0
Female,75000.0
Male,8000.0
Female,29000.0
Female,102000.0
Female,9600.0
Male,160000.0
Male,142000.0
Male,97000.0
Female,20000.0
Female,17100.0
Female,45000.0
Female,2700.0
Male,5000.0
Female,130000.0
Male,100000.0
Female,72000.0
Female,24000.0
Female,140000.0
Female,69000.0
Female,80000.0
Male,52000.0
Male,275000.0
Male,2000.0
Male,48000.0
Male,99000.0
Female,10000.0
Male,150000.0
Male,200000.0
Male,125000.0
Female,65000.0
Male,250000.0
Female,69000.0
Female,40000.0
Female,20000.0
Male,11000.0
Male,81000.0
Female,28000.0
Female,100000.0
Female,47000.0
Female,103000.0
Male,30000.0
Female,115000.0
Female,20000.0
Male,70000.0
Female,100000.0
Female,80000.0
Female,75000.0
Male,28000.0
Female,50000.0
Male,200000.0
Female,630.0
Female,78000.0
Male,118000.0
Female,60000.0
Female,30000.0
Male,100000.0
Male,51000.0
Female,300.0
Male,130000.0
Male,90000.0
Female,42000.0
Male,275000.0
Female,21000.0
Female,82000.0
Female,45000.0
Female,40000.0
Male,42000.0
Male,55000.0
Male,63000.0
Female,14400.0
Female,10000.0
Female,12000.0
Female,5900.0
Female,7600.0
Female,15000.0
Male,62000.0
Male,4500.0
Female,48400.0
Female,25000.0
Male,6000.0
Female,45000.0
Male,80000.0
Female,20000.0
Male,68000.0
Female,24600.0
Male,55000.0
Female,63000.0
Female,25000.0
Female,140000.0
Female,30000.0
Female,57000.0
Male,175000.0
Female,25000.0
Female,5000.0
Male,25000.0
Female,70000.0
Male,13000.0
Female,14700.0
Male,65000.0
Female,12000.0
Female,5000.0
Male,30000.0
Male,60000.0
Female,1200.0
Male,250000.0
Female,57000.0
Female,7000.0
Male,48000.0
Male,49000.0
Male,15000.0
Female,13200.0
Male,18000.0
Female,100000.0
Female,85000.0
Male,52000.0
Female,29200.0
Female,1800.0
Male,10000.0
Male,44500.0
Male,60000.0
Male,85000.0
Male,11000.0
Male,60000.0
Female,135000.0
Female,118000.0
Male,70000.0
Male,17000.0
Female,25000.0
Male,60000.0
Female,25000.0
Male,99000.0
Male,60000.0
Female,20000.0
Female,12000.0
Female,68000.0
Male,34000.0
Female,10000.0
Male,40000.0
Male,110000.0
Male,26400.0
Male,141000.0
Male,91000.0
Female,116000.0
Female,30000.0
Female,2500.0
Female,20200.0
Female,134000.0
Female,25000.0
Male,145000.0
Male,276000.0
Male,60000.0
Male,61000.0
Male,80000.0
Female,13000.0
Female,52000.0
Male,56000.0
Male,94000.0
Female,67000.0
Male,80000.0
Female,20000.0
Male,70000.0
Female,43000.0
Female,18700.0
Female,30000.0
Male,6700.0
Male,117000.0
Female,40000.0
Female,150000.0
Female,21000.0
Male,55000.0
Male,120000.0
Female,52000.0
Male,80000.0
Female,10000.0
Female,78000.0
Male,600.0
Male,15000.0
Female,41000.0
Male,45000.0
Male,52000.0
Female,125000.0
Male,35000.0
Female,52000.0
Female,50000.0
Male,189000.0
Male,140000.0
Male,50000.0
Male,40000.0
Female,73000.0
Male,45000.0
Male,3300.0
Female,100000.0
Female,65000.0
Female,24000.0
Male,10000.0
Female,23000.0
Female,77000.0
Female,85000.0
Male,170000.0
Female,45800.0
Female,93000.0
Female,28000.0
Female,26000.0
Female,25800.0
Male,45000.0
Female,12000.0
Male,16000.0
Male,130000.0
Male,300000.0
Female,60000.0
Female,60000.0
Male,30000.0
Female,71000.0
Male,12000.0
Male,60000.0
Female,48000.0
Male,73000.0
Female,51000.0
Male,65000.0
Female,30000.0
Female,30000.0
Female,50000.0
Female,180000.0
Male,80000.0
Female,300.0
Female,196000.0
Male,60000.0
Female,110000.0
Female,40000.0
Female,12000.0
Male,45000.0
Male,60000.0
Female,42200.0
Female,52000.0
Female,25000.0
Male,46000.0
Male,196000.0
Male,86000.0
Female,112000.0
Male,165000.0
Male,21000.0
Female,10200.0
Female,47000.0
Female,14400.0
Female,240000.0
Male,10000.0
Male,37500.0
Female,35000.0
Female,3000.0
Male,128000.0
Male,63000.0
Male,72000.0
Male,60000.0
Male,100000.0
Male,71000.0
Female,23000.0
Female,12000.0
Female,10000.0
Male,12000.0
Female,65000.0
Male,45000.0
Female,28000.0
Male,72000.0
Female,65000.0
Male,35000.0
Female,13600.0
Female,75000.0
Male,60000.0
Female,45000.0
Female,5500.0
Male,50000.0
Female,12000.0
Female,130.0
Female,200000.0
Male,26800.0
Female,15000.0
Male,55000.0
Female,42500.0
Male,55000.0
Female,500.0
Male,65000.0
Female,235000.0
Male,54000.0
Male,25000.0
Female,20000.0
Male,44900.0
Male,56000.0
Male,500.0
Male,40000.0
Female,76000.0
Male,2500.0
Male,24000.0
Female,49500.0
Male,200000.0
Male,166000.0
Female,56000.0
Female,21000.0
Male,77000.0
Female,135000.0
Female,190000.0
Female,12600.0
Female,106000.0
Male,40000.0
Male,43000.0
Male,65000.0
Female,108000.0
Female,9600.0
Female,71000.0
Female,30000.0
Male,65000.0
Male,32200.0
Female,28200.0
Female,84000.0
Male,30000.0
Male,130000.0
Male,39000.0
Male,18500.0
Female,11800.0
Male,165000.0
Male,55000.0
Female,96000.0
Female,25000.0
Female,50000.0
Male,39000.0
Male,70000.0
Male,6000.0
Female,92000.0
Male,130000.0
Male,22000.0
Male,89000.0
Male,12900.0
Male,150000.0
Male,38000.0
Male,52000.0
Female,96000.0
Female,2200.0
Male,50000.0
Male,15000.0
Male,80000.0
Female,170000.0
Female,36000.0
Male,90000.0
Female,245000.0
Female,22000.0
Female,5500.0
Male,1500.0
Male,120000.0
Female,18000.0
Male,800.0
Male,60000.0
Male,150000.0
Female,80000.0
Male,800.0
Female,32400.0
Male,5000.0
Male,100000.0
Male,70000.0
Female,14900.0
Female,124000.0
Female,82000.0
Male,45000.0
Female,20400.0
Female,75000.0
Female,68000.0
Female,17000.0
Female,30000.0
Male,36000.0
Female,50000.0
Male,80000.0
Female,101000.0
Male,70000.0
Female,2000.0
Male,31000.0
Female,55000.0
Male,130000.0
Female,240000.0
Female,145000.0
Male,89000.0
Female,7200.0
Female,160000.0
Female,4000.0
Male,72000.0
Male,20000.0
Male,270000.0
Female,9100.0
Female,24000.0
Female,25000.0
Female,24000.0
Female,9000.0
Female,35000.0
Male,65000.0
Female,62000.0
Male,40000.0
Female,48000.0
Male,110000.0
Male,40000.0
Male,50000.0
Female,4800.0
Female,38000.0
Female,25000.0
Female,10000.0
Female,38000.0
Male,73000.0
Male,5000.0
Female,118000.0
Male,10200.0
Female,25500.0
Female,4000.0
Female,20400.0
Male,300000.0
Female,90000.0
Male,22500.0
Male,75000.0
Male,100000.0
Female,140000.0
Male,16000.0
Male,62000.0
Male,16900.0
Female,78000.0
Male,80000.0
Female,25000.0
Female,100000.0
Female,78000.0
Male,66000.0
Male,70000.0
Female,50000.0
Female,75000.0
Female,21800.0
Male,70000.0
Male,72000.0
Female,40000.0
Male,90000.0
Male,65000.0
Female,28000.0
Female,55000.0
Male,75000.0
Male,145000.0
Male,57000.0
Male,66000.0
Female,15000.0
Female,34000.0
Female,50000.0
Male,44400.0
Male,71000.0
Female,6000.0
Male,55000.0
Female,50000.0
Female,32000.0
Male,220000.0
Female,23000.0
Male,15000.0
Male,56000.0
Female,280000.0
Female,60000.0
Female,36000.0
Male,130000.0
Female,50000.0
Female,39600.0
Male,10000.0
Male,65000.0
Male,25000.0
Female,30500.0
Male,70000.0
Female,127000.0
Female,100000.0
Female,55000.0
Female,60000.0
Male,33000.0
Male,30000.0
Female,44800.0
Male,60000.0
Female,27000.0
Female,390.0
Male,100000.0
Female,46000.0
Male,188000.0
Male,25000.0
Male,95000.0
Male,60000.0
Male,38000.0
Female,23800.0
Female,28000.0
Female,28100.0
Male,38500.0
Female,66000.0
Male,140000.0
Female,52000.0
Male,3300.0
Female,24000.0
Male,28800.0
Female,75000.0
Male,68000.0
Female,63000.0
Male,52000.0
Female,55000.0
Male,61000.0
Female,1000.0
Female,11800.0
Male,30000.0
Male,200000.0
Female,200000.0
Female,67000.0
Female,50000.0
Female,7200.0
Female,600.0
Male,84000.0
Female,28800.0
Male,14000.0
Female,24000.0
Male,3200.0
Female,50000.0
Male,102000.0
Female,36000.0
Female,6900.0
Male,20000.0
Male,83000.0
Female,61000.0
Female,18000.0
Female,24000.0
Male,22500.0
Female,140000.0
Female,20000.0
Female,250000.0
Female,19000.0
Female,25000.0
Male,150000.0
Male,114000.0
Female,50000.0
Male,45000.0
Male,6000.0
Male,7300.0
Male,50000.0
Female,133000.0
Female,71000.0
Female,105000.0
Male,39100.0
Male,217000.0
Male,40900.0
Female,18500.0
Male,38000.0
Female,7000.0
Female,95000.0
Male,38000.0
Female,3500.0
Male,11000.0
Male,120000.0
Female,21000.0
Female,72000.0
Male,37000.0
Male,31000.0
Male,4000.0
Female,103000.0
Male,29800.0
Female,95000.0
Male,40000.0
Female,64000.0
Female,80000.0
Female,88000.0
Male,70000.0
Male,30000.0
Female,17900.0
Female,50000.0
Female,245000.0
Male,20000.0
Female,80000.0
Male,138000.0
Male,30000.0
Female,98000.0
Male,79000.0
Female,50000.0
Male,35000.0
Male,65000.0
Male,40000.0
Female,2100.0
Male,42900.0
Male,52000.0
Female,28600.0
Male,30600.0
Male,13000.0
Male,210000.0
Female,800.0
Male,24000.0
Female,77000.0
Male,60000.0
Female,50000.0
Male,50000.0
Female,30000.0
Female,48000.0
Female,3200.0
Female,52000.0
Female,1500.0
Female,64000.0
Male,138000.0
Male,55000.0
Male,25000.0
Male,50000.0
Female,11500.0
Female,170000.0
Male,52000.0
Female,1000.0
Male,70000.0
Female,27000.0
Male,3500.0
Female,5000.0
Male,70000.0
Female,15000.0
Male,85000.0
Male,73000.0
Male,72000.0
Female,100000.0
Male,30000.0
Female,35000.0
Male,20000.0
Male,9200.0
Female,58000.0
Female,35000.0
Female,130000.0
Female,400.0
Female,100000.0
Female,100000.0
Male,140000.0
Female,70000.0
Male,55000.0
Female,6000.0
Female,70000.0
Male,250000.0
Male,100000.0
Female,55000.0
Male,200.0
Male,75000.0
Male,220000.0
Male,78000.0
Female,50000.0
Female,149000.0
Female,80000.0
Male,25400.0
Male,8000.0
Male,133000.0
Female,44200.0
Male,28000.0
Male,80000.0
Female,22200.0
Female,40000.0
Female,50000.0
Male,90000.0
Female,20000.0
Female,38000.0
Female,35000.0
Female,50000.0
Male,55000.0
Male,180000.0
Female,100000.0
Male,27700.0
Female,10000.0
Male,105000.0
Male,55000.0
Female,68000.0
Female,56000.0
Male,48000.0
Male,260000.0
Female,88000.0
Male,37000.0
Male,65000.0
Female,30000.0
Male,165000.0
Male,11000.0
Male,83000.0
Female,26000.0
Male,30000.0
Male,5000.0
Female,133000.0
Male,63000.0
Male,1200.0
Male,55000.0
Male,50000.0
Female,180000.0
Female,44800.0
Male,200.0
Female,26000.0
Female,235000.0
Female,50000.0
Female,67000.0
Female,38000.0
Male,120000.0
Male,32000.0
Female,110000.0
Male,170000.0
Female,50000.0
Female,70000.0
Male,45000.0
Male,64000.0
Female,46000.0
Male,85000.0
Male,90000.0
Female,50000.0
Female,22000.0
Female,56000.0
Male,97000.0
Female,6000.0
Female,120000.0
Male,35400.0
Female,59000.0
Male,60000.0
Male,30000.0
Female,51000.0
Male,120000.0
Male,1500.0
Male,48000.0
Female,70000.0
Female,3600.0
Female,35000.0
Female,75000.0
Female,30000.0
Male,20800.0
Female,133000.0
Male,20000.0
Female,114000.0
Male,35000.0
Male,68000.0
Male,130000.0
Female,25000.0
Male,57000.0
Male,38000.0
Female,27000.0
Male,75000.0
Male,47000.0
Male,40000.0
Male,100000.0
Male,48500.0
Female,140000.0
Female,56000.0
Male,60000.0
Male,100000.0
Female,25700.0
Male,9000.0
Female,111000.0
Male,10000.0
Male,31200.0
Male,125000.0
Male,45000.0
Male,6800.0
Female,55000.0
Female,73000.0
Male,6000.0
Female,60000.0
Female,30000.0
Male,42100.0
Male,115000.0
Male,68000.0
Male,24000.0
Female,54000.0
Male,90000.0
Male,10000.0
Male,88000.0
Female,36000.0
Male,170000.0
Male,60000.0
Female,62000.0
Female,100000.0
Male,67000.0
Female,35400.0
Male,168000.0
Female,40000.0
Female,105000.0
Female,25000.0
Male,110000.0
Male,50000.0
Male,50000.0
Male,42000.0
Female,24000.0
Male,57000.0
Male,140000.0
Male,146000.0
Female,60000.0
Female,62000.0
Female,38000.0
Female,2900.0
Male,235000.0
Female,23000.0
Female,43000.0
Male,16800.0
Male,150000.0
Female,7500.0
Male,55000.0
Male,90000.0
Female,180000.0
Male,200000.0
Female,110000.0
Male,20000.0
Male,100000.0
Male,25000.0
Male,65000.0
Male,65000.0
Male,42000.0
Male,48000.0
Male,16000.0
Female,27000.0
Female,90000.0
Female,34000.0
Female,31000.0
Female,11700.0
Male,50000.0
Female,230000.0
Female,56000.0
Male,39900.0
Female,5400.0
Female,130000.0
Female,60000.0
Male,90000.0
Female,55000.0
Male,10000.0
Female,65000.0
Male,125000.0
Male,48000.0
Female,68000.0
Male,102000.0
Female,85000.0
Male,40000.0
Male,80000.0
Female,53000.0
Male,16000.0
Male,12000.0
Female,320.0
Male,70000.0
Female,14200.0
Male,72000.0
Female,67000.0
Male,3200.0
Male,3700.0
Female,18000.0
Male,30000.0
Female,120000.0
Female,70000.0
Female,15000.0
Female,50000.0
Male,18000.0
Male,4800.0
Female,80000.0
Male,70000.0
Female,70000.0
Male,48000.0
Male,130000.0
Male,90000.0
Female,50000.0
Female,3000.0
Male,128000.0
Male,70000.0
Female,60000.0
Male,45000.0
Female,250.0
Female,75000.0
Female,35300.0
Male,250000.0
Male,90000.0
Male,220000.0
Female,24000.0
Male,59000.0
Female,16000.0
Male,31900.0
Female,36000.0
Male,150000.0
Female,18000.0
Female,49500.0
Male,88000.0
Female,50000.0
Male,150000.0
Male,123000.0
Female,44500.0
Male,10000.0
Female,40000.0
Male,160000.0
Male,109000.0
Female,8400.0
Female,97000.0
Male,74000.0
Male,63000.0
Female,58000.0
Female,20000.0
Female,45000.0
Female,24000.0
Male,20000.0
Female,48000.0
Male,75000.0
Male,28000.0
Female,16000.0
Male,105000.0
Male,55000.0
Female,1500.0
Male,48000.0
Female,56000.0
Female,21000.0
Male,38000.0
Female,42000.0
Female,48000.0
Female,9600.0
Male,160000.0
Female,106000.0
Female,52000.0
Female,80000.0
Female,100000.0
Female,800.0
Female,59000.0
Female,29600.0
Male,5000.0
Male,200000.0
Female,32000.0
Female,20000.0
Female,11200.0
Female,55000.0
Female,54000.0
Male,80000.0
Female,50000.0
Male,150000.0
Male,130000.0
Female,3000.0
Male,42000.0
Female,40000.0
Male,65000.0
Female,40000.0
Male,55000.0
Male,55000.0
Male,70000.0
Female,80000.0
Male,90000.0
Female,45000.0
Male,46000.0
Male,90000.0
Male,78000.0
Male,75000.0
Male,60000.0
Female,103000.0
Female,45000.0
Female,103000.0
Male,78000.0
Male,45000.0
Male,45000.0
Male,109000.0
Male,50000.0
Male,84000.0
Male,150000.0
Female,20000.0
Male,108000.0
Female,48900.0
Male,126000.0
Male,22000.0
Female,31500.0
Male,40000.0
Female,93000.0
Female,11900.0
Male,60000.0
Female,54000.0
Male,75000.0
Male,75000.0
Male,26400.0
Male,40000.0
Female,30000.0
Male,100000.0
Female,46000.0
Male,40000.0
Female,30000.0
Male,13000.0
Female,110000.0
Male,60000.0
Female,155000.0
Male,90000.0
Female,12000.0
Male,20000.0
Male,75000.0
Female,6000.0
Male,80000.0
Male,80000.0
Male,5100.0
Male,85000.0
Male,115000.0
Male,100000.0
Female,82000.0
Male,40000.0
Male,245000.0
Female,75000.0
Female,67000.0
Female,41000.0
Male,36600.0
Male,60000.0
Female,40000.0
Male,89000.0
Female,110000.0
Female,36100.0
Female,1200.0
Male,58000.0
Female,7200.0
Male,250000.0
Male,12000.0
Female,50000.0
Male,14400.0
Female,15000.0
Male,100000.0
Female,3500.0
Male,129000.0
Female,60000.0
Female,64000.0
Male,82000.0
Female,14000.0
Male,79000.0
Female,86000.0
Female,103000.0
Male,55000.0
Female,89000.0
Female,27900.0
Female,4800.0
Male,200000.0
Male,60000.0
Female,12000.0
Female,40000.0
Male,73000.0
Male,35400.0
Male,150000.0
Male,115000.0
Female,140000.0
Male,110000.0
Female,106000.0
Male,54000.0
Female,20000.0
Male,48000.0
Female,30000.0
Female,100000.0
Female,50000.0
Male,115000.0
Male,29000.0
Female,40000.0
Male,5000.0
Male,134000.0
Female,14000.0
Male,40000.0
Male,55000.0
Male,90000.0
Male,100000.0
Female,65000.0
Male,65000.0
Male,19200.0
Female,175000.0
Female,80000.0
Male,190000.0
Female,22000.0
Female,39000.0
Male,30000.0
Female,38000.0
Male,75000.0
Female,45700.0
Female,200000.0
Male,100000.0
Male,63000.0
Male,6000.0
Male,155000.0
Female,47300.0
Male,100000.0
Female,53000.0
Female,7000.0
Female,25000.0
Male,29000.0
Female,52000.0
Female,74000.0
Male,55000.0
Female,113000.0
Male,38000.0
Female,5500.0
Female,48000.0
Male,58000.0
Female,61000.0
Male,20000.0
Male,40000.0
Female,28000.0
Male,68000.0
Male,52000.0
Female,25000.0
Male,6900.0
Female,40000.0
Male,185000.0
Female,6000.0
Female,23100.0
Male,66000.0
Female,20000.0
Female,41600.0
Male,67000.0
Male,38000.0
Female,60000.0
Female,86000.0
Male,42800.0
Male,110000.0
Female,46000.0
Male,75000.0
Male,170000.0
Female,48000.0
Female,105000.0
Male,20000.0
Male,7000.0
Male,30000.0
Female,34000.0
Female,20000.0
Male,65000.0
Male,89000.0
Male,35000.0
Female,146000.0
Male,80000.0
Male,55000.0
Female,25000.0
Female,800.0
Male,23000.0
Male,200.0
Male,150000.0
Male,160000.0
Male,84000.0
Male,120000.0
Female,22000.0
Male,39000.0
Male,75000.0
Female,4800.0
Male,36000.0
Female,80000.0
Male,50000.0
Female,30000.0
Female,5400.0
Male,179000.0
Female,3400.0
Female,46000.0
Male,30000.0
Male,32000.0
Male,40000.0
Female,10000.0
Male,200000.0
Male,20000.0
Male,72000.0
Male,23000.0
Female,72000.0
Male,202000.0
Male,37200.0
Female,7900.0
Male,25000.0
Female,57000.0
Female,28000.0
Male,110000.0
Female,7000.0
Female,9000.0
Female,75000.0
Female,63000.0
Female,80000.0
Female,15000.0
Male,155000.0
Female,67000.0
Male,25000.0
Male,13800.0
Female,15000.0
Male,210000.0
Female,70000.0
Male,185000.0
Male,42000.0
Male,11800.0
Female,38500.0
Male,28000.0
Female,72000.0
Male,62000.0
Male,76000.0
Female,31200.0
Male,72000.0
Female,600.0
Female,31000.0
Male,58000.0
Male,40000.0
Female,100000.0
Female,34000.0
Female,38000.0
Male,28000.0
Male,58000.0
Female,74000.0
Female,68000.0
Female,44000.0
Female,65000.0
Female,59000.0
Male,74000.0
Male,70000.0
Female,82000.0
Male,30000.0
Male,20000.0
Female,35000.0
Female,20000.0
Male,40000.0
Male,300000.0
Female,125000.0
Female,30000.0
Male,50000.0
Female,30000.0
Female,260.0
Male,177000.0
Male,19500.0
Male,8000.0
Male,45000.0
Male,45000.0
Male,190000.0
Male,120000.0
Male,83000.0
Female,40000.0
Female,33000.0
Male,30100.0
Male,150000.0
Female,27000.0
Female,40000.0
Female,48700.0
Female,60000.0
Male,140000.0
Male,125000.0
Female,1100.0
Female,37000.0
Male,42000.0
Female,60000.0
Male,112000.0
Female,25000.0
Male,32000.0
Female,80000.0
Male,74000.0
Male,22000.0
Female,16300.0
Female,350.0
Male,50000.0
Female,32500.0
Female,30600.0
Female,3000.0
Male,3000.0
Female,3200.0
Female,120000.0
Female,12000.0
Female,58000.0
Female,28000.0
Male,30000.0
Female,77000.0
Female,42200.0
Male,13000.0
Male,1200.0
Female,81000.0
Female,122000.0
Female,85000.0
Female,20800.0
Female,120000.0
Female,11200.0
Female,40000.0
Male,150000.0
Female,24400.0
Male,225000.0
Female,80000.0
Female,6600.0
Female,36000.0
Male,20000.0
Female,45000.0
Male,60000.0
Male,96000.0
Male,132000.0
Female,6400.0
Female,1800.0
Female,95000.0
Female,28900.0
Male,30000.0
Female,92000.0
Female,53000.0
Female,30000.0
Male,84000.0
Male,249000.0
Male,58000.0
Female,72000.0
Female,36000.0
Female,15000.0
Male,55000.0
Female,75000.0
Female,76000.0
Female,8000.0
Male,203000.0
Female,52000.0
Male,80000.0
Male,45000.0
Male,93000.0
Male,90000.0
Male,430.0
Male,58000.0
Male,70000.0
Female,20000.0
Male,108000.0
Female,56000.0
Male,22000.0
Female,24000.0
Male,133000.0
Male,59000.0
Female,198000.0
Male,105000.0
Male,600.0
Female,10000.0
Male,115000.0
Male,115000.0
Male,4000.0
Male,45000.0
Female,59000.0
Male,7500.0
Male,50000.0
Male,70000.0
Male,130000.0
Female,56000.0
Female,120000.0
Male,25000.0
Female,270.0
Female,8000.0
Female,210000.0
Female,4700.0
Female,52000.0
Female,150000.0
Female,43000.0
Female,45000.0
Male,40000.0
Male,45000.0
Female,63000.0
Male,20800.0
Female,41000.0
Female,80000.0
Male,146000.0
Female,50000.0
Female,48000.0
Male,56000.0
Male,25000.0
Male,18000.0
Male,10000.0
Female,40000.0
Male,30000.0
Male,45000.0
Male,20000.0
Male,50000.0
Female,70000.0
Female,50000.0
Female,24000.0
Male,2000.0
Female,30600.0
Female,40000.0
Male,60000.0
Male,70000.0
Male,50000.0
Male,70000.0
Female,6200.0
Female,85000.0
Male,104000.0
Female,12200.0
Female,110000.0
Female,51000.0
Female,30000.0
Male,5200.0
Male,11000.0
Female,60000.0
Male,32000.0
Female,60000.0
Male,8100.0
Male,48000.0
Female,3500.0
Male,160000.0
Female,12000.0
Male,58000.0
Female,65000.0
Male,120000.0
Female,8200.0
Female,20000.0
Male,4500.0
Male,90000.0
Male,100000.0
Male,55000.0
Female,68000.0
Male,50000.0
Female,30000.0
Female,16700.0
Male,30000.0
Female,35000.0
Male,12000.0
Female,55000.0
Female,33000.0
Male,70000.0
Male,30000.0
Male,130000.0
Female,3500.0
Male,185000.0
Female,75000.0
Female,42000.0
Female,30000.0
Male,50000.0
Female,30000.0
Male,19600.0
Male,24000.0
Male,3000.0
Female,5000.0
Female,80000.0
Male,42300.0
Female,28000.0
Male,43700.0
Female,90000.0
Male,102000.0
Female,42000.0
Female,43500.0
Female,75000.0
Male,104000.0
Female,45000.0
Female,49400.0
Female,8400.0
Female,6000.0
Female,120000.0
Female,24000.0
Male,130000.0
Male,200000.0
Male,10000.0
Female,11000.0
Male,35000.0
Male,40000.0
Male,61000.0
Male,34900.0
Male,73000.0
Male,70000.0
Male,80000.0
Male,91000.0
Male,49000.0
Male,83000.0
Female,26000.0
Male,129000.0
Female,45000.0
Male,99000.0
Female,100000.0
Female,65000.0
Female,12000.0
Female,46000.0
Female,40800.0
Female,50000.0
Female,500.0
Female,62000.0
Female,8000.0
Female,25000.0
Female,82000.0
Male,60000.0
Female,12000.0
Male,75000.0
Male,71000.0
Male,98000.0
Male,100000.0
Male,7000.0
Male,123000.0
Female,39000.0
Female,46000.0
Female,51000.0
Male,42800.0
Male,40000.0
Female,35000.0
Female,49800.0
Female,35000.0
Female,153000.0
Female,80000.0
Female,67000.0
Male,30000.0
Male,10000.0
Female,85000.0
Male,265000.0
Female,15000.0
Female,150000.0
Female,18000.0
Male,80000.0
Female,60000.0
Female,43000.0
Female,85000.0
Female,26000.0
Male,40000.0
Female,16500.0
Male,280000.0
Male,37000.0
Male,60000.0
Male,44000.0
Male,27000.0
Male,55000.0
Male,150000.0
Male,30000.0
Female,128000.0
Female,130000.0
Female,60000.0
Female,2500.0
Female,65000.0
Female,102000.0
Female,98000.0
Male,8500.0
Male,12000.0
Female,7000.0
Male,80000.0
Male,21600.0
Female,8300.0
Female,35600.0
Male,48100.0
Male,220000.0
Female,115000.0
Male,54000.0
Female,65000.0
Female,35000.0
Male,24000.0
Male,100000.0
Female,60000.0
Male,50000.0
Male,58000.0
Female,120000.0
Female,35000.0
Female,5000.0
Male,17600.0
Female,18200.0
Male,92000.0
Female,120000.0
Male,55000.0
Female,20600.0
Female,200000.0
Female,63000.0
Male,70000.0
Female,68000.0
Male,70000.0
Male,91000.0
Male,79000.0
Female,65000.0
Female,80000.0
Male,88000.0
Male,60000.0
Male,7000.0
Female,110000.0
Female,45000.0
Female,37000.0
Male,60000.0
Female,65000.0
Male,65000.0
Female,190000.0
Male,22800.0
Male,34000.0
Male,10000.0
Male,126000.0
Female,15000.0
Male,74000.0
Female,43000.0
Male,93000.0
Male,3000.0
Male,220000.0
Female,30000.0
Male,74000.0
Male,67000.0
Male,195000.0
Male,2000.0
Male,120000.0
Male,25000.0
Female,55000.0
Female,75000.0
Female,20000.0
Female,15000.0
Female,100000.0
Female,81000.0
Male,70000.0
Male,207000.0
Female,38000.0
Female,65000.0
Male,160000.0
Female,39200.0
Male,97000.0
Male,45000.0
Female,40000.0
Female,40000.0
Female,180000.0
Female,31000.0
Female,9200.0
Male,85000.0
Female,5600.0
Female,20000.0
Male,105000.0
Male,85000.0
Male,14000.0
Female,115000.0
Female,60000.0
Male,30000.0
Female,52000.0
Male,40000.0
Male,50000.0
Male,5000.0
Female,13000.0
Female,75000.0
Female,44000.0
Female,50000.0
Male,95000.0
Female,37500.0
Female,80000.0
Male,1300.0
Male,193000.0
Female,45000.0
Male,60000.0
Male,85000.0
Male,33000.0
Female,12000.0
Male,170000.0
Male,100000.0
Female,10100.0
Male,60000.0
Female,35800.0
Female,12000.0
Male,57000.0
Male,15000.0
Female,61000.0
Female,38000.0
Female,170000.0
Female,2000.0
Male,49000.0
Male,4500.0
Male,235000.0
Female,76000.0
Male,3300.0
Female,100000.0
Female,15000.0
Female,79000.0
Male,50000.0
Male,20000.0
Female,72000.0
Male,80000.0
Female,78000.0
Male,80000.0
Male,63000.0
Female,1500.0
Female,50000.0
Male,175000.0
Male,65000.0
Male,52000.0
Male,65000.0
Male,20000.0
Male,42000.0
Male,48000.0
Male,37500.0
Female,160000.0
Male,229000.0
Female,21000.0
Female,180000.0
Male,183000.0
Female,46000.0
Male,81000.0
Male,90000.0
Male,39100.0
Female,50000.0
Male,95000.0
Male,35000.0
Female,30000.0
Female,22000.0
Male,44000.0
Male,56000.0
Male,63000.0
Female,95000.0
Male,150000.0
Female,72000.0
Male,170000.0
Male,76000.0
Female,60000.0
Female,42000.0
Male,12000.0
Male,62000.0
Female,215000.0
Male,53000.0
Female,80000.0
Female,130000.0
Male,40000.0
Female,900.0
Male,94000.0
Male,87000.0
Male,36300.0
Female,46000.0
Male,120000.0
Female,30000.0
Male,40000.0
Female,12000.0
Male,175000.0
Female,75000.0
Female,168000.0
Female,33000.0
Female,20000.0
Female,81000.0
Female,80000.0
Male,45400.0
Male,30000.0
Female,50000.0
Female,20000.0
Male,180000.0
Male,40000.0
Female,12000.0
Male,7500.0
Male,80000.0
Female,32000.0
Male,8000.0
Female,35000.0
Male,130000.0
Male,59000.0
Female,30000.0
Male,150000.0
Female,32000.0
Male,92000.0
Female,25000.0
Female,400.0
Female,120000.0
Male,4400.0
Female,9600.0
Male,83000.0
Male,55000.0
Female,200000.0
Male,120000.0
Female,20000.0
Female,60000.0
Female,61000.0
Male,21200.0
Female,181000.0
Male,840.0
Female,45000.0
Female,70000.0
Female,36000.0
Male,300000.0
Female,71000.0
Female,60000.0
Female,86000.0
Female,65000.0
Male,55000.0
Female,80000.0
Male,9600.0
Female,185000.0
Female,50000.0
Female,45000.0
Female,90000.0
Male,30000.0
Female,86000.0
Female,20000.0
Male,34000.0
Female,300.0
Male,50000.0
Female,10000.0
Male,20000.0
Female,26500.0
Female,1000.0
Female,2200.0
Male,45000.0
Female,78000.0
Male,21100.0
Female,24000.0
Male,34000.0
Female,75000.0
Male,45000.0
Female,39000.0
Male,42000.0
Female,165000.0
Male,103000.0
Female,36000.0
Male,60000.0
Male,136000.0
Female,44000.0
Male,4500.0
Female,65000.0
Male,31300.0
Female,20000.0
Male,33000.0
Male,19000.0
Male,50000.0
Male,90000.0
Male,77000.0
Female,8200.0
Female,28800.0
Female,24000.0
Male,150000.0
Male,89000.0
Male,72000.0
Male,3000.0
Female,71000.0
Female,150000.0
Female,72000.0
Male,46000.0
Female,120000.0
Male,40000.0
Male,20000.0
Male,60000.0
Male,175000.0
Male,46000.0
Female,33400.0
Male,72000.0
Male,26000.0
Male,50000.0
Female,1100.0
Female,64000.0
Female,98000.0
Male,2200.0
Female,60000.0
Female,7000.0
Male,25000.0
Female,96000.0
Female,80000.0
Female,49000.0
Female,135000.0
Female,165000.0
Female,35000.0
Male,100000.0
Male,180000.0
Female,40000.0
Male,5000.0
Female,135000.0
Female,125000.0
Female,146000.0
Male,70000.0
Male,9800.0
Female,38000.0
Female,14700.0
Male,70000.0
Male,115000.0
Male,4000.0
Female,21000.0
Female,160000.0
Female,75000.0
Female,300.0
Female,49500.0
Female,40000.0
Female,40000.0
Male,24000.0
Female,4800.0
Female,160000.0
Female,8000.0
Male,45000.0
Male,15000.0
Male,245000.0
Male,40000.0
Female,27100.0
Female,74000.0
Male,254000.0
Male,10000.0
Female,100000.0
Male,30000.0
Female,22000.0
Male,160000.0
Female,64000.0
Male,77000.0
Female,110000.0
Male,71000.0
Male,95000.0
Male,56000.0
Male,52000.0
Male,60000.0
Female,150000.0
Female,9000.0
Male,41500.0
Male,46000.0
Female,10000.0
Male,43700.0
Female,265000.0
Female,50000.0
Male,79000.0
Female,19000.0
Female,50000.0
Female,100000.0
Male,146000.0
Female,85000.0
Female,52000.0
Male,51000.0
Male,36000.0
Male,100000.0
Female,16000.0
Male,79000.0
Male,198000.0
Male,33000.0
Male,40000.0
Male,70000.0
Male,125000.0
Female,27000.0
Male,41000.0
Male,233000.0
Female,63000.0
Male,900.0
Male,150000.0
Male,69000.0
Male,250000.0
Female,138000.0
Female,89000.0
Female,11000.0
Male,15000.0
Male,300000.0
Female,75000.0
Female,21100.0
Female,25000.0
Male,164000.0
Male,32000.0
Female,46800.0
Male,69000.0
Female,67000.0
Female,11500.0
Male,160000.0
Male,35000.0
Male,37000.0
Male,100000.0
Male,75000.0
Female,70000.0
Female,20900.0
Male,78000.0
Male,5200.0
Male,40000.0
Female,36000.0
Male,80000.0
Female,16800.0
Female,35000.0
Male,21000.0
Male,42000.0
Male,45000.0
Male,18800.0
Female,25000.0
Male,62000.0
Male,30000.0
Female,30400.0
Female,350.0
Male,30000.0
Female,22000.0
Female,6000.0
Female,25500.0
Male,74000.0
Female,30000.0
Male,50000.0
Female,5000.0
Female,37800.0
Male,49000.0
Female,28000.0
Female,4500.0
Male,132000.0
Female,20100.0
Female,82000.0
Male,130000.0
Female,58000.0
Female,111000.0
Male,61000.0
Male,35000.0
Male,13000.0
Male,72000.0
Female,40000.0
Female,8000.0
Male,96000.0
Female,55000.0
Female,10000.0
Male,14500.0
Female,65000.0
Male,45000.0
Female,75000.0
Male,50000.0
Male,74000.0
Male,79000.0
Female,65000.0
Female,34000.0
Male,65000.0
Male,100.0
Female,4000.0
Female,200000.0
Female,20000.0
Male,100000.0
Male,11000.0
Male,115000.0
Male,108000.0
Male,2000.0
Female,20000.0
Female,38000.0
Female,30000.0
Female,45000.0
Female,82000.0
Male,125000.0
Male,90000.0
Female,40000.0
Male,83000.0
Female,62000.0
Female,30000.0
Female,112000.0
Female,40000.0
Male,65000.0
Male,200000.0
Female,160000.0
Female,70000.0
Male,400.0
Female,30000.0
Male,33800.0
Male,30000.0
Female,20000.0
Male,40000.0
Female,23000.0
Male,10800.0
Male,70000.0
Female,600.0
Female,55000.0
Female,30000.0
Female,34000.0
Female,51000.0
Male,26000.0
Female,50000.0
Male,42000.0
Male,40000.0
Female,92000.0
Male,70000.0
Female,10000.0
Male,192000.0
Female,18000.0
Female,2000.0
Male,16000.0
Male,2500.0
Female,42100.0
Male,50000.0
Female,18000.0
Female,42000.0
Male,138000.0
Female,47400.0
Male,132000.0
Male,39000.0
Male,100000.0
Female,49700.0
Male,38000.0
Male,20000.0
Female,130000.0
Male,34000.0
Male,10800.0
Male,27000.0
Male,52000.0
Male,25000.0
Male,5900.0
Male,13000.0
Male,54000.0
Female,82000.0
Female,90000.0
Male,50000.0
Male,30000.0
Female,50000.0
Male,110000.0
Male,48000.0
Male,62000.0
Female,29000.0
Female,45000.0
Male,8000.0
Female,122000.0
Male,43000.0
Female,143000.0
Female,47000.0
Male,22000.0
Male,2400.0
Female,15000.0
Male,30000.0
Male,80000.0
Female,110000.0
Female,5000.0
Male,36400.0
Female,48000.0
Female,70000.0
Female,125000.0
Male,103000.0
Male,85000.0
Female,100000.0
Male,30000.0
Male,20000.0
Female,72000.0
Female,4000.0
Male,40000.0
Male,37900.0
Female,93000.0
Female,8700.0
Female,59000.0
Female,106000.0
Male,120000.0
Male,75000.0
Female,92000.0
Male,89000.0
Male,48000.0
Female,40000.0
Female,100000.0
Male,80000.0
Male,110000.0
Male,40000.0
Female,160000.0
Male,277000.0
Male,180000.0
Male,35000.0
Female,25000.0
Female,90000.0
Male,20000.0
Female,20000.0
Female,7000.0
Male,40000.0
Male,45000.0
Male,63000.0
Female,5000.0
Male,100000.0
Male,35100.0
Male,24000.0
Male,18600.0
Female,150000.0
Female,6000.0
Male,27200.0
Female,77000.0
Female,40000.0
Female,75000.0
Male,70000.0
Female,7200.0
Female,23000.0
Male,37700.0
Female,3000.0
Female,40000.0
Female,29000.0
Female,70000.0
Female,70000.0
Female,25100.0
Female,12000.0
Male,29000.0
Female,2000.0
Male,240000.0
Female,80000.0
Female,43200.0
Male,40000.0
Male,109000.0
Female,2000.0
Male,65000.0
Female,50000.0
Female,35000.0
Male,46000.0
Female,14900.0
Female,49000.0
Female,300000.0
Female,50000.0
Female,22000.0
Female,26000.0
Male,80000.0
Female,4500.0
Female,50000.0
Male,46200.0
Female,40000.0
Male,40000.0
Female,40000.0
Male,7600.0
Female,200.0
Male,59000.0
Male,21800.0
Female,83000.0
Female,55000.0
Male,12000.0
Male,20000.0
Male,44000.0
Male,90000.0
Female,500.0
Female,57000.0
Female,72000.0
Female,98000.0
Male,30000.0
Male,108000.0
Male,31500.0
Female,50000.0
Female,87000.0
Female,34600.0
Female,6000.0
Male,70000.0
Female,168000.0
Male,12000.0
Male,10000.0
Female,7400.0
Female,4000.0
Female,40000.0
Male,48200.0
Male,153000.0
Male,11000.0
Male,3800.0
Male,35000.0
Female,190000.0
Male,91000.0
Female,60000.0
Male,120000.0
Male,110000.0
Male,78000.0
Female,34000.0
Female,45000.0
Male,110000.0
Female,100000.0
Female,75000.0
Female,40000.0
Female,67000.0
Male,60000.0
Male,146000.0
Male,100000.0
Male,216000.0
Female,10600.0
Male,101000.0
Female,8400.0
Female,12000.0
Male,40000.0
Female,70000.0
Female,1200.0
Male,35000.0
Female,47000.0
Male,65000.0
Female,6000.0
Female,5000.0
Female,100000.0
Female,110000.0
Male,103000.0
Male,5000.0
Female,90000.0
Male,143000.0
Female,60000.0
Male,13000.0
Male,100000.0
Female,15000.0
Male,5000.0
Male,70000.0
Male,39000.0
Female,22000.0
Male,27000.0
Male,150000.0
Male,130000.0
Male,105000.0
Male,36000.0
Female,32000.0
Male,60000.0
Female,16800.0
Male,145000.0
Male,70000.0
Female,24000.0
Female,33000.0
Female,55000.0
Male,80000.0
Male,30000.0
Female,148000.0
Male,20000.0
Male,52000.0
Male,70000.0
Female,28200.0
Female,300000.0
Female,90000.0
Female,30000.0
Male,60000.0
Female,50000.0
Female,98000.0
Male,38000.0
Female,300000.0
Male,24900.0
Female,37000.0
Female,31000.0
Male,100000.0
Female,60000.0
Female,36000.0
Female,260000.0
Female,174000.0
Female,35000.0
Male,126000.0
Male,25000.0
Male,100000.0
Male,33000.0
Female,55000.0
Female,58000.0
Male,189000.0
Female,25000.0
Female,119000.0
Male,72000.0
Male,23400.0
Male,100000.0
Male,60000.0
Male,90000.0
Female,45800.0
Female,13200.0
Male,145000.0
Female,48000.0
Female,45100.0
Male,63000.0
Male,30000.0
Female,42000.0
Female,31500.0
Female,500.0
Female,54000.0
Male,63000.0
Male,8000.0
Male,96000.0
Female,27000.0
Male,14000.0
Male,90000.0
Female,50000.0
Male,80000.0
Female,3300.0
Male,20000.0
Male,30000.0
Female,18000.0
Female,35000.0
Female,200.0
Male,50000.0
Male,65000.0
Female,30000.0
Male,50000.0
Male,28000.0
Male,100000.0
Male,111000.0
Female,12000.0
Female,170000.0
Female,5000.0
Male,32000.0
Female,56000.0
Male,120000.0
Male,46000.0
Male,28000.0
Female,100000.0
Male,30000.0
Male,4000.0
Female,42000.0
Male,25600.0
Male,55000.0
Female,53000.0
Male,17000.0
Female,63000.0
Male,28000.0
Male,48000.0
Female,170000.0
Male,72000.0
Male,30000.0
Female,28400.0
Female,80000.0
Female,41600.0
Male,24400.0
Male,65000.0
Male,22000.0
Female,40000.0
Female,41000.0
Male,6000.0
Male,75000.0
Female,150000.0
Female,58000.0
Female,52000.0
Female,73000.0
Male,26600.0
Female,25600.0
Female,12000.0
Male,50000.0
Male,147000.0
Male,105000.0
Female,85000.0
Male,90000.0
Female,52000.0
Male,51000.0
Female,15000.0
Male,140000.0
Male,85000.0
Male,83000.0
Female,14000.0
Female,185000.0
Female,60000.0
Female,45000.0
Female,100000.0
Female,75000.0
Female,290000.0
Male,62000.0
Female,37000.0
Female,108000.0
Female,6000.0
Female,100000.0
Male,12000.0
Female,19200.0
Female,210000.0
Female,71000.0
Female,64000.0
Male,36000.0
Male,150000.0
Male,45000.0
Male,150000.0
Male,44900.0
Male,28000.0
Male,36000.0
Female,14400.0
Male,145000.0
Male,35000.0
Male,153000.0
Female,30000.0
Female,38000.0
Female,51000.0
Male,85000.0
Female,18200.0
Female,50000.0
Male,101000.0
Male,60000.0
Male,73000.0
Male,110000.0
Female,60000.0
Male,200000.0
Female,50000.0
Female,57000.0
Male,239000.0
Female,187000.0
Female,85000.0
Female,35000.0
Female,60000.0
Male,52000.0
Female,7400.0
Male,66000.0
Female,30000.0
Female,95000.0
Male,200000.0
Male,120000.0
Male,55000.0
Female,17600.0
Male,42700.0
Female,1000.0
Female,24900.0
Male,85000.0
Male,80000.0
Female,52000.0
Female,71000.0
Female,105000.0
Female,32000.0
Male,133000.0
Male,130000.0
Female,90000.0
Male,36500.0
Female,10000.0
Female,16000.0
Male,45000.0
Female,27800.0
Male,84000.0
Female,60000.0
Female,18000.0
Male,174000.0
Male,41600.0
Male,36500.0
Male,60000.0
Male,250000.0
Male,120000.0
Female,38700.0
Female,110000.0
Male,40000.0
Male,200000.0
Male,34600.0
Female,15000.0
Male,50000.0
Female,97000.0
Male,120000.0
Male,122000.0
Female,108000.0
Male,78000.0
Female,80000.0
Female,43000.0
Male,46000.0
Male,66000.0
Female,50000.0
Male,24000.0
Female,50000.0
Female,31000.0
Female,27000.0
Female,120000.0
Male,60000.0
Female,75000.0
Male,75000.0
Male,48000.0
Male,143000.0
Male,120000.0
Male,125000.0
Female,35200.0
Male,135000.0
Male,80000.0
Male,75000.0
Male,12000.0
Male,52000.0
Female,32000.0
Male,40000.0
Male,35000.0
Male,4500.0
Male,60000.0
Female,5000.0
Male,37000.0
Male,150000.0
Male,35000.0
Female,10400.0
Female,25000.0
Male,15700.0
Male,180000.0
Male,40000.0
Female,52000.0
Female,20000.0
Male,30000.0
Female,180000.0
Female,5500.0
Female,24000.0
Male,41600.0
Female,53000.0
Male,40000.0
Female,74000.0
Male,40000.0
Female,40000.0
Female,106000.0
Male,98000.0
Female,20000.0
Female,70000.0
Male,2200.0
Female,12800.0
Female,16800.0
Male,257000.0
Male,98000.0
Female,56000.0
Female,130000.0
Male,35000.0
Male,6400.0
Female,53000.0
Female,60000.0
Male,72000.0
Female,37000.0
Male,37600.0
Male,20000.0
Male,78000.0
Female,130000.0
Female,6000.0
Male,36000.0
Male,116000.0
Male,105000.0
Male,5500.0
Female,22000.0
Female,38000.0
Male,124000.0
Female,30000.0
Female,29000.0
Female,44000.0
Male,65000.0
Female,39000.0
Female,25000.0
Female,50000.0
Male,70000.0
Male,40000.0
Male,14900.0
Female,21000.0
Male,50000.0
Male,120000.0
Male,99000.0
Female,85000.0
Female,125000.0
Male,60000.0
Female,10700.0
Female,30000.0
Male,30000.0
Male,40000.0
Male,110000.0
Female,62000.0
Female,6000.0
Female,64000.0
Female,152000.0
Male,36000.0
Female,270.0
Male,80000.0
Female,24000.0
Female,38000.0
Male,102000.0
Female,180000.0
Male,20800.0
Male,100000.0
Male,30000.0
Female,90000.0
Female,9500.0
Female,25000.0
Female,50000.0
Male,11000.0
Male,114000.0
Female,34100.0
Female,95000.0
Male,100000.0
Female,21600.0
Female,35000.0
Male,115000.0
Female,45000.0
Female,35000.0
Male,110000.0
Male,7000.0
Female,17000.0
Female,55000.0
Female,30000.0
Male,10.0
Male,33000.0
Male,81000.0
Female,66000.0
Female,107000.0
Female,160000.0
Male,215000.0
Male,43700.0
Male,126000.0
Female,36000.0
Female,40000.0
Male,174000.0
Female,45000.0
Female,13000.0
Female,45000.0
Male,180000.0
Male,250000.0
Male,53000.0
Male,32800.0
Female,3500.0
Female,57000.0
Female,118000.0
Male,42000.0
Male,15000.0
Male,68000.0
Male,72000.0
Female,60000.0
Female,45000.0
Male,55000.0
Female,30000.0
Male,295000.0
Female,30000.0
Female,30000.0
Female,50000.0
Male,25000.0
Male,90000.0
Female,38000.0
Male,31200.0
Male,36000.0
Female,25000.0
Male,50000.0
Male,60000.0
Female,57000.0
Female,26000.0
Female,83000.0
Male,27400.0
Male,31000.0
Female,12000.0
Female,15000.0
Male,23300.0
Male,47800.0
Female,10000.0
Female,124000.0
Male,48000.0
Male,55000.0
Female,60000.0
Female,30000.0
Male,37000.0
Male,48000.0
Female,130000.0
Female,35000.0
Female,16000.0
Female,16500.0
Male,5000.0
Male,25000.0
Female,60000.0
Female,20000.0
Female,34100.0
Female,12000.0
Male,54000.0
Female,30000.0
Female,47300.0
Female,44000.0
Male,24000.0
Female,52000.0
Male,34900.0
Male,28000.0
Male,18000.0
Male,19600.0
Male,84000.0
Female,70000.0
Male,200000.0
Male,120000.0
Male,20000.0
Female,80000.0
Female,30000.0
Female,3000.0
Male,100000.0
Male,69000.0
Female,2200.0
Female,36000.0
Female,32000.0
Female,3000.0
Male,120000.0
Female,13800.0
Male,55000.0
Male,45000.0
Male,40000.0
Male,9500.0
Male,55000.0
Female,54000.0
Male,175000.0
Male,95000.0
Female,32000.0
Male,70000.0
Male,37600.0
Male,85000.0
Female,5000.0
Female,60000.0
Female,4200.0
Male,47000.0
Male,156000.0
Female,33000.0
Male,40000.0
Female,20000.0
Male,29000.0
Female,40400.0
Male,48000.0
Male,34000.0
Male,28000.0
Female,80000.0
Male,65000.0
Male,88000.0
Female,38000.0
Female,530.0
Female,36000.0
Female,75000.0
Male,55000.0
Male,75000.0
Female,1700.0
Male,65000.0
Female,120000.0
Male,79000.0
Female,29000.0
Female,16200.0
Female,30000.0
Male,50000.0
Male,22000.0
Female,115000.0
Male,76000.0
Female,52000.0
Male,45000.0
Male,54000.0
Male,200000.0
Female,290000.0
Female,52000.0
Male,90000.0
Male,104000.0
Female,50000.0
Male,60000.0
Male,180000.0
Female,35000.0
Female,60000.0
Female,32000.0
Male,80000.0
Female,15000.0
Female,30000.0
Male,35000.0
Male,3900.0
Male,75000.0
Female,72000.0
Male,120000.0
Female,110000.0
Female,28000.0
Male,30000.0
Female,7000.0
Male,60000.0
Male,74000.0
Male,7200.0
Female,40000.0
Male,15000.0
Male,153000.0
Female,18600.0
Male,50000.0
Male,5400.0
Male,44000.0
Male,65000.0
Male,200.0
Male,179000.0
Male,110000.0
Female,37000.0
Female,24000.0
Male,158000.0
Female,28000.0
Female,95000.0
Male,82000.0
Female,34000.0
Male,40000.0
Female,12100.0
Male,8000.0
Female,79000.0
Female,100000.0
Male,1100.0
Female,160000.0
Male,30000.0
Male,40000.0
Female,48000.0
Male,40000.0
Male,148000.0
Male,20000.0
Male,43200.0
Female,106000.0
Male,110000.0
Female,19200.0
Female,6000.0
Male,117000.0
Male,33500.0
Female,36000.0
Male,45900.0
Female,46000.0
Female,200000.0
Male,94000.0
Male,12000.0
Male,59000.0
Male,45000.0
Male,200000.0
Male,42000.0
Male,41600.0
Male,5000.0
Female,45000.0
Male,90000.0
Female,40000.0
Male,61000.0
Female,56000.0
Male,85000.0
Male,72000.0
Male,70000.0
Male,72000.0
Female,52000.0
Female,6000.0
Male,70000.0
Male,30000.0
Male,500.0
Female,18000.0
Male,8000.0
Female,13000.0
Male,6000.0
Male,40000.0
Male,90000.0
Male,42000.0
Female,62000.0
Male,110000.0
Male,40000.0
Female,240000.0
Female,49000.0
Female,86000.0
Female,70000.0
Female,23000.0
Male,39200.0
Male,140000.0
Male,60000.0
Female,35000.0
Male,49900.0
Male,10000.0
Male,125000.0
Male,65000.0
Male,137000.0
Male,50000.0
Female,15000.0
Female,65000.0
Female,60000.0
Female,78000.0
Female,78000.0
Male,150000.0
Female,30000.0
Female,52000.0
Male,80000.0
Male,250000.0
Male,102000.0
Female,8000.0
Female,14000.0
Male,60000.0
Female,30000.0
Female,9900.0
Male,31000.0
Male,55000.0
Female,130000.0
Female,19000.0
Female,4000.0
Male,91000.0
Male,82000.0
Female,15000.0
Female,102000.0
Female,60000.0
Female,9400.0
Male,50000.0
Male,10200.0
Female,37000.0
Female,33000.0
Female,35000.0
Female,120000.0
Female,31000.0
Male,50000.0
Female,12000.0
Male,60000.0
Male,30000.0
Male,100000.0
Male,212000.0
Female,250000.0
Male,70000.0
Male,60000.0
Female,35000.0
Male,36000.0
Male,51000.0
Female,59000.0
Male,50000.0
Male,23000.0
Female,5800.0
Female,64000.0
Female,20000.0
Male,7500.0
Female,11300.0
Male,40000.0
Female,11000.0
Male,25000.0
Male,80000.0
Male,35000.0
Female,35000.0
Female,5000.0
Female,65000.0
Male,80000.0
Male,110000.0
Male,95000.0
Female,16000.0
Female,108000.0
Male,120000.0
Female,42000.0
Male,200000.0
Male,64000.0
Male,28000.0
Female,31500.0
Female,110000.0
Male,40000.0
Female,50000.0
Male,2000.0
Female,2000.0
Male,110000.0
Female,105000.0
Male,80000.0
Male,110000.0
Female,100000.0
Male,3800.0
Male,80000.0
Male,20000.0
Female,35400.0
Male,70000.0
Male,55000.0
Male,49900.0
Male,48000.0
Male,120000.0
Male,79000.0
Male,88000.0
Female,20000.0
Female,120000.0
Female,10800.0
Male,46000.0
Male,42000.0
Male,40000.0
Male,2500.0
Female,36600.0
Male,45000.0
Female,80000.0
Female,40000.0
Female,1300.0
Female,86000.0
Male,10000.0
Female,60000.0
Female,33000.0
Male,76000.0
Male,65000.0
Female,6000.0
Female,165000.0
Male,80000.0
Male,8500.0
Male,125000.0
Male,160000.0
Female,130000.0
Male,58000.0
Male,300000.0
Male,52000.0
Male,96000.0
Female,90000.0
Male,75000.0
Male,10000.0
Female,130000.0
Male,21300.0
Male,80000.0
Male,60000.0
Male,30000.0
Female,21000.0
Female,30000.0
Male,80000.0
Male,70000.0
Female,50000.0
Female,20800.0
Male,42000.0
Female,50000.0
Male,32000.0
Male,63000.0
Male,270000.0
Female,36000.0
Female,170000.0
Female,15500.0
Male,48000.0
Male,15000.0
Male,60000.0
Male,60000.0
Male,50000.0
Female,88000.0
Female,50000.0
Male,15000.0
Male,8000.0
Male,52000.0
Female,6000.0
Female,65000.0
Male,130000.0
Male,9100.0
Male,14400.0
Male,36000.0
Male,78000.0
Male,70000.0
Female,500.0
Male,3500.0
Male,56000.0
Female,65000.0
Female,30000.0
Male,60000.0
Male,60000.0
Male,47000.0
Male,17500.0
Male,109000.0
Female,40000.0
Female,30000.0
Male,50000.0
Female,245000.0
Female,125000.0
Female,50000.0
Male,80000.0
Male,60000.0
Female,40000.0
Male,150000.0
Female,12000.0
Female,6000.0
Female,2000.0
Female,6000.0
Female,25000.0
Male,100000.0
Male,30000.0
Male,5000.0
Female,38000.0
Female,50000.0
Male,24000.0
Female,76000.0
Female,3000.0
Male,300000.0
Male,32000.0
Male,82000.0
Female,39000.0
Female,12000.0
Female,32000.0
Female,125000.0
Female,105000.0
Female,105000.0
Male,40000.0
Male,20000.0
Female,5700.0
Male,40000.0
Female,82000.0
Male,130000.0
Male,65000.0
Male,75000.0
Male,70000.0
Female,65000.0
Male,50000.0
Female,53000.0
Male,200000.0
Male,18700.0
Male,150000.0
Female,26000.0
Female,30000.0
Male,20000.0
Male,55000.0
Female,40000.0
Male,30000.0
Female,800.0
Female,42000.0
Female,16000.0
Female,75000.0
Male,35000.0
Female,55000.0
Female,33800.0
Male,21000.0
Female,12000.0
Male,80000.0
Female,50000.0
Male,300.0
Female,42000.0
Male,60000.0
Male,69000.0
Male,207000.0
Female,60000.0
Male,280.0
Female,64000.0
Female,133000.0
Female,45000.0
Female,100000.0
Female,13000.0
Male,30000.0
Male,55000.0
Male,50000.0
Female,164000.0
Male,60000.0
Female,100000.0
Male,39000.0
Female,105000.0
Male,45000.0
Female,3000.0
Female,8000.0
Female,82000.0
Female,17000.0
Male,32000.0
Female,100000.0
Male,6000.0
Female,26000.0
Female,125000.0
Female,105000.0
Female,21700.0
Male,22000.0
Female,27000.0
Female,50000.0
Male,43000.0
Female,101000.0
Male,75000.0
Female,2200.0
Male,115000.0
Female,1500.0
Male,85000.0
Female,5600.0
Female,180000.0
Male,65000.0
Male,57000.0
Female,43000.0
Male,180000.0
Female,31500.0
Male,30000.0
Male,102000.0
Male,80000.0
Female,25000.0
Male,18000.0
Female,30000.0
Male,47000.0
Female,24000.0
Female,20000.0
Male,85000.0
Male,3200.0
Male,128000.0
Female,70000.0
Male,2000.0
Male,100000.0
Female,6000.0
Female,25000.0
Male,62000.0
Female,25000.0
Female,28000.0
Male,75000.0
Male,116000.0
Male,28000.0
Female,32000.0
Male,88000.0
Male,45000.0
Male,150000.0
Male,40000.0
Female,65000.0
Male,40000.0
Female,40000.0
Female,800.0
Female,38000.0
Female,160000.0
Male,29000.0
Female,51000.0
Female,33600.0
Female,35000.0
Female,6000.0
Female,300.0
Female,109000.0
Male,125000.0
Female,70000.0
Female,56000.0
Female,50000.0
Female,69000.0
Female,11500.0
Female,2300.0
Female,42000.0
Female,61000.0
Male,14800.0
Male,92000.0
Male,45000.0
Male,77000.0
Female,100000.0
Female,40000.0
Male,70000.0
Male,104000.0
Male,180000.0
Male,2300.0
Female,49700.0
Male,103000.0
Female,30000.0
Female,67000.0
Male,56000.0
Male,17000.0
Female,24400.0
Male,64000.0
Male,90000.0
Female,43000.0
Female,36400.0
Male,57000.0
Male,23000.0
Male,140000.0
Female,28000.0
Male,120000.0
Female,16400.0
Female,25000.0
Female,5600.0
Male,40000.0
Male,52000.0
Female,30000.0
Female,140.0
Female,5300.0
Female,34600.0
Male,100000.0
Male,65000.0
Female,70000.0
Male,69000.0
Female,60000.0
Male,24000.0
Male,75000.0
Male,100000.0
Male,85000.0
Female,115000.0
Female,40000.0
Female,37400.0
Male,40600.0
Female,60000.0
Female,260000.0
Male,150000.0
Female,70000.0
Female,23200.0
Female,200000.0
Male,70000.0
Female,42000.0
Male,70000.0
Female,550.0
Female,15000.0
Male,45000.0
Male,65000.0
Male,16000.0
Male,172000.0
Female,84000.0
Male,32700.0
Female,166000.0
Male,100000.0
Male,180000.0
Male,75000.0
Male,40000.0
Male,14000.0
Male,38000.0
Male,45000.0
Male,36000.0
Female,18000.0
Female,150000.0
Female,87000.0
Female,42000.0
Female,33800.0
Male,90000.0
Male,36600.0
Female,20000.0
Female,17000.0
Male,15600.0
Male,116000.0
Male,9000.0
Male,90000.0
Male,181000.0
Male,26000.0
Female,56000.0
Male,102000.0
Male,2500.0
Male,17000.0
Male,15000.0
Male,13000.0
Female,70000.0
Male,86000.0
Male,57000.0
Female,45000.0
Male,107000.0
Female,35000.0
Male,180000.0
Female,105000.0
Male,130000.0
Male,19200.0
Female,100000.0
Male,45000.0
Male,62000.0
Male,100000.0
Female,57000.0
Female,330.0
Male,6000.0
Female,80000.0
Female,4500.0
Male,40000.0
Male,136000.0
Male,165000.0
Male,205000.0
Male,70000.0
Male,15000.0
Female,140000.0
Female,6900.0
Female,69000.0
Female,56000.0
Female,50000.0
Male,136000.0
Male,10000.0
Female,91000.0
Male,240000.0
Female,30000.0
Female,89000.0
Female,8000.0
Male,30000.0
Male,110000.0
Male,34200.0
Male,40000.0
Female,170000.0
Male,112000.0
Male,54000.0
Male,77000.0
Female,1200.0
Male,15700.0
Female,99000.0
Female,4000.0
Female,40000.0
Male,70000.0
Male,46000.0
Female,25800.0
Female,48000.0
Female,70000.0
Female,5400.0
Male,1600.0
Male,40000.0
Male,120000.0
Male,24000.0
Female,79000.0
Male,94000.0
Female,53000.0
Female,110000.0
Female,2600.0
Female,58000.0
Male,131000.0
Male,180000.0
Female,68000.0
Female,80000.0
Male,50000.0
Male,96000.0
Male,255000.0
Female,8000.0
Female,80000.0
Female,28000.0
Male,100000.0
Female,80000.0
Male,32700.0
Male,45000.0
Male,140000.0
Male,23000.0
Male,30000.0
Male,33300.0
Male,43500.0
Female,52000.0
Male,10000.0
Female,25000.0
Female,67000.0
Female,85000.0
Male,26900.0
Male,15000.0
Female,41000.0
Female,18000.0
Male,120000.0
Female,40300.0
Male,120000.0
Male,23500.0
Female,30000.0
Female,40000.0
Male,33000.0
Male,235000.0
Female,1900.0
Female,50000.0
Female,52000.0
Female,99000.0
Male,52000.0
Male,89000.0
Male,55000.0
Female,30000.0
Male,86000.0
Male,150000.0
Female,125000.0
Female,51000.0
Female,33300.0
Female,34800.0
Male,40600.0
Female,120000.0
Male,7200.0
Male,40000.0
Male,140000.0
Male,55000.0
Female,25000.0
Female,50000.0
Female,45000.0
Female,1000.0
Male,9000.0
Male,100000.0
Female,26000.0
Male,118000.0
Female,65000.0
Female,50000.0
Female,95000.0
Female,35000.0
Female,100000.0
Female,190000.0
Female,15000.0
Male,52000.0
Male,140000.0
Female,88000.0
Male,180000.0
Male,80000.0
Male,74000.0
Male,115000.0
Male,50000.0
Female,20000.0
Female,30000.0
Female,80000.0
Female,24000.0
Female,100000.0
Female,37000.0
Male,130000.0
Female,13200.0
Female,100000.0
Female,35000.0
Female,80000.0
Male,47000.0
Female,23500.0
Male,94000.0
Male,74000.0
Male,60000.0
Male,85000.0
Female,92000.0
Male,120000.0
Female,38000.0
Female,8000.0
Male,110000.0
Female,25400.0
Female,130000.0
Male,35000.0
Male,100000.0
Male,40000.0
Male,20000.0
Female,185000.0
Male,7000.0
Male,80000.0
Male,43000.0
Male,30200.0
Female,54000.0
Female,74000.0
Female,87000.0
Male,85000.0
Male,205000.0
Female,59000.0
Male,175000.0
Female,26600.0
Female,53000.0
Female,120000.0
Male,58000.0
Female,77000.0
Female,25000.0
Male,27000.0
Male,82000.0
Female,500.0
Female,110000.0
Male,60000.0
Male,87000.0
Female,12000.0
Male,23000.0
Male,61000.0
Male,130000.0
Female,145000.0
Female,35000.0
Male,100000.0
Male,280000.0
Male,66000.0
Male,31900.0
Female,55000.0
Female,48000.0
Male,50000.0
Female,78000.0
Male,40000.0
Male,2200.0
Female,80000.0
Female,108000.0
Male,130000.0
Male,75000.0
Male,65000.0
Male,82000.0
Male,100000.0
Male,59000.0
Female,70000.0
Female,33000.0
Male,150000.0
Male,30000.0
Female,35000.0
Female,90000.0
Male,6800.0
Male,165000.0
Female,85000.0
Male,27600.0
Male,25000.0
Male,42000.0
Female,40000.0
Female,39000.0
Male,62000.0
Female,22000.0
Male,33000.0
Male,137000.0
Male,60000.0
Male,80000.0
Male,100000.0
Male,150000.0
Female,120000.0
Female,74000.0
Female,27000.0
Male,18000.0
Male,200000.0
Female,60000.0
Male,5000.0
Female,1700.0
Male,200000.0
Female,20000.0
Male,128000.0
Male,80000.0
Female,43000.0
Female,9000.0
Male,250000.0
Female,83000.0
Female,45000.0
Female,9600.0
Male,46000.0
Male,70000.0
Male,75000.0
Female,85000.0
Female,12500.0
Female,25000.0
Male,90000.0
Male,28000.0
Female,6000.0
Female,185000.0
Female,8000.0
Female,41000.0
Female,38000.0
Male,42000.0
Male,55000.0
Female,190000.0
Female,8400.0
Male,85000.0
Female,9800.0
Male,50000.0
Male,105000.0
Female,96000.0
Female,19000.0
Female,75000.0
Female,47500.0
Male,20000.0
Female,159000.0
Male,125000.0
Male,5000.0
Female,95000.0
Female,5000.0
Male,45000.0
Male,100000.0
Female,20200.0
Female,30000.0
Female,32000.0
Male,30000.0
Female,8000.0
Female,23000.0
Male,45000.0
Female,17000.0
Female,50000.0
Male,37500.0
Female,100000.0
Male,100000.0
Male,40000.0
Female,70000.0
Female,30000.0
Male,900.0
Female,31500.0
Female,27000.0
Male,120000.0
Female,5000.0
Male,52000.0
Female,90000.0
Male,42400.0
Female,35000.0
Male,60000.0
Female,112000.0
Male,70000.0
Female,20000.0
Male,130000.0
Female,31200.0
Male,70000.0
Male,65000.0
Female,94000.0
Male,40000.0
Female,29000.0
Female,45000.0
Male,70000.0
Male,120000.0
Female,4000.0
Female,60000.0
Male,74000.0
Male,40000.0
Female,11000.0
Female,50000.0
Female,18000.0
Female,72000.0
Female,29000.0
Female,20000.0
Female,43000.0
Female,80000.0
Female,10000.0
Male,200000.0
Female,35200.0
Male,200000.0
Male,110000.0
Male,100000.0
Male,50000.0
Female,58000.0
Male,10500.0
Female,90000.0
Female,1400.0
Female,107000.0
Female,52000.0
Male,82000.0
Female,25000.0
Male,72000.0
Female,40000.0
Male,70000.0
Female,9000.0
Female,23000.0
Female,10000.0
Female,41600.0
Male,18500.0
Female,22000.0
Female,40000.0
Female,70000.0
Male,120000.0
Male,40000.0
Male,93000.0
Male,100000.0
Male,13000.0
Female,14100.0
Male,119000.0
Male,31500.0
Male,120000.0
Female,36800.0
Female,18000.0
Male,56000.0
Female,13000.0
Female,43000.0
Female,69000.0
Male,38200.0
Female,40000.0
Male,45000.0
Male,75000.0
Female,62000.0
Male,33700.0
Male,31900.0
Male,50000.0
Male,95000.0
Male,275000.0
Male,32000.0
Male,138000.0
Female,15000.0
Male,48000.0
Male,24000.0
Male,154000.0
Female,92000.0
Female,60000.0
Female,51000.0
Female,138000.0
Male,62000.0
Female,44000.0
Male,35000.0
Female,17400.0
Female,52000.0
Male,41000.0
Male,52000.0
Male,1000.0
Female,40000.0
Female,39000.0
Female,55000.0
Male,2400.0
Male,40000.0
Female,17000.0
Female,30000.0
Female,51000.0
Female,35000.0
Female,45000.0
Female,50000.0
Male,125000.0
Male,43900.0
Female,100000.0
Female,3000.0
Male,28100.0
Male,40200.0
Female,119000.0
Female,125000.0
Female,20000.0
Female,30000.0
Female,24300.0
Female,75000.0
Female,1300.0
Female,100000.0
Male,48000.0
Female,24000.0
Male,104000.0
Male,26000.0
Female,23400.0
Female,17000.0
Female,30000.0
Male,40000.0
Male,600.0
Male,35000.0
Female,35900.0
Female,18000.0
Female,66000.0
Female,60000.0
Male,42300.0
Female,33000.0
Female,90000.0
Male,14000.0
Female,182000.0
Female,93000.0
Female,21000.0
Male,62000.0
Male,50000.0
Female,50000.0
Male,90000.0
Female,35000.0
Female,49000.0
Female,50000.0
Female,58000.0
Male,60000.0
Male,20000.0
Male,50000.0
Male,30000.0
Female,41000.0
Female,53000.0
Female,7900.0
Male,90000.0
Male,94000.0
Female,40000.0
Male,155000.0
Female,62000.0
Female,3000.0
Female,2000.0
Male,100000.0
Female,5000.0
Female,6000.0
Female,32000.0
Female,100000.0
Female,42000.0
Male,19000.0
Male,55000.0
Female,7500.0
Female,20000.0
Male,80000.0
Female,50000.0
Female,58000.0
Female,31200.0
Female,18000.0
Female,31700.0
Male,270000.0
Male,12000.0
Female,10000.0
Male,43000.0
Male,20400.0
Male,40000.0
Male,45000.0
Female,65000.0
Male,150000.0
Female,100000.0
Male,140000.0
Male,120000.0
Male,70000.0
Female,215000.0
Male,172000.0
Female,31000.0
Male,95000.0
Male,37500.0
Female,1900.0
Female,150000.0
Male,80000.0
Male,34000.0
Female,45200.0
Female,8000.0
Male,6400.0
Female,30800.0
Female,75000.0
Male,70000.0
Male,125000.0
Female,56000.0
Female,40000.0
Female,20000.0
Male,34000.0
Female,60000.0
Male,600.0
Male,98000.0
Female,55000.0
Female,80000.0
Male,159000.0
Male,127000.0
Female,600.0
Female,45000.0
Female,75000.0
Male,59000.0
Female,3000.0
Male,150000.0
Male,32000.0
Female,35000.0
Male,92000.0
Female,40000.0
Male,35000.0
Male,31000.0
Male,32000.0
Female,15000.0
Male,185000.0
Male,92000.0
Female,6000.0
Female,40000.0
Female,70000.0
Female,46000.0
Female,60000.0
Female,45000.0
Female,170000.0
Male,14600.0
Female,72000.0
Female,2800.0
Female,25000.0
Male,39800.0
Male,13300.0
Female,45000.0
Male,46200.0
Female,4100.0
Female,65000.0
Female,6000.0
Female,35000.0
Female,10000.0
Male,4800.0
Female,66000.0
Female,8000.0
Female,5400.0
Female,32000.0
Female,105000.0
Male,8000.0
Male,72000.0
Female,80000.0
Female,59000.0
Male,155000.0
Female,100000.0
Female,60000.0
Female,23000.0
Male,66000.0
Female,20000.0
Female,100000.0
Female,110000.0
Female,51000.0
Male,57000.0
Female,28000.0
Male,40000.0
Female,2500.0
Male,46600.0
Male,3000.0
Female,26400.0
Female,60000.0
Female,22700.0
Female,74000.0
Male,105000.0
Female,209000.0
Male,55000.0
Male,58000.0
Male,128000.0
Female,44000.0
Male,45300.0
Male,85000.0
Female,47000.0
Female,41000.0
Female,20000.0
Male,25000.0
Female,111000.0
Female,135000.0
Male,130000.0
Female,225000.0
Female,98000.0
Male,32000.0
Male,170000.0
Male,30000.0
Male,105000.0
Male,45000.0
Female,54000.0
Female,170000.0
Male,126000.0
Female,38000.0
Male,100000.0
Female,42000.0
Female,20000.0
Male,120000.0
Female,10000.0
Female,30500.0
Female,1000.0
Male,70000.0
Male,38000.0
Female,138000.0
Male,65000.0
Female,72000.0
Female,56000.0
Male,102000.0
Female,25000.0
Female,40000.0
Male,20000.0
Male,26000.0
Female,100000.0
Male,114000.0
Female,58000.0
Male,56000.0
Male,81000.0
Female,41000.0
Female,70000.0
Male,10000.0
Female,230000.0
Male,200000.0
Male,90000.0
Male,100000.0
Female,95000.0
Male,85000.0
Male,163000.0
Male,8000.0
Female,15000.0
Male,50000.0
Female,65000.0
Female,80000.0
Male,50000.0
Female,25000.0
Male,5000.0
Female,62000.0
Male,100000.0
Female,3200.0
Female,85000.0
Male,80000.0
Male,18000.0
Female,57000.0
Male,120000.0
Male,2400.0
Female,50000.0
Female,3000.0
Male,73000.0
Female,100000.0
Female,150000.0
Male,8600.0
Female,55000.0
Male,120000.0
Female,24000.0
Female,81000.0
Male,50000.0
Female,26000.0
Male,20000.0
Female,28000.0
Female,85000.0
Male,123000.0
Female,76000.0
Male,25600.0
Female,85000.0
Male,75000.0
Male,50000.0
Male,55000.0
Male,1700.0
Female,3100.0
Female,300000.0
Male,90000.0
Female,5000.0
Female,22400.0
Male,115000.0
Male,90000.0
Female,100000.0
Male,55000.0
Female,16000.0
Female,1200.0
Male,75000.0
Female,111000.0
Male,80000.0
Female,60000.0
Male,5000.0
Male,28800.0
Male,65000.0
Female,150000.0
Male,60000.0
Female,400.0
Male,34000.0
Male,87000.0
Female,20000.0
Male,60000.0
Female,110000.0
Female,51000.0
Male,108000.0
Female,80000.0
Female,45800.0
Female,56000.0
Female,24400.0
Male,118000.0
Male,3000.0
Male,80000.0
Male,58000.0
Female,65000.0
Female,39300.0
Female,215000.0
Male,40000.0
Male,25000.0
Female,33500.0
Female,11000.0
Female,82000.0
Female,160000.0
Female,90000.0
Female,5500.0
Male,25000.0
Male,100000.0
Female,58000.0
Female,6000.0
Male,56000.0
Male,130000.0
Female,60000.0
Female,50000.0
Male,68000.0
Female,16000.0
Female,90000.0
Female,8000.0
Female,8800.0
Female,60000.0
Male,40000.0
Female,67000.0
Female,105000.0
Female,35000.0
Female,40000.0
Male,7600.0
Female,5000.0
Male,100000.0
Male,40000.0
Male,100000.0
Male,23000.0
Female,25000.0
Female,200000.0
Male,60000.0
Male,65000.0
Male,20000.0
Female,24000.0
Female,20000.0
Female,17300.0
Female,115000.0
Female,100000.0
Female,20000.0
Male,72000.0
Male,28000.0
Male,85000.0
Male,35000.0
Female,48000.0
Female,40000.0
Male,31000.0
Male,35600.0
Female,52000.0
Female,80000.0
Male,9800.0
Female,10000.0
Male,11000.0
Male,15000.0
Male,90000.0
Female,44000.0
Male,79000.0
Female,19000.0
Female,15600.0
Female,52000.0
Female,12400.0
Female,21000.0
Male,9000.0
Female,44000.0
Female,57000.0
Male,56000.0
Male,83000.0
Male,15000.0
Male,30000.0
Male,40600.0
Male,75000.0
Male,25000.0
Male,49000.0
Female,4200.0
Female,35000.0
Male,80000.0
Male,54000.0
Male,10000.0
Female,34000.0
Male,55000.0
Female,6900.0
Female,39000.0
Male,274000.0
Male,100000.0
Female,4200.0
Male,75000.0
Male,15000.0
Male,40000.0
Female,130000.0
Female,32000.0
Female,30000.0
Male,17500.0
Female,212000.0
Male,91000.0
Male,60000.0
Male,58000.0
Male,80000.0
Female,100000.0
Male,250000.0
Female,30000.0
Male,9100.0
Female,22000.0
Female,16800.0
Male,60000.0
Male,72000.0
Female,44000.0
Male,120000.0
Female,56000.0
Male,62000.0
Female,80000.0
Male,38000.0
Female,71000.0
Male,80000.0
Male,114000.0
Female,70000.0
Female,60000.0
Female,50000.0
Female,15000.0
Female,100000.0
Female,53000.0
Female,163000.0
Male,45000.0
Female,30000.0
Female,11300.0
Female,13000.0
Female,44000.0
Male,100000.0
Male,35000.0
Female,62000.0
Male,145000.0
Female,60000.0
Male,23000.0
Female,109000.0
Female,5000.0
Male,140000.0
Female,30000.0
Female,10000.0
Male,60000.0
Female,45000.0
Male,85000.0
Male,50000.0
Female,170000.0
Female,57000.0
Female,174000.0
Male,75000.0
Male,130000.0
Female,65000.0
Male,73000.0
Female,26500.0
Female,2000.0
Female,35000.0
Male,10000.0
Male,56000.0
Female,2200.0
Male,66000.0
Male,1600.0
Male,60000.0
Female,65000.0
Female,2000.0
Male,165000.0
Female,75000.0
Male,75000.0
Female,22000.0
Female,60000.0
Male,120000.0
Male,68000.0
Male,250000.0
Male,20000.0
Male,47800.0
Male,40400.0
Male,200000.0
Male,22000.0
Male,120000.0
Male,122000.0
Female,58000.0
Female,28000.0
Female,70000.0
Female,46000.0
Female,3400.0
Male,60000.0
Male,260000.0
Male,120000.0
Female,175000.0
Female,70000.0
Male,44000.0
Male,180000.0
Male,6000.0
Male,94000.0
Male,102000.0
Male,43000.0
Male,47000.0
Male,30000.0
Male,110000.0
Male,95000.0
Male,64000.0
Female,17000.0
Male,28700.0
Female,30000.0
Female,4000.0
Female,36000.0
Male,50000.0
Female,10000.0
Male,35000.0
Male,210000.0
Male,2000.0
Male,83000.0
Male,20000.0
Female,22000.0
Female,120000.0
Female,95000.0
Female,27000.0
Male,35000.0
Male,80000.0
Male,96000.0
Female,158000.0
Female,50000.0
Male,75000.0
Male,50000.0
Female,60000.0
Female,4100.0
Male,33500.0
Male,28900.0
Male,82000.0
Female,50000.0
Male,69000.0
Female,34000.0
Female,95000.0
Female,100000.0
Male,100000.0
Female,70000.0
Male,75000.0
Female,120000.0
Female,30000.0
Male,5000.0
Female,80000.0
Male,51000.0
Female,80000.0
Male,44000.0
Male,42600.0
Male,22900.0
Male,85000.0
Female,30000.0
Male,100000.0
Male,89000.0
Male,186000.0
Female,24000.0
Male,930.0
Female,30000.0
Female,4000.0
Female,164000.0
Male,160000.0
Male,24000.0
Female,2000.0
Female,75000.0
Female,40000.0
Male,16000.0
Female,34000.0
Female,20000.0
Female,60000.0
Male,46000.0
Female,16000.0
Female,49900.0
Male,35000.0
Male,46800.0
Male,20000.0
Female,55000.0
Female,50000.0
Male,27500.0
Female,84000.0
Female,82000.0
Female,26000.0
Female,12000.0
Male,300000.0
Female,120000.0
Male,10000.0
Male,230000.0
Male,3500.0
Female,80000.0
Male,46800.0
Male,123000.0
Female,180000.0
Female,30000.0
Female,98000.0
Female,16000.0
Male,58000.0
Male,75000.0
Male,70000.0
Female,35000.0
Female,5000.0
Male,51000.0
Male,60000.0
Female,54000.0
Male,980.0
Male,159000.0
Male,15000.0
Male,52000.0
Male,38500.0
Female,48000.0
Male,81000.0
Female,63000.0
Male,176000.0
Female,85000.0
Female,23000.0
Male,8000.0
Male,21400.0
Male,86000.0
Male,24000.0
Male,75000.0
Female,41000.0
Male,210000.0
Male,47000.0
Male,98000.0
Female,20000.0
Female,15000.0
Female,49900.0
Female,7800.0
Male,50000.0
Female,21600.0
Female,18000.0
Male,45000.0
Male,192000.0
Female,65000.0
Female,10000.0
Female,14200.0
Female,1500.0
Female,80000.0
Female,120000.0
Female,5000.0
Female,75000.0
Male,36000.0
Male,65000.0
Female,45000.0
Male,80000.0
Female,108000.0
Female,45000.0
Female,70000.0
Female,17000.0
Male,47300.0
Female,100000.0
Female,55000.0
Male,80000.0
Male,80000.0
Female,41600.0
Female,3400.0
Female,25000.0
Male,98000.0
Male,6900.0
Male,3500.0
Female,17900.0
Female,85000.0
Male,25000.0
Female,30000.0
Female,20000.0
Female,148000.0
Male,55000.0
Female,116000.0
Female,32000.0
Male,82000.0
Female,65000.0
Female,6000.0
Female,25000.0
Female,41000.0
Female,35000.0
Female,75000.0
Male,95000.0
Female,8700.0
Male,51000.0
Female,19000.0
Female,24000.0
Female,46000.0
Male,130000.0
Female,90000.0
Female,95000.0
Female,96000.0
Female,40000.0
Male,200000.0
Male,80000.0
Female,68000.0
Male,112000.0
Male,144000.0
Male,43000.0
Male,62000.0
Male,115000.0
Male,65000.0
Male,75000.0
Female,11000.0
Female,60000.0
Female,39000.0
Male,58000.0
Female,40000.0
Male,106000.0
Male,48000.0
Male,42000.0
Female,17000.0
Male,145000.0
Female,5200.0
Female,110000.0
Male,36600.0
Male,65000.0
Female,65000.0
Male,11000.0
Male,30100.0
Female,15000.0
Male,80000.0
Male,80000.0
Male,50000.0
Male,68000.0
Female,36000.0
Male,350.0
Female,37000.0
Female,30000.0
Female,85000.0
Female,81000.0
Female,18000.0
Male,80000.0
Male,40000.0
Male,65000.0
Male,12400.0
Female,40000.0
Female,170000.0
Male,50000.0
Female,32000.0
Male,180000.0
Male,110000.0
Male,60000.0
Female,13000.0
Female,48000.0
Male,48000.0
Male,36000.0
Female,37500.0
Male,111000.0
Male,6300.0
Male,24000.0
Female,41000.0
Male,46000.0
Female,32000.0
Male,60000.0
Female,32000.0
Male,50000.0
Male,80000.0
Male,100000.0
Male,32000.0
Male,4500.0
Female,32000.0
Female,100000.0
Female,140000.0
Male,42000.0
Female,242000.0
Female,20000.0
Female,80000.0
Female,830.0
Female,50000.0
Male,31200.0
Female,80000.0
Female,75000.0
Male,125000.0
Male,12000.0
Female,42000.0
Female,45000.0
Female,46900.0
Female,43000.0
Female,21000.0
Male,200000.0
Male,10000.0
Male,145000.0
Female,8000.0
Male,80000.0
Female,56000.0
Female,40000.0
Male,65000.0
Male,85000.0
Male,174000.0
Male,120000.0
Female,30000.0
Female,69000.0
Female,15600.0
Male,37000.0
Female,66000.0
Male,23100.0
Female,60000.0
Female,32000.0
Female,21000.0
Female,18200.0
Female,60000.0
Male,24000.0
Male,33000.0
Male,10000.0
Female,23900.0
Female,1000.0
Male,87000.0
Female,8600.0
Female,118000.0
Male,95000.0
Female,96000.0
Male,15000.0
Male,1000.0
Male,55000.0
Female,115000.0
Female,24000.0
Female,210000.0
Male,100000.0
Female,72000.0
Male,45000.0
Male,20000.0
Female,58000.0
Male,13500.0
Male,28000.0
Male,7400.0
Male,64000.0
Male,10000.0
Female,6000.0
Male,220000.0
Female,19000.0
Female,55000.0
Male,45000.0
Female,90000.0
Female,45000.0
Female,2000.0
Female,10000.0
Male,80000.0
Female,2700.0
Male,30000.0
Male,57000.0
Female,39000.0
Male,41000.0
Male,45000.0
Male,75000.0
Female,36000.0
Female,10000.0
Male,4200.0
Female,20000.0
Male,65000.0
Male,95000.0
Female,5000.0
Female,175000.0
Female,65000.0
Female,84000.0
Female,28000.0
Female,30000.0
Female,70000.0
Male,29100.0
Male,18000.0
Male,66000.0
Female,44200.0
Male,56000.0
Male,76000.0
Male,6000.0
Female,8000.0
Female,50000.0
Female,45000.0
Female,51000.0
Male,70000.0
Male,50000.0
Female,56000.0
Male,25000.0
Male,84000.0
Male,150000.0
Male,60000.0
Female,26000.0
Female,80000.0
Male,52000.0
Female,13800.0
Female,40000.0
Female,12000.0
Male,10000.0
Female,70000.0
Female,225000.0
Female,24000.0
Male,6000.0
Female,110.0
Male,70.0
Female,94000.0
Male,50000.0
Male,170000.0
Male,80000.0
Female,9000.0
Female,69000.0
Female,30000.0
Male,120000.0
Male,31200.0
Male,3600.0
Male,108000.0
Female,6300.0
Male,12600.0
Male,135000.0
Male,55000.0
Male,85000.0
Female,11700.0
Male,68000.0
Female,45000.0
Male,120000.0
Female,120000.0
Male,12000.0
Male,200.0
Female,60000.0
Female,62000.0
Male,55000.0
Male,30800.0
Male,2000.0
Female,72000.0
Female,53000.0
Male,78000.0
Female,65000.0
Male,90000.0
Female,175000.0
Male,26900.0
Female,10200.0
Male,80000.0
Male,40000.0
Male,73000.0
Female,43000.0
Male,150000.0
Male,36000.0
Female,73000.0
Male,30000.0
Female,12000.0
Male,90000.0
Male,60000.0
Male,220000.0
Female,30000.0
Male,30000.0
Male,130000.0
Male,100000.0
Male,48000.0
Male,80000.0
Female,68000.0
Female,5000.0
Female,80000.0
Male,200000.0
Male,41000.0
Female,28000.0
Male,36000.0
Female,78000.0
Female,70000.0
Male,66000.0
Male,260000.0
Female,20000.0
Female,28300.0
Female,21600.0
Male,170000.0
Male,70000.0
Male,70000.0
Male,20000.0
Female,80000.0
Male,180000.0
Male,212000.0
Male,60000.0
Male,20000.0
Male,80000.0
Male,150000.0
Male,101000.0
Male,60000.0
Male,80000.0
Male,30600.0
Male,130000.0
Female,92000.0
Female,95000.0
Female,20000.0
Female,40000.0
Female,45000.0
Female,98000.0
Male,50000.0
Female,42000.0
Female,43000.0
Male,65000.0
Female,42800.0
Male,45000.0
Male,35000.0
Female,60000.0
Female,80000.0
Male,60000.0
Male,92000.0
Male,47000.0
Male,81000.0
Female,117000.0
Female,65000.0
Male,53000.0
Male,21000.0
Male,30000.0
Female,151000.0
Male,139000.0
Female,23000.0
Male,60000.0
Male,72000.0
Male,210000.0
Female,7500.0
Female,20000.0
Male,80000.0
Male,54000.0
Male,30000.0
Male,85000.0
Male,65000.0
Male,26000.0
Male,21000.0
Male,42000.0
Male,30000.0
Male,64000.0
Female,108000.0
Male,80000.0
Male,8000.0
Male,30000.0
Female,31000.0
Male,51000.0
Male,95000.0
Male,3600.0
Female,22000.0
Female,3500.0
Male,100000.0
Male,45700.0
Male,85000.0
Female,150000.0
Male,93000.0
Female,71000.0
Female,80000.0
Male,65000.0
Female,58000.0
Male,150000.0
Female,50000.0
Female,73000.0
Female,36400.0
Female,12000.0
Male,250000.0
Female,67000.0
Male,300000.0
Male,30000.0
Male,163000.0
Male,62000.0
Female,4700.0
Female,45000.0
Male,24000.0
Male,100000.0
Female,40000.0
Female,46200.0
Female,68000.0
Male,70000.0
Female,65000.0
Female,26000.0
Male,4000.0
Female,55000.0
Male,75000.0
Male,105000.0
Male,30000.0
Male,90000.0
Male,40000.0
Female,7000.0
Male,55000.0
Female,150000.0
Female,45000.0
Male,220000.0
Male,160000.0
Male,96000.0
Female,45000.0
Female,43800.0
Female,29000.0
Male,105000.0
Female,41000.0
Female,56000.0
Male,56000.0
Male,15000.0
Female,180000.0
Male,98000.0
Male,38000.0
Female,30000.0
Male,67000.0
Male,12000.0
Male,224000.0
Female,54000.0
Male,40000.0
Male,89000.0
Female,130000.0
Female,40000.0
Male,43800.0
Male,37200.0
Female,54000.0
Male,246000.0
Female,46000.0
Male,46000.0
Male,63000.0
Female,57000.0
Female,13000.0
Female,30000.0
Male,170000.0
Male,28000.0
Male,60000.0
Female,60000.0
Female,80000.0
Male,100000.0
Male,50000.0
Female,50000.0
Female,115000.0
Male,30000.0
Male,26000.0
Male,20000.0
Male,35000.0
Female,50000.0
Female,1200.0
Female,22000.0
Female,14000.0
Female,75000.0
Male,110000.0
Female,500.0
Male,82000.0
Male,4000.0
Male,100000.0
Female,20000.0
Male,6000.0
Female,130000.0
Male,20000.0
Female,36000.0
Male,24000.0
Male,70000.0
Male,28000.0
Female,28000.0
Female,135000.0
Male,52000.0
Female,62000.0
Female,150000.0
Female,3600.0
Female,150000.0
Male,37400.0
Male,55000.0
Male,37000.0
Female,56000.0
Female,16800.0
Female,298000.0
Female,5000.0
Female,57000.0
Male,58000.0
Female,100000.0
Male,47500.0
Female,50000.0
Male,52000.0
Male,75000.0
Female,101000.0
Male,40000.0
Male,32000.0
Female,49000.0
Female,57000.0
Female,9000.0
Female,45000.0
Male,80000.0
Male,40000.0
Female,150000.0
Female,70000.0
Male,10.0
Female,16800.0
Male,35200.0
Male,126000.0
Female,44200.0
Male,65000.0
Male,47000.0
Male,60000.0
Female,300000.0
Female,58000.0
Female,15600.0
Male,8800.0
Male,48000.0
Male,80000.0
Male,55000.0
Male,22000.0
Female,71000.0
Female,55000.0
Male,75000.0
Female,80000.0
Female,70000.0
Male,31800.0
Male,100000.0
Male,170000.0
Female,30000.0
Male,70000.0
Male,100.0
Female,53000.0
Male,130000.0
Male,500.0
Female,380.0
Male,98000.0
Female,19000.0
Male,4500.0
Male,63000.0
Male,43000.0
Female,62000.0
Male,63000.0
Male,150000.0
Female,45000.0
Female,100000.0
Male,12000.0
Female,78000.0
Female,28000.0
Male,25000.0
Male,40000.0
Female,75000.0
Male,57000.0
Female,18000.0
Male,45000.0
Female,50000.0
Female,9300.0
Female,8600.0
Male,88000.0
Male,65000.0
Male,48000.0
Female,32000.0
Female,80000.0
Female,71000.0
Female,85000.0
Male,90000.0
Female,46800.0
Male,2500.0
Female,37000.0
Female,150000.0
Male,78000.0
Male,60000.0
Female,40000.0
Female,25000.0
Female,12400.0
Female,60000.0
Male,3400.0
Male,5000.0
Male,69000.0
Female,60000.0
Male,72000.0
Male,96000.0
Male,4400.0
Female,42000.0
Female,31000.0
Male,100000.0
Male,50000.0
Male,35000.0
Female,81000.0
Female,35000.0
Male,3600.0
Male,160000.0
Male,150000.0
Female,59000.0
Male,20000.0
Female,68000.0
Female,73000.0
Female,52000.0
Male,80000.0
Female,88000.0
Male,65000.0
Male,30000.0
Male,143000.0
Male,45000.0
Male,60000.0
Male,30000.0
Male,41000.0
Male,65000.0
Male,5000.0
Male,67000.0
Female,12000.0
Female,45000.0
Female,29600.0
Female,95000.0
Male,67000.0
Male,100000.0
Male,50000.0
Male,40000.0
Male,140000.0
Female,6700.0
Male,243000.0
Male,220000.0
Female,19000.0
Male,130000.0
Male,30000.0
Female,10000.0
Male,90000.0
Male,145000.0
Female,17000.0
Female,3600.0
Male,61000.0
Male,50000.0
Female,13200.0
Female,90000.0
Female,45000.0
Male,130000.0
Male,40000.0
Female,6500.0
Female,60000.0
Female,50000.0
Female,67000.0
Male,30000.0
Female,15400.0
Male,120000.0
Male,40000.0
Female,82000.0
Female,29000.0
Male,100000.0
Male,80000.0
Female,32000.0
Female,60000.0
Male,80000.0
Male,94000.0
Female,88000.0
Female,31200.0
Female,23000.0
Male,110000.0
Male,65000.0
Male,88000.0
Male,225000.0
Male,82000.0
Female,50000.0
Male,85000.0
Male,99000.0
Male,18000.0
Female,55000.0
Male,30000.0
Male,60000.0
Male,20000.0
Female,43700.0
Female,50000.0
Female,15000.0
Male,60000.0
Female,27000.0
Male,40000.0
Female,17000.0
Male,20000.0
Female,38000.0
Male,45000.0
Female,95000.0
Male,40000.0
Male,28000.0
Male,150000.0
Female,52000.0
Male,50000.0
Male,9000.0
Male,94000.0
Male,49000.0
Female,119000.0
Female,25000.0
Female,29400.0
Female,65000.0
Female,30000.0
Female,57000.0
Male,35000.0
Female,80000.0
Male,120000.0
Female,34800.0
Female,106000.0
Female,42000.0
Male,100000.0
Male,117000.0
Female,30000.0
Female,6000.0
Male,47400.0
Male,45000.0
Female,26700.0
Female,160000.0
Male,125000.0
Female,132000.0
Male,225000.0
Male,200000.0
Female,48000.0
Male,20000.0
Male,22000.0
Female,1000.0
Female,65000.0
Female,55000.0
Male,65000.0
Male,61000.0
Male,75000.0
Male,90000.0
Female,20000.0
Female,63000.0
Male,30000.0
Female,3600.0
Female,55000.0
Male,123000.0
Male,250000.0
Female,90000.0
Female,21700.0
Female,160000.0
Male,50000.0
Male,150000.0
Male,55000.0
Male,36000.0
Male,48000.0
Female,39000.0
Male,75000.0
Male,95000.0
Male,20000.0
Female,55000.0
Male,40000.0
Female,24000.0
Female,25000.0
Male,140000.0
Female,15000.0
Female,120000.0
Male,23000.0
Female,40000.0
Female,23000.0
Female,37000.0
Female,46600.0
Female,40000.0
Male,186000.0
Female,64000.0
Male,38000.0
Male,140000.0
Female,4000.0
Female,51000.0
Female,15000.0
Female,70000.0
Male,58000.0
Female,12000.0
Female,96000.0
Female,46000.0
Female,48000.0
Male,100000.0
Female,2000.0
Male,9800.0
Male,60000.0
Female,40000.0
Male,270000.0
Male,32000.0
Male,30000.0
Male,880.0
Male,138000.0
Female,53000.0
Female,30000.0
Female,40000.0
Male,25200.0
Male,60000.0
Female,18000.0
Female,29900.0
Female,15000.0
Male,20000.0
Female,55000.0
Male,60000.0
Female,130000.0
Female,127000.0
Female,12000.0
Male,55000.0
Male,40000.0
Female,60000.0
Female,22300.0
Female,50000.0
Female,28200.0
Male,118000.0
Female,11700.0
Male,39000.0
Male,42000.0
Male,72000.0
Female,102000.0
Female,240000.0
Female,120000.0
Male,110000.0
Male,175000.0
Male,100000.0
Female,42000.0
Female,50000.0
Male,30700.0
Male,225000.0
Female,29000.0
Male,110000.0
Female,75000.0
Female,60000.0
Female,20000.0
Male,30000.0
Female,200.0
Female,128000.0
Male,25000.0
Female,55000.0
Female,31000.0
Female,150000.0
Female,90000.0
Male,38000.0
Female,60000.0
Female,76000.0
Male,32000.0
Female,60000.0
Female,72000.0
Female,38100.0
Male,101000.0
Female,25000.0
Female,16500.0
Female,10000.0
Female,2600.0
Female,8300.0
Male,38000.0
Female,5000.0
Female,51000.0
Male,74000.0
Male,14000.0
Female,5000.0
Male,119000.0
Female,37000.0
Female,250000.0
Female,14400.0
Male,65000.0
Female,67000.0
Male,60000.0
Male,4400.0
Male,79000.0
Female,50000.0
Male,100000.0
Female,60000.0
Female,39500.0
Female,56000.0
Male,60000.0
Female,28300.0
Male,40000.0
Male,6300.0
Female,40000.0
Male,215000.0
Female,18000.0
Male,115000.0
Female,50000.0
Female,56000.0
Female,72000.0
Female,27000.0
Male,70000.0
Male,12800.0
Female,36000.0
Female,74000.0
Female,30000.0
Female,10000.0
Male,250000.0
Male,158000.0
Female,50000.0
Female,40400.0
Female,16000.0
Female,52000.0
Female,24800.0
Male,100000.0
Female,100000.0
Female,86000.0
Male,300000.0
Female,20000.0
Female,90000.0
Female,20000.0
Female,33000.0
Male,24600.0
Male,135000.0
Female,40000.0
Female,860.0
Male,50000.0
Female,43000.0
Male,40000.0
Male,100000.0
Female,18000.0
Female,42100.0
Female,20000.0
Female,78000.0
Female,27500.0
Female,170000.0
Male,70000.0
Female,100000.0
Female,28000.0
Female,275000.0
Male,64000.0
Female,35000.0
Male,67000.0
Male,170000.0
Male,60000.0
Male,36000.0
Male,100000.0
Male,300.0
Female,40000.0
Male,140000.0
Female,21100.0
Male,150000.0
Female,175000.0
Male,17100.0
Female,60000.0
Male,28200.0
Female,40000.0
Male,120000.0
Male,200000.0
Male,68000.0
Male,35000.0
Male,105000.0
Male,105000.0
Male,50000.0
Male,105000.0
Female,30000.0
Male,97000.0
Female,18000.0
Male,150000.0
Female,33000.0
Female,10500.0
Female,15000.0
Female,69000.0
Male,92000.0
Male,27000.0
Male,150000.0
Female,21600.0
Male,64000.0
Male,14400.0
Male,65000.0
Female,65000.0
Female,20000.0
Female,31000.0
Female,47000.0
Female,135000.0
Male,120000.0
Female,40000.0
Female,4000.0
Male,20000.0
Female,32000.0
Female,3200.0
Male,160000.0
Male,15000.0
Female,90000.0
Male,48000.0
Female,20000.0
Female,130000.0
Female,19000.0
Male,21000.0
Female,63000.0
Male,55000.0
Male,90000.0
Female,5000.0
Male,18000.0
Female,18000.0
Male,72000.0
Male,80000.0
Male,31200.0
Male,100000.0
Male,30000.0
Male,40000.0
Male,35000.0
Female,16800.0
Male,107000.0
Male,24000.0
Male,100000.0
Female,45000.0
Male,19000.0
Female,32000.0
Female,25000.0
Male,31700.0
Male,130000.0
Female,68000.0
Male,60000.0
Male,80000.0
Male,20000.0
Male,130000.0
Female,5000.0
Male,15000.0
Female,37000.0
Male,105000.0
Female,43000.0
Male,47000.0
Male,42000.0
Male,10000.0
Female,3800.0
Male,140000.0
Male,14000.0
Male,64000.0
Male,45000.0
Female,35000.0
Male,70000.0
Male,45000.0
Female,238000.0
Female,23400.0
Female,80000.0
Female,15000.0
Female,75000.0
Male,10800.0
Female,75000.0
Female,32000.0
Female,33900.0
Female,19000.0
Female,750.0
Male,20000.0
Female,16000.0
Male,44000.0
Female,40000.0
Male,40000.0
Male,4100.0
Male,155000.0
Male,58000.0
Female,8000.0
Male,50000.0
Male,85000.0
Male,75000.0
Male,100000.0
Male,72000.0
Female,145000.0
Female,6000.0
Female,28000.0
Male,21000.0
Female,40000.0
Female,80000.0
Female,75000.0
Male,60000.0
Female,14200.0
Male,4700.0
Female,81000.0
Male,41100.0
Male,3000.0
Female,146000.0
Male,68000.0
Male,65000.0
Female,60000.0
Female,18000.0
Female,20000.0
Female,24000.0
Female,43000.0
Female,75000.0
Female,79000.0
Male,4000.0
Male,64000.0
Female,50000.0
Male,90000.0
Female,47000.0
Male,104000.0
Male,165000.0
Male,113000.0
Female,13000.0
Female,28000.0
Female,4000.0
Male,55000.0
Female,80000.0
Male,8000.0
Male,95000.0
Female,55000.0
Male,65000.0
Male,65000.0
Male,140000.0
Female,105000.0
Male,14000.0
Male,170000.0
Male,12000.0
Female,124000.0
Male,195000.0
Male,45000.0
Male,140.0
Female,125000.0
Female,107000.0
Female,81000.0
Male,34600.0
Male,45000.0
Male,100000.0
Male,104000.0
Male,30000.0
Female,15000.0
Female,140000.0
Male,36000.0
Male,60000.0
Female,113000.0
Male,14400.0
Male,30000.0
Male,10000.0
Female,100000.0
Female,1500.0
Male,100000.0
Female,62000.0
Male,19000.0
Female,140000.0
Female,16000.0
Male,80000.0
Male,125000.0
Male,54000.0
Male,62000.0
Female,71000.0
Male,60000.0
Male,24000.0
Male,61000.0
Female,124000.0
Male,27000.0
Male,19000.0
Female,60000.0
Male,42000.0
Male,140000.0
Female,30000.0
Female,69000.0
Female,36000.0
Male,50000.0
Female,80000.0
Female,13000.0
Female,36000.0
Female,35000.0
Male,160000.0
Male,10300.0
Male,55000.0
Male,25000.0
Male,10000.0
Male,85000.0
Male,70000.0
Male,96000.0
Female,57000.0
Male,40000.0
Female,215000.0
Female,21400.0
Male,65000.0
Female,90000.0
Male,24000.0
Female,33700.0
Female,48000.0
Female,68000.0
Female,75000.0
Female,50000.0
Male,80000.0
Male,137000.0
Male,10000.0
Male,500.0
Male,70000.0
Male,52000.0
Male,115000.0
Male,18000.0
Male,135000.0
Male,75000.0
Female,41400.0
Male,108000.0
Female,66000.0
Female,60000.0
Male,150000.0
Female,29000.0
Male,56000.0
Male,100000.0
Male,24000.0
Male,75000.0
Female,10000.0
Male,15000.0
Male,80000.0
Male,80000.0
Male,75000.0
Male,95000.0
Female,121000.0
Male,47000.0
Male,70000.0
Female,42000.0
Male,45800.0
Male,185000.0
Female,52000.0
Female,60000.0
Female,50000.0
Female,70000.0
Male,3000.0
Male,96000.0
Male,20400.0
Female,220000.0
Male,70000.0
Female,23000.0
Male,70000.0
Female,60000.0
Female,15000.0
Female,15000.0
Female,29400.0
Male,175000.0
Male,30000.0
Male,35000.0
Female,115000.0
Male,230000.0
Female,64000.0
Male,101000.0
Male,60000.0
Female,100.0
Female,18800.0
Male,50000.0
Male,43800.0
Female,48000.0
Female,103000.0
Female,220000.0
Male,34000.0
Male,60000.0
Female,42000.0
Female,12000.0
Female,80000.0
Male,55000.0
Female,15000.0
Female,1000.0
Male,100000.0
Female,84000.0
Male,68000.0
Female,32000.0
Male,80000.0
Male,130000.0
Female,81000.0
Male,164000.0
Male,260000.0
Male,18000.0
Female,30000.0
Male,95000.0
Male,2000.0
Female,100000.0
Male,100000.0
Female,18600.0
Male,120000.0
Male,125000.0
Female,73000.0
Male,90000.0
Female,76000.0
Male,20000.0
Male,7000.0
Male,4000.0
Male,132000.0
Female,40000.0
Male,80000.0
Female,38000.0
Male,75000.0
Male,300000.0
Female,32000.0
Female,40000.0
Female,53000.0
Female,150000.0
Female,35000.0
Female,82000.0
Female,18300.0
Female,52000.0
Male,204000.0
Male,140000.0
Male,58000.0
Male,125000.0
Male,48000.0
Female,65000.0
Female,100000.0
Female,4000.0
Female,60000.0
Male,600.0
Female,75000.0
Male,180000.0
Female,3000.0
Male,35000.0
Female,50000.0
Female,250.0
Female,25000.0
Male,115000.0
Female,83000.0
Female,90000.0
Male,160000.0
Female,100000.0
Male,30000.0
Male,20000.0
Male,67000.0
Male,115000.0
Male,100000.0
Male,74000.0
Female,30000.0
Male,40000.0
Female,26000.0
Female,12000.0
Male,247000.0
Male,46000.0
Female,7000.0
Male,100000.0
Female,10000.0
Female,98000.0
Male,54000.0
Female,70000.0
Male,60000.0
Male,300000.0
Female,28000.0
Male,60000.0
Male,100000.0
Female,85000.0
Female,90000.0
Female,74000.0
Male,25000.0
Male,8000.0
Male,125000.0
Male,50000.0
Female,40000.0
Male,120000.0
Female,185000.0
Male,90000.0
Male,80000.0
Female,80000.0
Female,300.0
Male,28000.0
Male,430.0
Female,71000.0
Male,22000.0
Male,35000.0
Female,55000.0
Male,2400.0
Female,130000.0
Male,276000.0
Male,33700.0
Male,130000.0
Male,57000.0
Female,85000.0
Male,80000.0
Female,50000.0
Female,20000.0
Male,3000.0
Female,110000.0
Male,46000.0
Male,30000.0
Male,20000.0
Male,51000.0
Male,40000.0
Female,117000.0
Male,73000.0
Male,300000.0
Male,3200.0
Male,10000.0
Female,10000.0
Female,21000.0
Male,70000.0
Male,620.0
Female,85000.0
Male,10000.0
Male,60000.0
Male,56000.0
Male,2000.0
Female,53000.0
Male,33000.0
Female,58000.0
Female,26000.0
Male,55000.0
Female,9600.0
Male,29000.0
Female,43000.0
Male,8000.0
Male,60000.0
Female,39000.0
Female,70000.0
Male,70000.0
Female,80000.0
Female,55000.0
Male,30000.0
Male,196000.0
Male,90000.0
Male,75000.0
Female,800.0
Female,35000.0
Male,25000.0
Female,7200.0
Male,50000.0
Male,45000.0
Female,20000.0
Male,54000.0
Female,34000.0
Female,45000.0
Female,135000.0
Female,28800.0
Male,35000.0
Male,2000.0
Male,31200.0
Female,11000.0
Male,43000.0
Female,75000.0
Male,32000.0
Male,120000.0
Male,114000.0
Male,63000.0
Female,24000.0
Male,80000.0
Female,50000.0
Female,45000.0
Male,320.0
Male,80000.0
Male,82000.0
Male,44000.0
Male,177000.0
Male,50000.0
Male,135000.0
Female,50000.0
Female,142000.0
Female,20000.0
Female,250000.0
Male,180000.0
Male,140000.0
Male,90000.0
Female,1200.0
Male,42000.0
Female,8000.0
Male,10000.0
Male,60000.0
Female,27000.0
Female,40000.0
Female,59000.0
Male,221000.0
Female,48000.0
Female,12000.0
Female,75000.0
Male,90000.0
Female,64000.0
Male,60000.0
Male,5300.0
Male,42000.0
Male,93000.0
Female,49900.0
Female,45000.0
Male,55000.0
Male,130000.0
Female,13000.0
Female,99000.0
Male,15000.0
Male,70000.0
Male,270000.0
Female,25500.0
Female,100000.0
Female,30000.0
Female,170000.0
Female,92000.0
Male,30000.0
Female,50000.0
Male,50000.0
Female,13200.0
Male,20000.0
Male,2000.0
Male,64000.0
Male,80000.0
Male,115000.0
Male,49300.0
Male,4000.0
Female,24000.0
Male,6900.0
Male,1000.0
Female,11000.0
Male,16300.0
Female,82000.0
Female,6600.0
Female,13600.0
Male,70000.0
Female,80000.0
Female,68000.0
Female,27000.0
Female,27000.0
Female,31600.0
Female,125000.0
Male,40000.0
Male,75000.0
Male,23600.0
Male,42000.0
Male,13000.0
Male,32000.0
Female,30000.0
Female,74000.0
Male,18000.0
Female,100000.0
Female,23600.0
Male,40000.0
Male,100000.0
Male,40000.0
Male,22000.0
Male,135000.0
Male,50000.0
Female,12000.0
Male,125000.0
Female,18000.0
Male,42000.0
Male,54000.0
Male,60000.0
Female,80000.0
Female,13300.0
Male,60000.0
Male,41500.0
Female,90000.0
Male,110000.0
Female,15000.0
Male,28000.0
Female,20200.0
Female,50000.0
Female,13000.0
Female,128000.0
Male,94000.0
Female,62000.0
Female,150000.0
Male,130000.0
Female,134000.0
Male,29800.0
Male,51000.0
Female,17000.0
Male,5000.0
Male,45000.0
Male,48000.0
Female,25000.0
Male,40000.0
Female,1500.0
Female,54000.0
Male,165000.0
Male,135000.0
Male,145000.0
Male,150000.0
Male,25000.0
Male,68000.0
Female,30000.0
Female,105000.0
Male,1000.0
Female,26900.0
Male,42000.0
Male,25000.0
Male,63000.0
Female,59000.0
Female,600.0
Male,90000.0
Male,97000.0
Female,120000.0
Male,70000.0
Female,70000.0
Female,35000.0
Male,50000.0
Male,44700.0
Female,70000.0
Male,160000.0
Male,5000.0
Female,17000.0
Male,50000.0
Female,10000.0
Female,34000.0
Male,28000.0
Female,176000.0
Female,12500.0
Male,9000.0
Female,35000.0
Female,30000.0
Male,70000.0
Male,142000.0
Male,20000.0
Male,39500.0
Male,180000.0
Male,94000.0
Female,60000.0
Female,55000.0
Male,44000.0
Male,10600.0
Female,54000.0
Male,56000.0
Female,96000.0
Male,7000.0
Male,70000.0
Male,104000.0
Female,65000.0
Female,37000.0
Female,1000.0
Male,56000.0
Female,3000.0
Male,12000.0
Male,117000.0
Female,90000.0
Male,44000.0
Female,28600.0
Female,70000.0
Male,75000.0
Male,45000.0
Male,100000.0
Male,24000.0
Female,60000.0
Male,700.0
Male,105000.0
Male,8000.0
Female,32000.0
Male,97000.0
Female,25000.0
Male,71000.0
Male,120000.0
Male,62000.0
Male,37000.0
Female,46000.0
Male,25000.0
Male,27000.0
Male,150000.0
Female,40000.0
Female,70000.0
Female,68000.0
Male,70000.0
Female,45000.0
Female,13000.0
Female,25700.0
Male,950.0
Male,120000.0
Male,33000.0
Female,62000.0
Female,8500.0
Male,60000.0
Male,19000.0
Male,9600.0
Male,85000.0
Female,77000.0
Female,30000.0
Female,74000.0
Male,51000.0
Male,67000.0
Male,44200.0
Female,35000.0
Male,40000.0
Male,79000.0
Female,60000.0
Male,90000.0
Female,94000.0
Female,29000.0
Female,80000.0
Male,110000.0
Male,85000.0
Female,64000.0
Male,3500.0
Male,26400.0
Male,28600.0
Male,400.0
Male,34200.0
Male,40000.0
Male,33600.0
Female,55000.0
Male,110000.0
Female,200000.0
Female,25000.0
Male,65000.0
Female,60000.0
Male,63000.0
Male,60000.0
Male,120000.0
Male,58000.0
Female,15000.0
Female,36000.0
Female,10000.0
Female,40000.0
Female,15700.0
Male,29000.0
Male,200000.0
Male,40000.0
Male,47800.0
Male,16000.0
Male,144000.0
Female,120.0
Female,21000.0
Female,8000.0
Male,60000.0
Male,125000.0
Male,48000.0
Male,90000.0
Male,24000.0
Male,125000.0
Female,48000.0
Male,85000.0
Male,115000.0
Female,107000.0
Male,80000.0
Female,250.0
Female,127000.0
Male,114000.0
Female,42000.0
Male,70000.0
Female,8100.0
Male,170000.0
Female,31200.0
Female,40000.0
Female,8000.0
Female,54000.0
Female,12000.0
Male,54000.0
Male,150000.0
Male,100000.0
Male,65000.0
Female,55000.0
Male,81000.0
Male,36000.0
Male,200000.0
Female,40000.0
Female,900.0
Male,145000.0
Female,19000.0
Female,50000.0
Male,77000.0
Female,8100.0
Female,60000.0
Male,33600.0
Male,14400.0
Male,15500.0
Male,30000.0
Male,75000.0
Female,75000.0
Male,39000.0
Female,90000.0
Male,100000.0
Female,20000.0
Male,40000.0
Female,7000.0
Male,100000.0
Female,52000.0
Female,21100.0
Male,24000.0
Male,60000.0
Female,100000.0
Male,36000.0
Male,46000.0
Male,140000.0
Male,8000.0
Female,37000.0
Female,53000.0
Female,85000.0
Female,24000.0
Male,9000.0
Male,120000.0
Female,75000.0
Female,2000.0
Female,40000.0
Male,180000.0
Female,189000.0
Female,2000.0
Female,50000.0
Female,190000.0
Female,50000.0
Female,52000.0
Male,30000.0
Male,24000.0
Male,37700.0
Female,22000.0
Male,19500.0
Female,7000.0
Female,144000.0
Female,50000.0
Female,42000.0
Male,12000.0
Female,60000.0
Female,40000.0
Female,47000.0
Female,188000.0
Female,39200.0
Female,2000.0
Female,49000.0
Male,8000.0
Male,45000.0
Female,15000.0
Male,80000.0
Male,32000.0
Female,157000.0
Male,170000.0
Female,640.0
Female,78000.0
Male,102000.0
Male,99000.0
Male,25000.0
Female,12000.0
Female,88000.0
Female,20000.0
Female,113000.0
Male,100000.0
Female,90000.0
Male,100000.0
Female,55000.0
Female,60000.0
Male,72000.0
Male,150000.0
Female,80000.0
Male,60000.0
Female,30000.0
Male,60000.0
Female,56000.0
Female,60000.0
Female,50000.0
Male,82000.0
Male,32000.0
Male,100000.0
Female,50000.0
Female,86000.0
Male,150000.0
Female,180000.0
Female,250000.0
Female,17000.0
Female,22500.0
Male,67000.0
Male,68000.0
Female,90000.0
Female,175000.0
Female,16500.0
Female,65000.0
Male,50000.0
Male,500.0
Male,48000.0
Female,35000.0
Male,40000.0
Male,130000.0
Male,86000.0
Male,14000.0
Male,6000.0
Female,3000.0
Male,120000.0
Female,32000.0
Female,150000.0
Female,32000.0
Male,520.0
Female,40000.0
Female,130.0
Male,190000.0
Female,25000.0
Female,32000.0
Male,2000.0
Male,15000.0
Male,19000.0
Male,70000.0
Male,79000.0
Female,24000.0
Male,96000.0
Male,93000.0
Male,40000.0
Male,90000.0
Female,27000.0
Male,42900.0
Male,31000.0
Female,30700.0
Female,37000.0
Female,145000.0
Male,20000.0
Female,30000.0
Male,129000.0
Male,36000.0
Female,32000.0
Female,6000.0
Female,70000.0
Female,15000.0
Male,150000.0
Female,92000.0
Male,25000.0
Male,128000.0
Male,100000.0
Female,20000.0
Female,35000.0
Female,5000.0
Male,8000.0
Female,54000.0
Male,22500.0
Male,8000.0
Female,30000.0
Male,47000.0
Male,25000.0
Female,48000.0
Male,85000.0
Female,116000.0
Male,60000.0
Female,2500.0
Male,28100.0
Female,49000.0
Female,100000.0
Male,94000.0
Female,5000.0
Male,200000.0
Female,9200.0
Male,250000.0
Male,27200.0
Male,20000.0
Female,6000.0
Male,2000.0
Female,60000.0
Female,31500.0
Male,40000.0
Male,150000.0
Female,15000.0
Male,147000.0
Female,76000.0
Female,2400.0
Male,20000.0
Male,79000.0
Male,29000.0
Male,61000.0
Female,6000.0
Male,6000.0
Female,10000.0
Male,110000.0
Male,85000.0
Male,40000.0
Male,20000.0
Female,12300.0
Male,110000.0
Female,50.0
Male,45000.0
Female,27300.0
Male,20000.0
Male,160000.0
Female,101000.0
Male,30000.0
Male,22000.0
Female,184000.0
Male,90000.0
Male,37000.0
Female,42000.0
Male,42000.0
Male,100000.0
Male,15000.0
Female,50000.0
Female,25000.0
Female,72000.0
Male,168000.0
Female,30000.0
Male,86000.0
Female,65000.0
Female,60000.0
Male,64000.0
Female,20000.0
Male,8400.0
Male,45000.0
Male,60000.0
Male,15000.0
Male,125000.0
Male,20000.0
Male,46000.0
Female,97000.0
Female,53000.0
Female,15000.0
Male,165000.0
Female,61000.0
Male,25000.0
Female,30000.0
Female,30000.0
Female,12000.0
Female,112000.0
Female,7000.0
Male,65000.0
Male,58000.0
Male,67000.0
Male,55000.0
Male,250000.0
Female,75000.0
Male,600.0
Male,55000.0
Female,22000.0
Male,245000.0
Male,36000.0
Male,28000.0
Female,99000.0
Female,7000.0
Female,235000.0
Male,45000.0
Male,100000.0
Female,85000.0
Male,232000.0
Female,32000.0
Female,75000.0
Male,10000.0
Male,35000.0
Female,16200.0
Female,6000.0
Male,70000.0
Male,35000.0
Male,100000.0
Male,130000.0
Male,80000.0
Female,130000.0
Female,57000.0
Male,118000.0
Male,3500.0
Female,30800.0
Female,8500.0
Female,75000.0
Male,72000.0
Female,55000.0
Female,11300.0
Female,80000.0
Female,35000.0
Male,5800.0
Female,53000.0
Male,180000.0
Male,165000.0
Female,70000.0
Female,40000.0
Male,3000.0
Male,15000.0
Female,25000.0
Male,100000.0
Male,46000.0
Male,4000.0
Female,54000.0
Female,80000.0
Female,16300.0
Male,65000.0
Female,25000.0
Female,3000.0
Male,24000.0
Female,97000.0
Male,175000.0
Male,100000.0
Male,93000.0
Female,122000.0
Male,90000.0
Male,18000.0
Male,70000.0
Male,200000.0
Male,70000.0
Female,47000.0
Male,76000.0
Female,53000.0
Female,28300.0
Female,24000.0
Female,41000.0
Female,22000.0
Male,14000.0
Male,28000.0
Male,55000.0
Female,44200.0
Female,18100.0
Female,23000.0
Female,45000.0
Male,21500.0
Male,4000.0
Male,40000.0
Female,50000.0
Female,40000.0
Female,50000.0
Female,3500.0
Female,77000.0
Male,40000.0
Female,68000.0
Female,140000.0
Female,5000.0
Male,180000.0
Male,13000.0
Male,170000.0
Male,45000.0
Male,48000.0
Female,12000.0
Male,52000.0
Male,36000.0
Male,65000.0
Male,18300.0
Male,24000.0
Male,33000.0
Male,36500.0
Female,71000.0
Male,28000.0
Male,100000.0
Male,19400.0
Male,6000.0
Female,115000.0
Female,107000.0
Female,50000.0
Female,10000.0
Female,30000.0
Male,84000.0
Female,40000.0
Male,47000.0
Male,61000.0
Female,560.0
Female,79000.0
Male,50000.0
Male,65000.0
Female,25000.0
Female,16000.0
Male,65000.0
Female,34600.0
Male,100000.0
Female,115000.0
Male,50000.0
Female,50000.0
Male,95000.0
Female,125000.0
Male,48000.0
Female,54000.0
Female,56000.0
Female,32200.0
Male,35000.0
Male,120000.0
Female,4400.0
Male,39400.0
Female,29000.0
Male,135000.0
Female,5000.0
Male,28000.0
Male,175000.0
Male,115000.0
Male,80000.0
Female,100000.0
Male,6000.0
Female,150000.0
Male,35000.0
Male,90000.0
Male,19000.0
Female,17800.0
Female,75000.0
Female,55000.0
Male,500.0
Female,170000.0
Female,14700.0
Male,65000.0
Female,39500.0
Female,80000.0
Male,55000.0
Female,70000.0
Female,130000.0
Female,15900.0
Male,58000.0
Male,40000.0
Male,21800.0
Female,78000.0
Female,26000.0
Male,90000.0
Male,100000.0
Male,19000.0
Female,130000.0
Male,65000.0
Male,55000.0
Female,36000.0
Male,73000.0
Female,45000.0
Female,3600.0
Male,180000.0
Male,107000.0
Female,27000.0
Male,4000.0
Female,11500.0
Female,32000.0
Female,57000.0
Female,300000.0
Female,68000.0
Female,14000.0
Female,5000.0
Male,98000.0
Male,150000.0
Male,75000.0
Male,60000.0
Male,34000.0
Female,65000.0
Male,28000.0
Female,200000.0
Female,30000.0
Female,27000.0
Male,50000.0
Male,45000.0
Female,3800.0
Male,60000.0
Male,62000.0
Female,31600.0
Male,80000.0
Male,20000.0
Male,55000.0
Female,27000.0
Female,30000.0
Male,12000.0
Male,85000.0
Female,31000.0
Male,62000.0
Female,30000.0
Female,27000.0
Male,60000.0
Female,32000.0
Male,120000.0
Female,66000.0
Male,195000.0
Male,21000.0
Male,71000.0
Male,150000.0
Female,36300.0
Male,60000.0
Male,68000.0
Male,5000.0
Male,125000.0
Male,44000.0
Male,4000.0
Male,48000.0
Female,11000.0
Female,60000.0
Male,42000.0
Male,23600.0
Female,89000.0
Female,48000.0
Male,20000.0
Female,26000.0
Female,20700.0
Female,8000.0
Male,100000.0
Male,110000.0
Male,60000.0
Female,5000.0
Male,2000.0
Female,40000.0
Female,14400.0
Female,15400.0
Male,7800.0
Male,12000.0
Female,30600.0
Female,80000.0
Male,160000.0
Male,48000.0
Male,24000.0
Male,78000.0
Male,11000.0
Female,40000.0
Female,5000.0
Male,12000.0
Male,22000.0
Male,1500.0
Female,36000.0
Female,50000.0
Male,118000.0
Female,47500.0
Male,63000.0
Female,27000.0
Male,35000.0
Male,85000.0
Female,85000.0
Male,40000.0
Male,112000.0
Male,230000.0
Female,11000.0
Female,55000.0
Female,8000.0
Female,18000.0
Male,12000.0
Male,200000.0
Male,46900.0
Male,40000.0
Female,50000.0
Female,55000.0
Male,39000.0
Male,50000.0
Female,40000.0
Male,60000.0
Female,55000.0
Male,6000.0
Female,85000.0
Male,42000.0
Male,90000.0
Male,152000.0
Female,40000.0
Female,62000.0
Female,89000.0
Female,3000.0
Male,12000.0
Female,15000.0
Male,98000.0
Male,56000.0
Male,75000.0
Female,45000.0
Male,140000.0
Female,34000.0
Male,25000.0
Male,90000.0
Male,5200.0
Male,5000.0
Female,73000.0
Male,47000.0
Female,45000.0
Male,5000.0
Male,4000.0
Male,46000.0
Male,150000.0
Female,13400.0
Female,8000.0
Female,51000.0
Female,32000.0
Female,106000.0
Female,34000.0
Male,80000.0
Female,56000.0
Male,40000.0
Male,130000.0
Female,24000.0
Female,35000.0
Female,20000.0
Female,20000.0
Female,20000.0
Female,5000.0
Male,15000.0
Female,42000.0
Male,91000.0
Female,25300.0
Male,150000.0
Male,72000.0
Male,48000.0
Male,75000.0
Female,170000.0
Female,18000.0
Male,65000.0
Female,15000.0
Female,80000.0
Male,3600.0
Female,29000.0
Male,40000.0
Male,90000.0
Male,50000.0
Female,15000.0
Female,40000.0
Female,43500.0
Male,113000.0
Female,55000.0
Female,114000.0
Male,220000.0
Male,55000.0
Male,40000.0
Female,15000.0
Female,32000.0
Male,36000.0
Male,70000.0
Male,38400.0
Female,85000.0
Male,3000.0
Male,240000.0
Male,50000.0
Female,46600.0
Female,32000.0
Male,1500.0
Male,76000.0
Male,45000.0
Male,80000.0
Male,64000.0
Male,20000.0
Male,31900.0
Male,22700.0
Male,125000.0
Female,25000.0
Male,3600.0
Female,68000.0
Female,44000.0
Male,126000.0
Male,25000.0
Male,250000.0
Female,27000.0
Male,79000.0
Female,25000.0
Female,100000.0
Female,15000.0
Male,3000.0
Female,3400.0
Female,20000.0
Male,55000.0
Female,20000.0
Male,15000.0
Male,38800.0
Male,60000.0
Female,150000.0
Male,91000.0
Male,40000.0
Male,30800.0
Female,40000.0
Female,100000.0
Male,20100.0
Female,77000.0
Female,40000.0
Female,120000.0
Male,75000.0
Male,24000.0
Female,45000.0
Male,50000.0
Female,85000.0
Female,41500.0
Female,13000.0
Male,90000.0
Male,90000.0
Male,67000.0
Female,28400.0
Female,140000.0
Male,250000.0
Female,3000.0
Male,38400.0
Male,22000.0
Male,130000.0
Female,50000.0
Female,30000.0
Male,50000.0
Female,64000.0
Male,65000.0
Female,14000.0
Female,80000.0
Female,90000.0
Female,85000.0
Female,16300.0
Male,72000.0
Male,20000.0
Male,180000.0
Female,2500.0
Female,108000.0
Male,35000.0
Male,25000.0
Male,60000.0
Male,18700.0
Female,1000.0
Male,24000.0
Male,2000.0
Male,48000.0
Male,89000.0
Male,295000.0
Female,35000.0
Female,13500.0
Male,70000.0
Female,52000.0
Female,45000.0
Male,55000.0
Female,45000.0
Male,79000.0
Female,67000.0
Male,40000.0
Male,120.0
Female,37300.0
Male,85000.0
Male,75000.0
Female,36000.0
Female,5000.0
Male,74000.0
Male,2000.0
Male,90000.0
Female,20800.0
Female,54000.0
Female,23500.0
Female,43000.0
Male,45000.0
Male,72000.0
Male,16300.0
Female,65000.0
Male,44000.0
Female,63000.0
Female,14000.0
Male,65000.0
Female,140000.0
Male,225000.0
Female,179000.0
Male,1500.0
Male,59000.0
Female,10000.0
Female,130000.0
Male,90000.0
Female,15000.0
Female,50000.0
Female,126000.0
Female,53000.0
Male,45000.0
Male,4000.0
Male,150000.0
Male,32000.0
Female,4800.0
Male,40000.0
Male,70000.0
Female,62000.0
Male,90000.0
Male,90000.0
Male,500.0
Male,100000.0
Male,60000.0
Female,110000.0
Female,47900.0
Male,240000.0
Female,67000.0
Female,1400.0
Male,84000.0
Female,60000.0
Male,214000.0
Male,40000.0
Female,74000.0
Male,178000.0
Female,212000.0
Male,100000.0
Female,84000.0
Female,30000.0
Female,45000.0
Male,24000.0
Male,101000.0
Female,30000.0
Male,2200.0
Male,76000.0
Male,200000.0
Female,40000.0
Male,40000.0
Female,80000.0
Female,26400.0
Male,105000.0
Female,33200.0
Female,44900.0
Male,94000.0
Female,20000.0
Female,5000.0
Male,72000.0
Female,14000.0
Female,104000.0
Female,25000.0
Male,250000.0
Female,113000.0
Male,25000.0
Female,95000.0
Male,60000.0
Female,130000.0
Male,40000.0
Male,41200.0
Male,99000.0
Female,60000.0
Male,44000.0
Male,39500.0
Female,26000.0
Female,36400.0
Male,70000.0
Female,50000.0
Female,78000.0
Female,67000.0
Female,12000.0
Male,30000.0
Male,18000.0
Female,32000.0
Male,14400.0
Female,2500.0
Female,56000.0
Male,27000.0
Male,185000.0
Female,82000.0
Female,64000.0
Female,10000.0
Female,58000.0
Male,110000.0
Female,30000.0
Female,22000.0
Female,60000.0
Female,102000.0
Male,42900.0
Male,134000.0
Male,43000.0
Male,70000.0
Male,44000.0
Female,13000.0
Female,16300.0
Male,7900.0
Female,69000.0
Male,196000.0
Female,19000.0
Male,2300.0
Female,200000.0
Female,95000.0
Female,17000.0
Female,7200.0
Male,42000.0
Male,121000.0
Female,500.0
Male,118000.0
Female,40000.0
Male,73000.0
Female,105000.0
Female,24000.0
Male,790.0
Male,14000.0
Male,15000.0
Female,37000.0
Male,146000.0
Female,68000.0
Female,9500.0
Female,40000.0
Female,20000.0
Male,50000.0
Male,15000.0
Female,100000.0
Female,250000.0
Female,156000.0
Male,75000.0
Female,25000.0
Female,3000.0
Male,20000.0
Male,30000.0
Female,60000.0
Female,25000.0
Female,125000.0
Male,125000.0
Female,15700.0
Female,41900.0
Male,220000.0
Male,31000.0
Male,30000.0
Female,12000.0
Male,2000.0
Male,84000.0
Male,155000.0
Female,3000.0
Male,84000.0
Male,57000.0
Male,200000.0
Male,60000.0
Female,95000.0
Male,60000.0
Female,4200.0
Male,55000.0
Female,30000.0
Male,74000.0
Female,120000.0
Male,170000.0
Female,27000.0
Male,20000.0
Female,43000.0
Female,85000.0
Male,46000.0
Female,20800.0
Male,70000.0
Male,74000.0
Male,30000.0
Male,67000.0
Female,84000.0
Female,40000.0
Male,70000.0
Male,42000.0
Female,16400.0
Female,94000.0
Female,164000.0
Male,45000.0
Female,110000.0
Female,25200.0
Female,5600.0
Female,1300.0
Male,20000.0
Male,100000.0
Female,8000.0
Male,55000.0
Male,2600.0
Male,155000.0
Female,30000.0
Male,58000.0
Female,60000.0
Female,120000.0
Female,90000.0
Male,25000.0
Male,72000.0
Male,145000.0
Male,89000.0
Male,20000.0
Female,800.0
Male,40000.0
Male,24000.0
Male,60000.0
Male,150000.0
Male,60000.0
Male,67000.0
Female,110000.0
Female,85000.0
Male,85000.0
Female,53000.0
Female,40000.0
Female,100000.0
Male,108000.0
Female,18200.0
Male,15000.0
Male,40000.0
Female,91000.0
Female,21000.0
Female,3000.0
Male,45000.0
Female,78000.0
Female,15000.0
Male,74000.0
Female,56000.0
Female,98000.0
Male,52000.0
Female,49000.0
Male,9500.0
Male,86000.0
Female,46000.0
Male,165000.0
Male,3300.0
Male,65000.0
Female,40000.0
Male,100000.0
Female,63000.0
Male,100000.0
Male,110000.0
Female,30000.0
Female,300000.0
Male,110000.0
Male,94000.0
Male,5000.0
Female,24000.0
Female,19000.0
Female,70000.0
Female,40000.0
Male,75000.0
Female,39000.0
Male,65000.0
Male,40000.0
Female,20000.0
Male,400.0
Female,8000.0
Male,20000.0
Female,6900.0
Male,51000.0
Male,225000.0
Female,72000.0
Female,75000.0
Male,60000.0
Male,38000.0
Female,95000.0
Female,105000.0
Male,83000.0
Female,145000.0
Male,76000.0
Female,62000.0
Male,40000.0
Female,46000.0
Male,26000.0
Male,77000.0
Female,36000.0
Male,100000.0
Female,45000.0
Male,125000.0
Male,1000.0
Female,109000.0
Male,28000.0
Male,4700.0
Male,41600.0
Female,34500.0
Male,56000.0
Female,110000.0
Female,33800.0
Male,80000.0
Female,80000.0
Female,10000.0
Male,33000.0
Male,45000.0
Female,100000.0
Female,180000.0
Male,125000.0
Male,120000.0
Female,40000.0
Male,75000.0
Female,48000.0
Male,70000.0
Female,80000.0
Male,35000.0
Female,4000.0
Male,35000.0
Female,60000.0
Female,150000.0
Male,85000.0
Female,35000.0
Male,130000.0
Male,27000.0
Male,42000.0
Female,122000.0
Female,5000.0
Male,110000.0
Female,30000.0
Male,60000.0
Male,100000.0
Male,180000.0
Male,104000.0
Female,60000.0
Male,17000.0
Female,87000.0
Male,160000.0
Female,150000.0
Male,24000.0
Male,125000.0
Male,150000.0
Male,30000.0
Female,50000.0
Male,165000.0
Male,15000.0
Male,215000.0
Female,35000.0
Female,109000.0
Male,24000.0
Female,60000.0
Female,54000.0
Male,63000.0
Male,225000.0
Male,250000.0
Female,30000.0
Female,130000.0
Male,278000.0
Female,52000.0
Male,9500.0
Male,28500.0
Male,68000.0
Female,60000.0
Female,22300.0
Female,100000.0
Female,160000.0
Male,22900.0
Male,3000.0
Male,62000.0
Female,42000.0
Male,55000.0
Female,40000.0
Male,300000.0
Male,45000.0
Female,115000.0
Female,60000.0
Female,86000.0
Male,55000.0
Female,80000.0
Male,56000.0
Male,80000.0
Male,20000.0
Female,4000.0
Female,160000.0
Male,110000.0
Female,21000.0
Female,1000.0
Male,110000.0
Male,33000.0
Male,60000.0
Female,44000.0
Female,40000.0
Female,30000.0
Female,80000.0
Male,106000.0
Male,50000.0
Male,150000.0
Female,19000.0
Female,39000.0
Female,106000.0
Female,28000.0
Male,127000.0
Male,20000.0
Male,250000.0
Male,150000.0
Male,180000.0
Female,240000.0
Female,25000.0
Male,9500.0
Female,40000.0
Male,50000.0
Female,153000.0
Female,24300.0
Female,45000.0
Female,4500.0
Female,15000.0
Male,300000.0
Female,23000.0
Female,25000.0
Female,65000.0
Female,6000.0
Male,54000.0
Female,35800.0
Male,72000.0
Male,25000.0
Male,24000.0
Male,8000.0
Male,3000.0
Male,50000.0
Male,54000.0
Female,300.0
Female,60000.0
Female,40000.0
Male,80000.0
Female,5000.0
Female,95000.0
Male,3000.0
Male,40000.0
Male,780.0
Female,40000.0
Male,137000.0
Male,185000.0
Female,19100.0
Female,65000.0
Female,35000.0
Male,58000.0
Female,22000.0
Female,25000.0
Male,60000.0
Female,78000.0
Male,22000.0
Male,40000.0
Male,70000.0
Male,17000.0
Female,4200.0
Male,130000.0
Male,70000.0
Female,135000.0
Female,150000.0
Male,100000.0
Female,170000.0
Male,60000.0
Female,57000.0
Male,53000.0
Male,100000.0
Male,4000.0
Female,80000.0
Female,60000.0
Female,59000.0
Female,45000.0
Male,54000.0
Female,24000.0
Male,55000.0
Female,3100.0
Female,80000.0
Male,58000.0
Female,5000.0
Female,71000.0
Male,135000.0
Male,80000.0
Male,55000.0
Female,197000.0
Female,36000.0
Female,80000.0
Female,42000.0
Male,135000.0
Female,32000.0
Male,75000.0
Male,200000.0
Male,96000.0
Male,50000.0
Female,45000.0
Female,45000.0
Female,20000.0
Female,150000.0
Male,28000.0
Female,95000.0
Male,123000.0
Male,60000.0
Male,100000.0
Male,4500.0
Male,65000.0
Male,20000.0
Male,42000.0
Female,50000.0
Female,35000.0
Male,45000.0
Female,32000.0
Female,20000.0
Male,28000.0
Male,65000.0
Male,8500.0
Male,50000.0
Male,126000.0
Female,700.0
Male,75000.0
Female,100000.0
Female,20600.0
Male,72000.0
Male,45200.0
Female,40000.0
Female,20000.0
Male,45000.0
Male,80000.0
Female,1000.0
Female,14400.0
Female,63000.0
Male,67000.0
Male,6400.0
Male,29000.0
Female,37000.0
Female,86000.0
Male,55000.0
Female,150000.0
Male,50000.0
Male,43200.0
Male,120000.0
Female,79000.0
Female,2000.0
Male,30000.0
Male,27200.0
Female,38000.0
Male,18000.0
Male,34000.0
Male,250000.0
Female,160000.0
Male,75000.0
Female,6500.0
Female,46600.0
Female,55000.0
Male,52000.0
Male,70000.0
Male,55000.0
Female,60000.0
Male,117000.0
Female,3200.0
Male,65000.0
Female,30900.0
Male,35800.0
Female,14000.0
Female,30000.0
Male,10000.0
Female,20000.0
Male,25000.0
Female,1000.0
Male,67000.0
Male,37500.0
Male,60000.0
Female,45000.0
Male,138000.0
Male,60000.0
Female,32000.0
Male,46800.0
Female,40000.0
Male,91000.0
Male,55000.0
Male,30000.0
Male,10000.0
Female,48000.0
Male,48000.0
Female,115000.0
Male,100000.0
Female,132000.0
Male,106000.0
Male,5000.0
Female,61000.0
Male,200000.0
Male,72000.0
Male,27000.0
Male,64000.0
Female,24000.0
Male,30000.0
Female,21000.0
Female,45000.0
Male,25000.0
Female,42200.0
Female,101000.0
Male,47000.0
Male,66000.0
Male,33600.0
Male,15000.0
Female,32000.0
Female,36000.0
Female,100000.0
Female,20000.0
Male,80000.0
Female,128000.0
Male,15000.0
Male,27100.0
Male,36400.0
Male,30000.0
Male,39000.0
Male,120000.0
Female,7000.0
Male,75000.0
Male,46000.0
Female,25000.0
Male,138000.0
Male,188000.0
Female,25000.0
Male,130000.0
Female,5000.0
Male,78000.0
Male,12000.0
Female,60000.0
Male,24000.0
Male,86000.0
Male,40000.0
Female,800.0
Female,40000.0
Male,102000.0
Male,65000.0
Female,870.0
Female,24000.0
Female,78000.0
Female,200000.0
Male,40000.0
Female,40000.0
Male,55000.0
Female,35000.0
Male,470.0
Male,75000.0
Male,130000.0
Male,25000.0
Female,16100.0
Male,55000.0
Female,60000.0
Male,25000.0
Male,41600.0
Male,50000.0
Female,19000.0
Male,35000.0
Female,75000.0
Male,70000.0
Female,750.0
Female,63000.0
Female,28000.0
Female,14100.0
Male,200000.0
Male,60000.0
Female,10000.0
Female,140000.0
Male,40000.0
Male,60000.0
Female,275000.0
Female,85000.0
Male,80000.0
Male,250000.0
Male,44000.0
Female,60000.0
Female,85000.0
Female,49500.0
Female,31900.0
Male,45000.0
Male,9000.0
Female,82000.0
Male,19500.0
Female,39000.0
Female,80000.0
Female,54000.0
Female,250000.0
Male,35000.0
Female,32000.0
Female,40000.0
Male,35000.0
Male,130000.0
Female,36000.0
Female,24000.0
Male,130000.0
Male,70000.0
Male,52000.0
Male,35000.0
Male,59000.0
Female,18000.0
Male,46300.0
Female,45000.0
Male,104000.0
Male,108000.0
Female,55000.0
Female,25000.0
Female,31000.0
Female,69000.0
Female,40000.0
Female,115000.0
Male,58000.0
Male,100000.0
Female,45000.0
Male,85000.0
Male,44000.0
Male,55000.0
Male,50000.0
Female,60000.0
Female,45000.0
Male,164000.0
Female,65000.0
Female,4000.0
Male,38000.0
Female,125000.0
Male,60000.0
Male,66000.0
Female,3000.0
Male,50000.0
Male,22000.0
Female,26000.0
Female,6000.0
Male,53000.0
Male,195000.0
Male,150000.0
Male,32800.0
Male,30000.0
Male,32000.0
Male,10700.0
Female,80000.0
Female,134000.0
Female,31000.0
Female,140000.0
Male,34000.0
Male,15000.0
Male,22500.0
Female,5000.0
Female,44000.0
Male,40000.0
Female,4000.0
Male,87000.0
Male,59000.0
Male,82000.0
Male,37000.0
Male,45000.0
Female,28000.0
Male,20000.0
Female,32000.0
Male,20800.0
Female,68000.0
Male,55000.0
Female,70000.0
Female,110000.0
Female,38000.0
Female,29000.0
Female,8700.0
Female,10000.0
Male,180000.0
Male,89000.0
Male,120000.0
Male,65000.0
Male,83000.0
Male,30000.0
Female,20000.0
Male,15000.0
Female,83000.0
Male,54000.0
Male,150000.0
Male,100000.0
Male,120000.0
Male,100000.0
Male,47000.0
Female,7000.0
Male,119000.0
Female,110000.0
Female,7000.0
Male,100000.0
Male,90000.0
Female,20000.0
Male,67000.0
Female,61000.0
Female,8000.0
Male,125000.0
Male,12000.0
Male,10000.0
Male,9600.0
Female,14400.0
Female,15000.0
Female,124000.0
Female,10000.0
Male,68000.0
Male,20000.0
Male,90000.0
Male,28000.0
Female,9000.0
Female,60000.0
Male,104000.0
Female,90000.0
Male,39000.0
Male,75000.0
Female,13200.0
Female,61000.0
Female,39000.0
Female,76000.0
Male,16000.0
Female,22900.0
Female,5000.0
Male,90000.0
Female,55000.0
Male,83000.0
Female,16000.0
Male,75000.0
Male,16000.0
Male,140000.0
Male,40000.0
Female,55000.0
Female,32000.0
Female,30600.0
Female,3200.0
Female,61000.0
Female,90000.0
Female,75000.0
Male,8200.0
Male,115000.0
Female,52000.0
Male,75000.0
Female,59000.0
Male,45000.0
Female,125000.0
Female,30000.0
Female,77000.0
Male,248000.0
Female,20800.0
Female,51000.0
Female,55000.0
Female,11700.0
Female,87000.0
Female,32000.0
Male,8000.0
Female,245000.0
Male,120000.0
Male,94000.0
Female,22000.0
Female,1200.0
Female,1500.0
Female,32000.0
Male,50000.0
Male,80000.0
Female,70000.0
Female,30700.0
Female,17000.0
Female,26700.0
Female,40000.0
Male,93000.0
Male,87000.0
Female,30000.0
Female,106000.0
Male,120000.0
Male,51000.0
Male,40000.0
Female,82000.0
Female,100000.0
Female,45000.0
Female,122000.0
Male,22000.0
Female,56000.0
Male,42000.0
Male,11000.0
Female,43700.0
Male,6200.0
Female,12000.0
Male,90000.0
Male,90000.0
Male,4000.0
Female,149000.0
Female,5000.0
Male,50000.0
Female,24000.0
Female,45000.0
Female,156000.0
Female,95000.0
Female,10000.0
Female,112000.0
Male,60000.0
Male,50000.0
Male,25000.0
Male,71000.0
Male,60000.0
Female,25000.0
Female,17000.0
Female,30000.0
Male,90000.0
Male,32000.0
Female,160000.0
Female,79000.0
Male,60000.0
Male,55000.0
Female,90000.0
Male,25600.0
Male,84000.0
Female,18000.0
Female,50000.0
Male,28000.0
Male,70000.0
Male,50000.0
Female,70000.0
Male,20000.0
Male,110000.0
Female,75000.0
Male,86000.0
Male,45000.0
Male,50000.0
Male,134000.0
Female,45000.0
Female,135000.0
Male,135000.0
Male,140000.0
Female,24000.0
Male,75000.0
Female,25000.0
Male,55000.0
Female,36600.0
Male,40000.0
Female,270000.0
Female,100000.0
Male,114000.0
Male,70000.0
Female,54000.0
Female,31000.0
Female,100000.0
Male,125000.0
Male,50000.0
Female,30000.0
Male,47000.0
Female,63000.0
Female,20000.0
Male,69000.0
Female,75000.0
Male,90000.0
Male,8500.0
Female,56000.0
Female,52000.0
Male,122000.0
Male,65000.0
Female,20000.0
Female,16000.0
Female,1400.0
Male,12000.0
Male,75000.0
Female,23000.0
Female,80000.0
Male,230000.0
Male,65000.0
Male,4000.0
Male,40000.0
Male,50000.0
Female,60000.0
Male,67000.0
Male,128000.0
Male,60000.0
Male,95000.0
Male,45000.0
Female,130000.0
Male,113000.0
Female,80000.0
Male,6000.0
Male,78000.0
Female,7200.0
Female,3000.0
Female,90000.0
Female,65000.0
Male,70000.0
Male,123000.0
Male,40000.0
Male,188000.0
Male,70000.0
Female,34700.0
Male,80000.0
Female,106000.0
Female,150000.0
Female,49000.0
Male,50000.0
Female,30600.0
Female,228000.0
Male,30000.0
Female,2000.0
Male,48000.0
Male,102000.0
Male,150000.0
Male,68000.0
Male,140000.0
Male,160000.0
Male,16500.0
Male,60000.0
Male,20000.0
Male,48000.0
Female,110000.0
Female,9800.0
Male,70000.0
Male,175000.0
Male,90000.0
Female,60000.0
Female,91000.0
Female,6000.0
Female,20000.0
Male,40000.0
Male,90000.0
Male,25500.0
Male,38400.0
Male,140000.0
Female,22200.0
Male,50000.0
Male,53000.0
Female,22000.0
Male,72000.0
Female,40000.0
Female,20000.0
Male,175000.0
Male,57000.0
Female,23500.0
Female,90000.0
Male,39000.0
Female,45000.0
Male,60000.0
Male,45000.0
Female,160000.0
Male,2600.0
Male,25000.0
Male,80000.0
Male,30000.0
Female,17000.0
Female,52000.0
Male,70000.0
Female,105000.0
Female,18000.0
Male,58000.0
Female,180000.0
Female,128000.0
Female,28000.0
Female,30600.0
Male,146000.0
Female,200000.0
Male,58000.0
Male,150000.0
Female,40000.0
Female,81000.0
Male,75000.0
Male,1000.0
Male,55000.0
Female,20000.0
Female,39000.0
Female,50000.0
Female,2000.0
Female,30000.0
Female,48000.0
Female,45000.0
Male,42000.0
Male,17500.0
Female,18700.0
Male,7200.0
Female,22000.0
Female,18000.0
Female,35200.0
Male,50000.0
Female,89000.0
Male,116000.0
Female,39000.0
Female,120000.0
Male,52000.0
Female,7700.0
Male,99000.0
Female,200000.0
Female,60000.0
Male,150000.0
Male,12000.0
Male,214000.0
Female,45000.0
Male,2000.0
Female,219000.0
Female,90000.0
Female,30000.0
Male,7300.0
Female,83000.0
Female,40000.0
Female,10000.0
Male,70000.0
Female,40000.0
Female,125000.0
Male,17500.0
Female,300000.0
Female,41000.0
Female,1200.0
Female,28000.0
Male,25000.0
Female,42000.0
Male,70000.0
Male,40000.0
Male,20000.0
Female,64000.0
Male,39400.0
Male,70000.0
Female,1000.0
Female,18000.0
Female,48000.0
Female,49900.0
Female,10000.0
Female,35000.0
Male,30000.0
Male,2800.0
Male,107000.0
Male,80000.0
Female,150000.0
Male,130000.0
Male,43000.0
Female,68000.0
Female,3100.0
Male,108000.0
Male,6500.0
Female,24000.0
Male,31800.0
Male,150000.0
Male,65000.0
Female,12500.0
Male,70000.0
Male,30000.0
Male,39800.0
Female,7500.0
Female,830.0
Female,210.0
Female,14200.0
Male,50000.0
Male,55000.0
Female,92000.0
Female,157000.0
Female,60000.0
Female,31000.0
Male,120000.0
Male,103000.0
Female,33700.0
Male,8000.0
Male,70000.0
Male,7000.0
Female,3000.0
Male,135000.0
Male,7600.0
Male,40000.0
Female,15000.0
Male,85000.0
Male,42000.0
Male,200000.0
Male,170000.0
Male,26400.0
Female,24000.0
Male,110000.0
Female,4500.0
Male,39000.0
Male,15000.0
Female,60000.0
Female,10000.0
Male,125000.0
Male,67000.0
Female,2500.0
Female,74000.0
Male,240000.0
Male,48000.0
Male,85000.0
Female,200000.0
Male,80000.0
Male,156000.0
Male,40000.0
Male,125000.0
Female,92000.0
Male,201000.0
Female,120000.0
Female,60000.0
Female,170000.0
Male,71000.0
Male,29200.0
Female,7500.0
Female,13000.0
Female,89000.0
Female,90000.0
Male,4000.0
Female,150000.0
Male,3000.0
Female,5800.0
Male,52000.0
Female,113000.0
Male,108000.0
Female,150000.0
Female,65000.0
Female,26000.0
Male,3000.0
Female,60000.0
Male,100000.0
Male,100000.0
Male,8000.0
Male,125000.0
Male,165000.0
Female,50000.0
Male,20000.0
Male,165000.0
Female,65000.0
Female,49800.0
Male,45000.0
Male,450.0
Female,8400.0
Male,220000.0
Male,90000.0
Female,104000.0
Female,130.0
Female,25000.0
Male,67000.0
Male,75000.0
Male,14000.0
Male,70000.0
Male,80000.0
Male,55000.0
Female,60000.0
Female,1600.0
Male,200000.0
Female,7000.0
Female,35400.0
Female,103000.0
Male,40000.0
Male,78000.0
Female,109000.0
Female,4500.0
Male,50000.0
Male,18700.0
Female,181000.0
Male,80000.0
Female,36000.0
Male,220000.0
Female,85000.0
Male,45200.0
Male,56000.0
Female,80000.0
Female,35000.0
Male,70000.0
Female,64000.0
Male,40000.0
Female,15000.0
Male,46000.0
Female,42000.0
Female,36000.0
Male,98000.0
Female,20000.0
Male,60000.0
Male,5000.0
Female,5000.0
Male,90000.0
Male,10000.0
Female,25000.0
Female,58000.0
Male,230000.0
Female,24000.0
Male,277000.0
Female,1200.0
Female,4800.0
Male,30000.0
Female,80000.0
Female,12000.0
Male,40000.0
Female,30000.0
Female,12000.0
Male,260000.0
Male,41000.0
Male,180000.0
Male,194000.0
Female,142000.0
Female,4.0
Male,78000.0
Male,54000.0
Female,32000.0
Male,50000.0
Male,38000.0
Male,200000.0
Female,16000.0
Female,24400.0
Female,74000.0
Female,52000.0
Female,30000.0
Female,40000.0
Female,109000.0
Female,83000.0
Female,20800.0
Male,87000.0
Male,52000.0
Female,30000.0
Male,19600.0
Male,880.0
Female,49000.0
Female,103000.0
Male,48000.0
Female,105000.0
Female,34000.0
Male,52000.0
Female,2000.0
Female,23000.0
Female,13000.0
Male,2300.0
Female,78000.0
Female,15000.0
Female,70000.0
Male,28000.0
Male,95000.0
Female,20700.0
Male,49000.0
Male,90000.0
Male,90000.0
Male,49400.0
Male,65000.0
Female,128000.0
Male,60000.0
Male,6000.0
Male,44000.0
Female,300.0
Male,184000.0
Female,30000.0
Female,300.0
Female,57000.0
Female,50000.0
Female,8000.0
Male,130000.0
Male,10000.0
Male,57000.0
Female,46000.0
Female,92000.0
Female,54000.0
Male,150000.0
Male,30000.0
Male,100000.0
Female,54000.0
Male,43900.0
Female,4500.0
Male,15800.0
Female,44100.0
Male,9000.0
Female,108000.0
Female,10000.0
Female,155000.0
Female,76000.0
Female,3500.0
Female,74000.0
Male,42000.0
Female,27000.0
Female,65000.0
Male,65000.0
Female,70000.0
Female,28000.0
Female,250000.0
Male,175000.0
Male,62000.0
Male,210000.0
Male,38000.0
Female,150000.0
Male,30000.0
Female,120000.0
Female,22800.0
Male,50000.0
Male,19000.0
Male,20000.0
Female,56000.0
Male,74000.0
Male,12000.0
Male,30000.0
Male,10000.0
Female,58000.0
Female,40000.0
Female,114000.0
Male,85000.0
Male,90000.0
Male,55000.0
Male,21000.0
Female,8400.0
Male,32000.0
Female,95000.0
Male,54000.0
Male,76000.0
Female,65000.0
Female,100000.0
Female,5000.0
Female,64000.0
Male,60000.0
Male,82000.0
Female,8400.0
Female,125000.0
Male,30000.0
Male,36000.0
Male,10000.0
Female,80000.0
Male,42900.0
Female,73000.0
Male,54000.0
Male,95000.0
Male,40000.0
Female,5000.0
Female,3000.0
Female,16500.0
Female,40000.0
Male,89000.0
Female,35000.0
Male,200000.0
Male,70000.0
Female,16000.0
Male,12000.0
Female,30000.0
Female,6000.0
Male,90000.0
Female,35600.0
Male,75000.0
Male,20000.0
Male,75000.0
Male,90000.0
Male,150000.0
Female,30400.0
Male,10000.0
Female,135000.0
Male,98000.0
Female,30000.0
Male,60000.0
Female,56000.0
Female,120000.0
Female,20000.0
Female,92000.0
Female,26000.0
Male,180000.0
Male,9000.0
Female,7200.0
Male,36000.0
Female,12000.0
Female,34000.0
Male,104000.0
Male,5200.0
Female,185000.0
Male,8000.0
Male,6000.0
Male,51000.0
Male,165000.0
Female,47900.0
Male,20000.0
Male,300.0
Female,131000.0
Male,5000.0
Male,50000.0
Male,28000.0
Female,8000.0
Male,218000.0
Female,90.0
Female,29800.0
Female,255000.0
Female,80000.0
Female,40000.0
Female,12000.0
Female,64000.0
Female,45000.0
Female,60000.0
Female,30000.0
Male,44900.0
Female,34000.0
Male,80000.0
Female,8000.0
Male,9000.0
Female,6000.0
Male,57000.0
Female,70000.0
Male,8000.0
Male,49900.0
Female,29200.0
Male,20000.0
Female,9200.0
Female,72000.0
Male,68000.0
Male,25000.0
Male,66000.0
Female,6000.0
Female,18200.0
Female,10200.0
Female,65000.0
Female,80000.0
Male,39500.0
Male,100000.0
Male,35000.0
Female,34300.0
Female,26000.0
Male,51000.0
Male,200000.0
Male,30700.0
Male,80000.0
Male,112000.0
Male,48000.0
Male,7200.0
Female,86000.0
Male,80000.0
Female,8200.0
Female,2000.0
Male,15000.0
Male,150000.0
Male,142000.0
Male,45000.0
Male,37100.0
Male,25000.0
Male,75000.0
Male,1000.0
Male,56000.0
Female,24000.0
Male,3500.0
Female,16000.0
Female,60000.0
Female,7000.0
Female,30000.0
Female,80000.0
Female,450.0
Male,4000.0
Female,500.0
Female,95000.0
Female,62000.0
Female,90000.0
Male,138000.0
Female,33300.0
Male,63000.0
Female,14000.0
Male,70000.0
Female,74000.0
Male,4900.0
Female,50000.0
Female,120000.0
Male,9000.0
Male,22800.0
Female,83000.0
Male,120000.0
Female,70000.0
Female,136000.0
Male,105000.0
Female,55000.0
Male,98000.0
Female,36000.0
Male,45000.0
Female,11400.0
Male,44000.0
Male,30000.0
Male,70000.0
Female,48000.0
Female,40000.0
Male,110000.0
Female,15000.0
Female,9600.0
Male,24400.0
Female,4800.0
Female,256000.0
Male,42800.0
Female,37500.0
Male,85000.0
Male,240000.0
Female,36000.0
Male,21700.0
Male,40000.0
Female,43000.0
Female,90000.0
Male,60000.0
Male,78000.0
Male,96000.0
Male,100000.0
Male,85000.0
Female,11700.0
Female,30000.0
Male,14000.0
Male,600.0
Female,24000.0
Male,184000.0
Female,34200.0
Male,135000.0
Female,5000.0
Male,20000.0
Female,5000.0
Male,24000.0
Female,50000.0
Male,45000.0
Female,104000.0
Male,79000.0
Female,72000.0
Male,58000.0
Female,54000.0
Female,530.0
Female,67000.0
Female,82000.0
Female,85000.0
Female,40000.0
Female,55000.0
Female,37000.0
Male,143000.0
Male,33000.0
Male,40000.0
Female,84000.0
Female,20000.0
Female,18100.0
Male,46500.0
Male,50000.0
Male,84000.0
Female,86000.0
Male,80000.0
Male,80000.0
Female,54000.0
Male,85000.0
Female,56000.0
Male,100000.0
Female,40800.0
Female,9000.0
Female,60000.0
Male,100000.0
Female,90000.0
Female,12000.0
Female,116000.0
Male,2700.0
Female,75000.0
Male,75000.0
Female,105000.0
Male,82000.0
Male,42000.0
Male,25000.0
Male,125000.0
Female,55000.0
Female,85000.0
Female,36200.0
Male,250000.0
Male,89000.0
Male,14900.0
Female,54000.0
Male,15000.0
Female,20400.0
Female,39000.0
Male,40000.0
Female,4200.0
Female,100000.0
Female,75000.0
Female,15000.0
Male,71000.0
Male,81000.0
Male,32000.0
Male,63000.0
Female,23500.0
Male,82000.0
Male,63000.0
Male,43000.0
Female,97000.0
Male,50000.0
Male,9000.0
Female,1000.0
Male,31300.0
Male,12000.0
Male,60000.0
Male,280000.0
Female,20000.0
Male,180000.0
Female,68000.0
Female,5900.0
Female,3000.0
Female,146000.0
Male,12000.0
Male,54000.0
Female,51000.0
Male,15100.0
Male,200000.0
Female,102000.0
Female,38000.0
Female,1700.0
Male,187000.0
Male,27800.0
Female,65000.0
Male,8100.0
Female,56000.0
Female,60000.0
Male,56000.0
Female,30000.0
Male,13000.0
Male,250000.0
Male,36500.0
Male,170000.0
Female,104000.0
Male,52000.0
Female,100000.0
Female,70000.0
Male,26000.0
Female,22500.0
Female,6500.0
Female,15000.0
Female,90000.0
Female,6000.0
Male,60000.0
Male,9300.0
Female,60000.0
Female,100000.0
Female,125000.0
Female,22000.0
Female,85000.0
Male,31000.0
Female,50000.0
Male,80000.0
Male,90000.0
Male,52000.0
Male,120000.0
Female,11000.0
Female,21000.0
Male,20000.0
Female,89000.0
Male,30000.0
Female,25000.0
Female,100000.0
Female,100000.0
Male,55000.0
Male,55000.0
Male,20000.0
Male,120000.0
Male,21000.0
Female,30000.0
Male,30000.0
Female,115000.0
Male,20800.0
Female,34000.0
Female,94000.0
Female,50000.0
Female,184000.0
Female,14400.0
Female,25000.0
Male,83000.0
Male,5800.0
Female,33300.0
Female,156000.0
Female,20000.0
Female,85000.0
Female,25000.0
Female,14400.0
Female,86000.0
Female,24000.0
Female,70000.0
Female,38000.0
Male,85000.0
Male,60000.0
Male,25000.0
Female,70000.0
Female,150000.0
Male,49400.0
Male,90000.0
Male,33500.0
Male,36000.0
Female,6000.0
Female,25000.0
Female,28000.0
Male,21600.0
Male,20000.0
Female,530.0
Female,98000.0
Male,64000.0
Male,70000.0
Male,33800.0
Female,36900.0
Female,50000.0
Male,150000.0
Male,145000.0
Male,250000.0
Male,108000.0
Male,35000.0
Male,70000.0
Female,110000.0
Female,55000.0
Male,31000.0
Female,35000.0
Female,60000.0
Female,28000.0
Female,85000.0
Female,8000.0
Male,40000.0
Male,130000.0
Male,560.0
Female,12500.0
Female,61000.0
Female,500.0
Male,7000.0
Female,34000.0
Female,145000.0
Male,12000.0
Male,150000.0
Male,60000.0
Male,35200.0
Male,49000.0
Female,60000.0
Female,15000.0
Male,120000.0
Male,75000.0
Male,108000.0
Female,6600.0
Female,35000.0
Female,105000.0
Male,88000.0
Male,20000.0
Female,47000.0
Female,4400.0
Male,50000.0
Male,75000.0
Male,87000.0
Female,40000.0
Male,25000.0
Female,40000.0
Female,95000.0
Male,50000.0
Female,93000.0
Female,20000.0
Male,136000.0
Female,69000.0
Female,75000.0
Male,60000.0
Male,180000.0
Male,260000.0
Female,40000.0
Female,78000.0
Male,95000.0
Female,50000.0
Male,79000.0
Female,45100.0
Male,70000.0
Male,110000.0
Female,65000.0
Male,200000.0
Female,101000.0
Male,14200.0
Female,44500.0
Male,50000.0
Male,95000.0
Female,33600.0
Male,70000.0
Male,36200.0
Male,61000.0
Female,300000.0
Male,70000.0
Male,25000.0
Male,52000.0
Male,73000.0
Female,4000.0
Female,224000.0
Female,75000.0
Male,65000.0
Male,80000.0
Male,38400.0
Male,100000.0
Male,180000.0
Female,72000.0
Female,220000.0
Female,3000.0
Male,65000.0
Female,4200.0
Male,230000.0
Female,3000.0
Female,10000.0
Male,5000.0
Male,40000.0
Female,65000.0
Female,50000.0
Female,72000.0
Female,33100.0
Male,102000.0
Male,70000.0
Female,29200.0
Male,100000.0
Female,70000.0
Male,15900.0
Male,53000.0
Male,82000.0
Female,96000.0
Male,171000.0
Male,3000.0
Female,24000.0
Female,76000.0
Female,36000.0
Female,75000.0
Male,50000.0
Female,300000.0
Male,60000.0
Female,55000.0
Male,100000.0
Female,50000.0
Female,101000.0
Male,134000.0
Female,10000.0
Male,16000.0
Female,65000.0
Male,90000.0
Male,63000.0
Female,64000.0
Female,13400.0
Female,90000.0
Male,4700.0
Female,20000.0
Male,80000.0
Female,35000.0
Female,49000.0
Male,115000.0
Male,8000.0
Male,125000.0
Female,11000.0
Male,100000.0
Male,52000.0
Male,105000.0
Female,2500.0
Male,220000.0
Female,6400.0
Male,36000.0
Female,110000.0
Male,60000.0
Female,5000.0
Female,20000.0
Male,91000.0
Male,30000.0
Female,22700.0
Female,56000.0
Male,60000.0
Female,32000.0
Male,164000.0
Female,36000.0
Male,80000.0
Male,110000.0
Male,35000.0
Female,63000.0
Female,180000.0
Male,211000.0
Female,8000.0
Male,40000.0
Female,45000.0
Female,22000.0
Male,18500.0
Female,78000.0
Female,120000.0
Male,224000.0
Female,21000.0
Female,5000.0
Female,30000.0
Female,3500.0
Male,15000.0
Female,52000.0
Male,70000.0
Male,69000.0
Female,91000.0
Female,80000.0
Male,100000.0
Female,30500.0
Female,11200.0
Female,100000.0
Male,21500.0
Female,62000.0
Male,119000.0
Female,50000.0
Male,46300.0
Female,90000.0
Male,130000.0
Female,240000.0
Female,40000.0
Male,10000.0
Female,40000.0
Female,36000.0
Female,59000.0
Female,21100.0
Female,94000.0
Female,7500.0
Male,85000.0
Female,70000.0
Female,50000.0
Male,58000.0
Female,45000.0
Female,6000.0
Female,60000.0
Female,54000.0
Male,100000.0
Female,40000.0
Female,60000.0
Male,60000.0
Female,50000.0
Female,42000.0
Female,34400.0
Male,105000.0
Male,12000.0
Female,55000.0
Male,160000.0
Male,54000.0
Female,57000.0
Male,105000.0
Male,1200.0
Female,46000.0
Male,31500.0
Male,150000.0
Male,41600.0
Male,50000.0
Male,25000.0
Male,30000.0
Female,6000.0
Female,1600.0
Male,68000.0
Male,45000.0
Male,70000.0
Female,5000.0
Male,23000.0
Male,150000.0
Male,54000.0
Female,2400.0
Female,106000.0
Female,8800.0
Male,149000.0
Female,3800.0
Female,55000.0
Female,60000.0
Female,40000.0
Female,30000.0
Male,45000.0
Female,19200.0
Female,98000.0
Female,65000.0
Male,97000.0
Male,82000.0
Male,85000.0
Female,18900.0
Male,13000.0
Male,800.0
Male,40000.0
Female,60000.0
Male,66000.0
Male,10000.0
Male,116000.0
Male,300000.0
Female,63000.0
Female,30000.0
Male,145000.0
Female,99000.0
Male,110000.0
Female,25000.0
Female,39000.0
Male,50000.0
Male,33000.0
Female,80000.0
Female,29000.0
Male,28000.0
Female,20000.0
Male,80000.0
Male,95000.0
Female,152000.0
Male,60000.0
Male,47700.0
Female,40000.0
Female,47000.0
Female,55000.0
Female,92000.0
Female,40000.0
Female,30000.0
Male,48000.0
Female,46000.0
Male,30000.0
Male,1500.0
Male,65000.0
Male,40000.0
Female,85000.0
Female,37200.0
Male,275000.0
Male,80000.0
Male,6000.0
Female,10000.0
Female,43000.0
Female,56000.0
Female,86000.0
Male,83000.0
Female,46300.0
Female,83000.0
Female,15000.0
Male,62000.0
Female,35000.0
Female,65000.0
Male,34500.0
Female,42800.0
Female,39000.0
Male,52000.0
Female,52000.0
Male,50000.0
Female,4900.0
Female,55000.0
Male,1000.0
Male,135000.0
Male,40000.0
Male,13300.0
Female,44100.0
Male,60000.0
Female,100000.0
Male,75000.0
Male,49000.0
Female,20000.0
Female,120000.0
Female,100000.0
Male,11100.0
Male,120000.0
Male,50000.0
Female,285000.0
Female,54000.0
Female,119000.0
Male,76000.0
Female,95000.0
Male,50000.0
Male,118000.0
Female,35000.0
Female,52000.0
Female,30000.0
Female,96000.0
Male,55000.0
Female,34700.0
Male,41600.0
Female,55000.0
Male,65000.0
Female,80000.0
Female,22900.0
Male,30800.0
Male,300000.0
Male,175000.0
Male,6000.0
Female,43700.0
Male,101000.0
Male,18000.0
Female,5100.0
Female,50000.0
Male,80000.0
Female,184000.0
Female,135000.0
Female,85000.0
Female,70000.0
Female,60000.0
Male,22000.0
Female,40000.0
Male,83000.0
Female,20000.0
Female,92000.0
Female,75000.0
Male,70000.0
Female,19000.0
Male,60000.0
Female,30000.0
Male,120000.0
Female,61000.0
Female,40000.0
Female,33300.0
Female,30000.0
Female,70000.0
Female,15000.0
Female,1000.0
Male,74000.0
Male,75000.0
Female,61000.0
Male,2500.0
Female,29000.0
Female,13000.0
Female,30000.0
Male,99000.0
Male,15000.0
Female,106000.0
Male,47000.0
Female,100000.0
Male,1000.0
Female,20000.0
Male,200000.0
Male,140000.0
Male,35000.0
Female,26000.0
Male,80000.0
Male,60000.0
Female,95000.0
Male,140000.0
Female,7000.0
Male,40000.0
Female,45000.0
Female,152000.0
Female,35000.0
Female,34000.0
Male,90000.0
Male,200000.0
Female,54000.0
Male,58000.0
Female,65000.0
Male,45000.0
Male,30000.0
Male,120000.0
Male,40000.0
Male,30000.0
Female,7000.0
Male,20000.0
Female,11600.0
Male,93000.0
Female,179000.0
Female,108000.0
Male,50000.0
Male,80000.0
Female,49000.0
Female,50000.0
Female,113000.0
Female,30000.0
Male,300.0
Female,14000.0
Female,115000.0
Male,35000.0
Female,20800.0
Female,18200.0
Male,42000.0
Female,9000.0
Female,13000.0
Male,125000.0
Male,21900.0
Male,122000.0
Female,41300.0
Male,320.0
Female,9000.0
Female,35000.0
Male,200000.0
Female,35600.0
Male,65000.0
Female,40000.0
Female,500.0
Male,220000.0
Female,50000.0
Male,80000.0
Female,50000.0
Male,50000.0
Female,75000.0
Female,17500.0
Female,70000.0
Female,35000.0
Male,300.0
Female,76000.0
Male,216000.0
Male,110000.0
Male,60000.0
Male,140000.0
Male,94000.0
Male,180000.0
Female,20000.0
Female,53000.0
Female,34000.0
Female,43800.0
Female,67000.0
Female,6000.0
Female,38000.0
Female,20000.0
Male,8000.0
Female,48000.0
Female,41600.0
Male,42900.0
Male,72000.0
Male,10000.0
Male,60000.0
Male,180000.0
Female,53000.0
Female,50000.0
Female,103000.0
Male,47000.0
Female,60000.0
Male,18000.0
Male,280000.0
Female,50000.0
Male,36000.0
Male,54000.0
Male,70000.0
Female,180000.0
Male,47500.0
Female,14700.0
Female,10000.0
Female,62000.0
Male,58000.0
Male,65000.0
Male,30000.0
Female,20700.0
Female,65000.0
Female,15500.0
Male,75000.0
Female,96000.0
Female,230000.0
Female,62000.0
Male,70000.0
Female,31700.0
Female,48000.0
Female,53000.0
Female,14000.0
Female,66000.0
Female,37000.0
Male,200000.0
Female,45000.0
Female,34000.0
Female,25000.0
Female,30000.0
Female,450.0
Male,24000.0
Female,60000.0
Male,80000.0
Female,250000.0
Female,24000.0
Male,70000.0
Male,60000.0
Male,104000.0
Female,29000.0
Male,80000.0
Male,12000.0
Male,120000.0
Female,39200.0
Female,40000.0
Male,100000.0
Female,15000.0
Male,165000.0
Female,46800.0
Male,32000.0
Male,60000.0
Male,4500.0
Male,170000.0
Female,60000.0
Female,35000.0
Male,63000.0
Female,65000.0
Male,90000.0
Male,22500.0
Male,15900.0
Male,80000.0
Male,37000.0
Female,26000.0
Female,87000.0
Female,45000.0
Male,36000.0
Female,25000.0
Female,15000.0
Male,15000.0
Male,220000.0
Male,50000.0
Male,48000.0
Female,80000.0
Female,28100.0
Female,7000.0
Male,50000.0
Female,25200.0
Female,2000.0
Female,10000.0
Female,22700.0
Female,17000.0
Female,70000.0
Female,42900.0
Male,100000.0
Female,53000.0
Male,25000.0
Female,75000.0
Male,150000.0
Female,58000.0
Male,109000.0
Female,79000.0
Male,50000.0
Male,1500.0
Male,46000.0
Male,100000.0
Male,70000.0
Female,1000.0
Female,11600.0
Female,38500.0
Female,75000.0
Male,85000.0
Male,70000.0
Male,40000.0
Female,200000.0
Female,110000.0
Female,80000.0
Male,100000.0
Male,129000.0
Male,5000.0
Male,120000.0
Female,60000.0
Female,168000.0
Male,80000.0
Female,47500.0
Female,43700.0
Female,117000.0
Female,120000.0
Male,41000.0
Female,39000.0
Male,40000.0
Male,130000.0
Female,28000.0
Female,1800.0
Male,13000.0
Female,60000.0
Female,42000.0
Male,8000.0
Male,60000.0
Male,40000.0
Male,9100.0
Female,35000.0
Female,101000.0
Female,25700.0
Male,150000.0
Female,44000.0
Female,37500.0
Male,15000.0
Male,45000.0
Female,27000.0
Female,45000.0
Male,35000.0
Male,6000.0
Male,3500.0
Male,62000.0
Female,36000.0
Female,152000.0
Male,50000.0
Male,65000.0
Female,18800.0
Male,35000.0
Male,10000.0
Male,30000.0
Male,300000.0
Male,50000.0
Male,9900.0
Female,54000.0
Female,55000.0
Female,58000.0
Male,150000.0
Female,56000.0
Male,81000.0
Female,70000.0
Male,59000.0
Male,52000.0
Female,96000.0
Male,2100.0
Male,87000.0
Male,30000.0
Male,140000.0
Female,43000.0
Male,127000.0
Male,28000.0
Male,230000.0
Female,40000.0
Male,70000.0
Female,105000.0
Female,15000.0
Male,66000.0
Male,50000.0
Female,51000.0
Male,150000.0
Female,110000.0
Male,50000.0
Male,145000.0
Male,1500.0
Female,60000.0
Male,90000.0
Female,58000.0
Male,200000.0
Female,40000.0
Female,36000.0
Female,45000.0
Female,10000.0
Male,50000.0
Male,70000.0
Female,12000.0
Male,30000.0
Female,29300.0
Male,45000.0
Male,95000.0
Male,148000.0
Female,1000.0
Female,130000.0
Female,10800.0
Male,116000.0
Male,52000.0
Female,95000.0
Male,32800.0
Male,32000.0
Male,65000.0
Female,2700.0
Male,65000.0
Female,31000.0
Male,115000.0
Male,115000.0
Male,55000.0
Male,65000.0
Female,100000.0
Female,103000.0
Female,25300.0
Female,9300.0
Male,135000.0
Male,80000.0
Male,75000.0
Male,81000.0
Male,30000.0
Male,31000.0
Male,300000.0
Female,78000.0
Female,72000.0
Female,38700.0
Female,35000.0
Female,52000.0
Female,21000.0
Male,50000.0
Female,155000.0
Male,56000.0
Male,80000.0
Female,16300.0
Male,36500.0
Female,21500.0
Female,6000.0
Male,24700.0
Female,25000.0
Female,9600.0
Female,60000.0
Male,33000.0
Female,26000.0
Female,91000.0
Female,39000.0
Male,300000.0
Female,100000.0
Male,100000.0
Female,50000.0
Male,26400.0
Female,100000.0
Female,40000.0
Female,16800.0
Male,95000.0
Female,60000.0
Male,300000.0
Male,43000.0
Female,3500.0
Male,49000.0
Female,29400.0
Female,50000.0
Female,38000.0
Female,78000.0
Male,35000.0
Male,50000.0
Male,1400.0
Female,55000.0
Male,64000.0
Male,41700.0
Male,186000.0
Female,105000.0
Female,155000.0
Male,220000.0
Male,47000.0
Male,25000.0
Female,60000.0
Female,40000.0
Male,45000.0
Male,110000.0
Male,65000.0
Female,40000.0
Female,50000.0
Female,40000.0
Male,8000.0
Male,15000.0
Female,75000.0
Male,60000.0
Female,33600.0
Male,65000.0
Female,45000.0
Female,15000.0
Female,21600.0
Male,60000.0
Male,16700.0
Female,80000.0
Male,27000.0
Female,25000.0
Male,135000.0
Female,32000.0
Male,36900.0
Female,15600.0
Male,85000.0
Male,56000.0
Female,70000.0
Male,260000.0
Female,13000.0
Male,50000.0
Female,127000.0
Female,52000.0
Male,115000.0
Female,36700.0
Male,100000.0
Female,150000.0
Male,100000.0
Male,220000.0
Male,75000.0
Male,30000.0
Female,85000.0
Female,62000.0
Female,45000.0
Male,7000.0
Male,90000.0
Male,70000.0
Female,32000.0
Male,52000.0
Female,62000.0
Male,103000.0
Male,90000.0
Male,115000.0
Male,31300.0
Female,130000.0
Male,100000.0
Male,178000.0
Male,100000.0
Female,40000.0
Female,20000.0
Female,30000.0
Female,180000.0
Female,197000.0
Female,35000.0
Female,44000.0
Male,130000.0
Male,150000.0
Male,120000.0
Male,9000.0
Female,4000.0
Female,15000.0
Male,21000.0
Female,70000.0
Female,84000.0
Male,120000.0
Female,48000.0
Female,64000.0
Male,24000.0
Female,12000.0
Female,40000.0
Female,140000.0
Female,40000.0
Female,185000.0
Female,15000.0
Male,31000.0
Female,70000.0
Male,52000.0
Male,19000.0
Female,180000.0
Female,60000.0
Male,120000.0
Male,47500.0
Female,50000.0
Female,30000.0
Male,58000.0
Female,25100.0
Female,70000.0
Male,94000.0
Female,141000.0
Female,102000.0
Male,80000.0
Male,250000.0
Female,89000.0
Female,50000.0
Male,60000.0
Female,130000.0
Male,67000.0
Male,70000.0
Female,150000.0
Female,76000.0
Female,12000.0
Male,20000.0
Female,50000.0
Female,2100.0
Male,38000.0
Male,150000.0
Female,80000.0
Male,68000.0
Female,150000.0
Male,60000.0
Female,38600.0
Male,5600.0
Male,250000.0
Female,45000.0
Male,22900.0
Male,5000.0
Female,5000.0
Male,45300.0
Male,40000.0
Male,120000.0
Male,100000.0
Male,1000.0
Male,29000.0
Male,45000.0
Male,35000.0
Male,38700.0
Male,75000.0
Female,30000.0
Male,112000.0
Male,83000.0
Male,45000.0
Male,225000.0
Female,74000.0
Male,6000.0
Male,96000.0
Female,21600.0
Male,48000.0
Male,20000.0
Male,74000.0
Female,42000.0
Male,60000.0
Male,4000.0
Male,84000.0
Male,8500.0
Female,70000.0
Female,32000.0
Female,35000.0
Female,93000.0
Male,60000.0
Female,98000.0
Male,94000.0
Female,220000.0
Female,32000.0
Female,43000.0
Female,40000.0
Female,63000.0
Female,20000.0
Male,60000.0
Female,100000.0
Male,70000.0
Female,5000.0
Female,40000.0
Female,90000.0
Male,52000.0
Female,22000.0
Female,32000.0
Female,27000.0
Male,32000.0
Male,81000.0
Female,20000.0
Male,210000.0
Male,24700.0
Female,83000.0
Male,69000.0
Female,110000.0
Female,77000.0
Female,35000.0
Male,100000.0
Female,4500.0
Male,72000.0
Male,110000.0
Male,30000.0
Male,27000.0
Male,75000.0
Female,15000.0
Female,85000.0
Male,185000.0
Male,235000.0
Female,50000.0
Female,65000.0
Female,115000.0
Male,45000.0
Male,1100.0
Female,76000.0
Male,72000.0
Female,29300.0
Female,42000.0
Female,23400.0
Male,60000.0
Male,20000.0
Female,48000.0
Male,150000.0
Male,30000.0
Female,48000.0
Female,9000.0
Male,60000.0
Female,89000.0
Female,40000.0
Male,22000.0
Male,45000.0
Male,100000.0
Male,34000.0
Female,70000.0
Female,143000.0
Male,37000.0
Female,40000.0
Female,30000.0
Female,57000.0
Female,20000.0
Female,56000.0
Female,50000.0
Male,40000.0
Female,60000.0
Male,70000.0
Female,40000.0
Male,720.0
Male,30000.0
Male,115000.0
Male,250000.0
Female,22000.0
Male,88000.0
Male,70000.0
Female,4000.0
Female,60000.0
Female,55000.0
Male,150000.0
Male,90000.0
Male,41600.0
Male,20000.0
Male,60000.0
Female,10000.0
Female,50000.0
Male,140000.0
Male,3500.0
Female,40000.0
Female,35000.0
Female,32300.0
Female,25000.0
Male,58000.0
Female,60000.0
Female,47000.0
Male,400.0
Male,112000.0
Male,25000.0
Male,115000.0
Female,34000.0
Male,15600.0
Female,10000.0
Male,47500.0
Male,230000.0
Female,60000.0
Female,101000.0
Male,80000.0
Male,31800.0
Male,175000.0
Male,15000.0
Male,55000.0
Male,24000.0
Female,1500.0
Female,40000.0
Male,60000.0
Female,55000.0
Female,10000.0
Female,105000.0
Male,40000.0
Male,70000.0
Male,80000.0
Male,58000.0
Female,140000.0
Male,49000.0
Male,124000.0
Female,85000.0
Male,33000.0
Female,125000.0
Female,100000.0
Female,16000.0
Male,66000.0
Female,13000.0
Female,76000.0
Female,5000.0
Male,72000.0
Male,85000.0
Female,21000.0
Male,90000.0
Male,47300.0
Female,43000.0
Female,8000.0
Male,70000.0
Male,60000.0
Female,60000.0
Male,50000.0
Male,95000.0
Male,44000.0
Male,30000.0
Male,20800.0
Female,56000.0
Female,124000.0
Male,57000.0
Female,3500.0
Female,25000.0
Female,35000.0
Male,80000.0
Male,60000.0
Male,7500.0
Female,48000.0
Male,10000.0
Female,62000.0
Male,145000.0
Female,212000.0
Female,16000.0
Male,40000.0
Male,112000.0
Female,24000.0
Male,56000.0
Female,105000.0
Female,32000.0
Male,24000.0
Female,45400.0
Female,52000.0
Male,94000.0
Female,7200.0
Male,110000.0
Female,72000.0
Female,170000.0
Male,135000.0
Female,4300.0
Female,28800.0
Female,29000.0
Female,127000.0
Female,100000.0
Female,52000.0
Female,4800.0
Male,92000.0
Female,210000.0
Female,75000.0
Female,24000.0
Female,85000.0
Female,150000.0
Male,15000.0
Male,58000.0
Female,33300.0
Female,85000.0
Female,55000.0
Male,45000.0
Female,8000.0
Female,70000.0
Female,15000.0
Male,55000.0
Male,60000.0
Female,24000.0
Female,34000.0
Male,80000.0
Male,235000.0
Male,170000.0
Male,5000.0
Female,12000.0
Female,15000.0
Male,68000.0
Male,4200.0
Male,78000.0
Male,45000.0
Male,8600.0
Male,120000.0
Male,42500.0
Female,24000.0
Female,70000.0
Male,24800.0
Female,34000.0
Male,55000.0
Female,41000.0
Female,98000.0
Male,19000.0
Female,32000.0
Male,135000.0
Female,45800.0
Female,17500.0
Female,180000.0
Male,61000.0
Female,45000.0
Male,178000.0
Female,10000.0
Female,1000.0
Male,51000.0
Female,24000.0
Female,2200.0
Male,78000.0
Female,70000.0
Female,37000.0
Female,38400.0
Male,52000.0
Male,70000.0
Female,45000.0
Female,74000.0
Female,135000.0
Female,3000.0
Female,39000.0
Female,100000.0
Female,135000.0
Female,180000.0
Male,52000.0
Female,16000.0
Female,33000.0
Male,50000.0
Female,46000.0
Female,125000.0
Female,155000.0
Male,110000.0
Female,45000.0
Female,22000.0
Female,70000.0
Female,34000.0
Male,10000.0
Male,65000.0
Female,41600.0
Female,30000.0
Male,32000.0
Male,80000.0
Male,90000.0
Male,48000.0
Male,35000.0
Male,117000.0
Male,100000.0
Male,70000.0
Female,12000.0
Female,107000.0
Male,20000.0
Female,200000.0
Male,3800.0
Female,75000.0
Female,92000.0
Female,30000.0
Female,300000.0
Female,72000.0
Female,16000.0
Male,187000.0
Male,45000.0
Male,60000.0
Female,100000.0
Male,108000.0
Female,65000.0
Male,37000.0
Female,15000.0
Female,45000.0
Female,70000.0
Male,50000.0
Male,30000.0
Female,137000.0
Male,35000.0
Female,24000.0
Male,22000.0
Male,35000.0
Male,104000.0
Male,21100.0
Male,70000.0
Female,50000.0
Male,70000.0
Female,73000.0
Male,140000.0
Female,98000.0
Female,115000.0
Female,90000.0
Male,120000.0
Male,48000.0
Male,100000.0
Male,83000.0
Female,82000.0
Male,24000.0
Male,30000.0
Female,120000.0
Male,29000.0
Male,76000.0
Male,75000.0
Female,59000.0
Female,23000.0
Female,51000.0
Female,1300.0
Female,145000.0
Female,74000.0
Male,56000.0
Female,12000.0
Male,54000.0
Male,70000.0
Male,51000.0
Female,39000.0
Male,39600.0
Female,144000.0
Male,30000.0
Male,15000.0
Female,36000.0
Male,44000.0
Female,38000.0
Male,100000.0
Female,56000.0
Female,217000.0
Female,85000.0
Female,60000.0
Female,30400.0
Male,30000.0
Female,44000.0
Female,5000.0
Male,26000.0
Female,37100.0
Female,14000.0
Male,16000.0
Male,12300.0
Female,48000.0
Male,75000.0
Male,4000.0
Male,170000.0
Male,120000.0
Female,30000.0
Female,76000.0
Male,110000.0
Male,18000.0
Female,18200.0
Female,1600.0
Female,93000.0
Male,5000.0
Female,64000.0
Female,30000.0
Female,240000.0
Male,200000.0
Male,40000.0
Female,25700.0
Female,73000.0
Female,2000.0
Male,22400.0
Male,195000.0
Male,120000.0
Female,54000.0
Female,60000.0
Female,42000.0
Female,60000.0
Female,3200.0
Male,40000.0
Male,12000.0
Female,75000.0
Female,25000.0
Female,42500.0
Male,60000.0
Male,8400.0
Female,30000.0
Female,80000.0
Female,12000.0
Male,10300.0
Female,90000.0
Male,240000.0
Female,90000.0
Male,35000.0
Female,75000.0
Male,110000.0
Female,57000.0
Female,19000.0
Female,30300.0
Male,63000.0
Male,20000.0
Female,30000.0
Male,65000.0
Female,38000.0
Male,15000.0
Male,116000.0
Male,12000.0
Female,100000.0
Female,24000.0
Female,85000.0
Female,40000.0
Male,40000.0
Female,10000.0
Female,140000.0
Male,45000.0
Male,100000.0
Female,60000.0
Male,28000.0
Male,62000.0
Female,100000.0
Male,100.0
Female,18000.0
Female,3500.0
Female,58000.0
Female,15000.0
Female,30000.0
Female,10000.0
Female,42000.0
Female,56000.0
Female,60000.0
Female,39500.0
Male,128000.0
Male,47000.0
Female,10000.0
Female,42000.0
Male,15000.0
Female,110000.0
Male,15600.0
Male,90000.0
Female,30000.0
Female,15000.0
Female,17000.0
Female,33000.0
Female,41000.0
Male,85000.0
Female,75000.0
Female,4600.0
Male,60000.0
Female,75000.0
Male,8000.0
Female,5000.0
Male,74000.0
Male,5000.0
Female,26000.0
Male,58000.0
Male,15000.0
Female,6000.0
Male,90000.0
Male,20000.0
Male,150000.0
Female,55000.0
Male,60000.0
Female,50000.0
Female,53000.0
Female,87000.0
Female,8500.0
Female,130000.0
Male,32000.0
Female,99000.0
Male,52000.0
Female,29000.0
Male,30000.0
Female,35000.0
Male,45000.0
Male,10000.0
Male,43000.0
Female,61000.0
Female,90000.0
Male,50000.0
Female,30000.0
Female,60000.0
Female,81000.0
Female,48500.0
Female,80000.0
Male,50000.0
Female,82000.0
Male,60000.0
Female,20000.0
Male,130000.0
Male,32000.0
Male,40000.0
Female,45000.0
Male,300000.0
Female,76000.0
Male,40000.0
Male,30000.0
Male,50000.0
Male,5000.0
Male,40000.0
Male,4000.0
Female,130000.0
Male,50000.0
Male,28000.0
Male,41000.0
Male,100000.0
Male,37400.0
Female,55000.0
Female,145000.0
Male,13300.0
Male,63000.0
Female,41600.0
Female,27500.0
Female,20000.0
Female,40000.0
Male,76000.0
Female,120000.0
Female,18000.0
Female,50000.0
Female,118000.0
Male,67000.0
Female,54000.0
Female,37000.0
Male,11000.0
Female,30000.0
Male,25000.0
Male,140000.0
Male,65000.0
Female,52000.0
Female,60000.0
Male,23000.0
Female,38000.0
Male,70000.0
Female,36000.0
Male,200000.0
Male,148000.0
Male,134000.0
Female,24000.0
Female,20000.0
Male,100000.0
Male,32000.0
Female,30000.0
Male,95000.0
Male,71000.0
Female,5000.0
Female,60000.0
Female,10000.0
Female,19000.0
Female,32000.0
Female,30000.0
Male,3500.0
Male,4200.0
Male,12000.0
Male,6000.0
Male,168000.0
Male,70000.0
Male,135000.0
Male,86000.0
Female,10500.0
Female,14000.0
Male,70000.0
Male,60000.0
Female,30000.0
Male,300000.0
Male,54000.0
Female,40000.0
Male,45000.0
Male,80000.0
Female,12000.0
Male,100000.0
Male,8000.0
Female,5000.0
Male,138000.0
Female,145000.0
Female,2900.0
Male,47000.0
Male,140000.0
Male,113000.0
Male,65000.0
Male,90000.0
Male,2600.0
Female,900.0
Male,148000.0
Female,68000.0
Male,65000.0
Female,104000.0
Male,53000.0
Male,70000.0
Male,123000.0
Male,80000.0
Male,72000.0
Male,6800.0
Female,48000.0
Male,30000.0
Female,52000.0
Male,6000.0
Female,160000.0
Male,142000.0
Male,194000.0
Male,200000.0
Male,50000.0
Female,82000.0
Male,139000.0
Male,61000.0
Female,19900.0
Male,65000.0
Male,130000.0
Female,34000.0
Male,6000.0
Female,56000.0
Male,81000.0
Male,145000.0
Male,61000.0
Female,30000.0
Male,61000.0
Male,47300.0
Male,25000.0
Female,10000.0
Female,20000.0
Male,65000.0
Female,23600.0
Male,22100.0
Male,84000.0
Female,60000.0
Female,65000.0
Male,17000.0
Female,30000.0
Female,62000.0
Female,50000.0
Male,40000.0
Male,4800.0
Male,14000.0
Female,99000.0
Female,38000.0
Male,26400.0
Female,250000.0
Male,150000.0
Female,37200.0
Male,56000.0
Male,98000.0
Female,93000.0
Male,93000.0
Female,65000.0
Female,10000.0
Female,55000.0
Female,53000.0
Female,4000.0
Male,115000.0
Female,24000.0
Male,153000.0
Female,25000.0
Female,35000.0
Female,72000.0
Female,26700.0
Female,92000.0
Male,28000.0
Female,20000.0
Female,50000.0
Male,100000.0
Male,285000.0
Male,55000.0
Male,1200.0
Female,120000.0
Female,150000.0
Female,2000.0
Female,33000.0
Female,34000.0
Female,79000.0
Female,65000.0
Female,60000.0
Male,40000.0
Male,65000.0
Female,70000.0
Male,105000.0
Female,10000.0
Female,99000.0
Male,90000.0
Male,180000.0
Female,30000.0
Male,13000.0
Female,30000.0
Male,47000.0
Male,50000.0
Female,45500.0
Female,52000.0
Male,120000.0
Female,56000.0
Male,110000.0
Female,20000.0
Male,75000.0
Female,30300.0
Female,85000.0
Female,43700.0
Female,31000.0
Female,81000.0
Female,12000.0
Male,29000.0
Female,190000.0
Male,36000.0
Male,180000.0
Male,280000.0
Male,2500.0
Female,13400.0
Female,17000.0
Male,52000.0
Female,6000.0
Female,76000.0
Female,120000.0
Male,700.0
Female,100000.0
Male,1300.0
Male,2000.0
Female,360.0
Female,1500.0
Female,2400.0
Female,80000.0
Male,115000.0
Female,2000.0
Male,225000.0
Male,40000.0
Male,40000.0
Male,60000.0
Male,45000.0
Male,11000.0
Female,30000.0
Male,7500.0
Male,17400.0
Male,36000.0
Male,2500.0
Female,1700.0
Female,100000.0
Male,20000.0
Female,89000.0
Female,13000.0
Male,130000.0
Female,8000.0
Male,60000.0
Male,19200.0
Female,24000.0
Male,56000.0
Female,120000.0
Female,60000.0
Female,20000.0
Female,67000.0
Male,84000.0
Female,60000.0
Female,7100.0
Female,35700.0
Male,90000.0
Female,10000.0
Male,100000.0
Female,60000.0
Male,95000.0
Male,700.0
Female,55000.0
Male,130000.0
Male,300.0
Male,22000.0
Male,155000.0
Male,260000.0
Female,55000.0
Female,7000.0
Female,5000.0
Female,48000.0
Male,83000.0
Female,85000.0
Female,108000.0
Female,900.0
Female,90000.0
Female,82000.0
Male,99000.0
Female,17000.0
Female,125000.0
Male,68000.0
Male,65000.0
Male,70000.0
Female,48000.0
Male,15000.0
Male,70000.0
Female,24600.0
Female,24000.0
Male,50000.0
Female,21000.0
Male,197000.0
Female,150000.0
Male,30000.0
Male,42000.0
Female,6000.0
Male,85000.0
Male,29000.0
Female,78000.0
Female,38000.0
Female,12000.0
Male,60000.0
Male,100000.0
Female,53000.0
Female,16000.0
Female,70000.0
Female,22000.0
Male,226000.0
Male,6100.0
Female,100000.0
Male,70000.0
Male,30000.0
Male,38400.0
Female,245000.0
Male,28000.0
Male,40000.0
Female,950.0
Male,85000.0
Male,53000.0
Female,20800.0
Female,19000.0
Female,57000.0
Male,300000.0
Male,63000.0
Male,28000.0
Male,62000.0
Male,70000.0
Female,10500.0
Female,30000.0
Male,50000.0
Male,21000.0
Female,60000.0
Male,4900.0
Male,173000.0
Male,112000.0
Female,60000.0
Female,50000.0
Female,38000.0
Male,20000.0
Female,80000.0
Male,8000.0
Female,5000.0
Male,83000.0
Male,35000.0
Female,55000.0
Male,52000.0
Female,62000.0
Female,24000.0
Female,55000.0
Female,44000.0
Male,130000.0
Female,9900.0
Male,90000.0
Female,10000.0
Female,400.0
Female,30000.0
Female,70000.0
Male,140000.0
Male,52000.0
Female,52000.0
Female,20000.0
Male,104000.0
Female,30000.0
Male,1000.0
Female,32000.0
Female,98000.0
Male,40500.0
Female,4500.0
Female,12000.0
Female,130000.0
Female,150000.0
Female,23000.0
Female,60000.0
Female,6000.0
Male,90000.0
Female,192000.0
Female,19000.0
Female,16500.0
Male,61000.0
Female,46000.0
Female,73000.0
Male,130000.0
Male,68000.0
Female,300000.0
Male,60000.0
Male,21000.0
Male,54000.0
Female,45000.0
Female,165000.0
Male,10700.0
Male,48000.0
Female,103000.0
Female,123000.0
Female,33900.0
Male,60000.0
Female,70000.0
Male,80000.0
Male,65000.0
Female,88000.0
Female,37000.0
Female,40000.0
Female,39000.0
Male,80000.0
Male,111000.0
Female,150000.0
Female,2200.0
Female,45000.0
Male,43000.0
Female,56000.0
Male,66000.0
Female,25000.0
Male,100000.0
Female,13200.0
Female,2600.0
Female,95000.0
Male,38000.0
Female,40000.0
Male,70000.0
Male,150000.0
Male,60000.0
Female,46200.0
Female,60000.0
Female,52000.0
Female,8000.0
Male,46000.0
Female,52000.0
Male,35300.0
Male,3000.0
Female,58000.0
Male,40000.0
Male,200000.0
Female,6000.0
Female,35000.0
Female,4000.0
Male,55000.0
Male,71000.0
Male,24000.0
Female,100000.0
Male,40000.0
Male,70000.0
Male,100000.0
Female,91000.0
Male,201000.0
Male,60000.0
Female,60000.0
Female,35000.0
Male,25000.0
Male,43200.0
Female,35000.0
Female,50000.0
Male,10000.0
Male,7000.0
Male,38600.0
Male,160000.0
Male,8000.0
Female,20000.0
Male,55000.0
Female,65000.0
Male,30000.0
Female,210000.0
Male,44200.0
Female,110000.0
Male,7200.0
Female,40000.0
Male,44000.0
Female,55000.0
Female,71000.0
Male,39000.0
Female,155000.0
Male,35000.0
Female,120000.0
Male,76000.0
Male,55000.0
Male,50000.0
Male,50000.0
Male,40000.0
Male,55000.0
Female,73000.0
Female,78000.0
Female,130000.0
Male,1500.0
Male,95000.0
Female,540.0
Male,8300.0
Male,36500.0
Female,12400.0
Female,60000.0
Male,90000.0
Male,65000.0
Male,40000.0
Male,120000.0
Female,50000.0
Female,26000.0
Female,26300.0
Female,60000.0
Male,60000.0
Male,67000.0
Female,300000.0
Male,100000.0
Female,85000.0
Female,180000.0
Male,146000.0
Female,80000.0
Female,52000.0
Female,16700.0
Female,30000.0
Male,30000.0
Male,8500.0
Female,2800.0
Male,150000.0
Female,20000.0
Male,100000.0
Female,106000.0
Female,85000.0
Female,150000.0
Male,80000.0
Female,111000.0
Female,56000.0
Female,186000.0
Female,35900.0
Male,27800.0
Male,3000.0
Female,80000.0
Female,40000.0
Female,37000.0
Male,33000.0
Male,140000.0
Female,38000.0
Male,55000.0
Female,9600.0
Male,15600.0
Female,100000.0
Female,213000.0
Male,90000.0
Female,80000.0
Male,61000.0
Female,33000.0
Male,46000.0
Male,100000.0
Female,60000.0
Female,65000.0
Female,7000.0
Female,10000.0
Female,65000.0
Female,287000.0
Female,112000.0
Male,16500.0
Female,86000.0
Female,45000.0
Male,5000.0
Male,50000.0
Female,46500.0
Female,25000.0
Female,34400.0
Female,110000.0
Male,150000.0
Male,71000.0
Female,150000.0
Male,50000.0
Female,55000.0
Female,35000.0
Male,65000.0
Female,1000.0
Female,80000.0
Male,35000.0
Female,42000.0
Male,60000.0
Female,19000.0
Male,85000.0
Female,34300.0
Male,36000.0
Female,9000.0
Female,66000.0
Female,195000.0
Female,17000.0
Female,6300.0
Male,13500.0
Male,165000.0
Male,95000.0
Male,30000.0
Male,50000.0
Male,43000.0
Female,123000.0
Female,79000.0
Male,24000.0
Male,32000.0
Male,150000.0
Female,150000.0
Male,50000.0
Female,82000.0
Female,41000.0
Male,70000.0
Male,60000.0
Female,37900.0
Female,21000.0
Male,18000.0
Male,24800.0
Male,300000.0
Female,25000.0
Male,1000.0
Female,72000.0
Female,72000.0
Female,30700.0
Male,42000.0
Male,8700.0
Female,65000.0
Female,12000.0
Male,105000.0
Female,105000.0
Female,250000.0
Female,80000.0
Female,49500.0
Female,500.0
Male,17000.0
Male,55000.0
Male,83000.0
Female,30000.0
Female,55000.0
Female,1600.0
Female,130000.0
Female,29000.0
Male,160000.0
Male,1900.0
Female,40000.0
Female,40000.0
Male,6700.0
Female,4000.0
Male,22400.0
Female,45000.0
Male,10300.0
Male,180000.0
Female,29100.0
Female,81000.0
Female,60000.0
Female,104000.0
Female,13200.0
Female,55000.0
Male,61000.0
Female,62000.0
Female,5700.0
Male,160000.0
Female,38000.0
Female,6400.0
Male,60000.0
Female,100000.0
Male,60000.0
Male,72000.0
Female,300000.0
Female,1700.0
Male,40700.0
Male,112000.0
Male,40000.0
Male,125000.0
Female,30000.0
Male,20000.0
Male,27500.0
Female,9600.0
Male,85000.0
Male,52000.0
Male,80000.0
Male,58000.0
Male,39700.0
Male,40000.0
Female,28000.0
Male,50000.0
Male,24500.0
Female,15000.0
Male,1100.0
Male,180000.0
Female,17000.0
Female,3300.0
Male,22000.0
Male,22000.0
Male,50000.0
Male,32000.0
Male,112000.0
Female,61000.0
Male,150000.0
Male,21000.0
Female,72000.0
Male,65000.0
Female,50000.0
Female,9400.0
Female,135000.0
Female,4500.0
Male,200000.0
Male,28000.0
Male,16000.0
Female,70000.0
Female,50000.0
Female,56000.0
Female,15000.0
Female,70000.0
Female,40000.0
Male,120000.0
Male,18700.0
Female,40000.0
Female,7000.0
Male,31000.0
Female,5600.0
Female,18000.0
Male,87000.0
Female,100000.0
Male,69000.0
Male,68000.0
Male,42700.0
Female,96000.0
Male,250000.0
Male,45000.0
Female,100000.0
Male,195000.0
Female,12000.0
Female,6000.0
Male,14500.0
Female,44000.0
Male,35000.0
Male,150000.0
Female,500.0
Male,20000.0
Female,56000.0
Male,40000.0
Female,27000.0
Female,50000.0
Male,10000.0
Female,14000.0
Female,100000.0
Female,204000.0
Male,52000.0
Male,35000.0
Female,60000.0
Male,75000.0
Male,74000.0
Female,134000.0
Female,30000.0
Male,18000.0
Female,700.0
Female,100000.0
Male,70000.0
Male,60000.0
Male,71000.0
Female,150000.0
Female,30000.0
Male,5000.0
Female,72000.0
Female,7000.0
Female,100000.0
Female,90000.0
Male,66000.0
Female,2600.0
Female,250.0
Female,55000.0
Female,70000.0
Male,51000.0
Female,40000.0
Female,88000.0
Male,65000.0
Male,75000.0
Male,64000.0
Male,65000.0
Male,30000.0
Male,160000.0
Male,90000.0
Male,16200.0
Male,50000.0
Female,16700.0
Female,42000.0
Female,100000.0
Male,82000.0
Male,65000.0
Male,102000.0
Male,36000.0
Male,125000.0
Female,17200.0
Female,30000.0
Female,26000.0
Female,300000.0
Male,50000.0
Female,49800.0
Male,82000.0
Male,27000.0
Female,52000.0
Male,6300.0
Male,23400.0
Female,75000.0
Female,67000.0
Female,125000.0
Female,228000.0
Female,8500.0
Female,3000.0
Male,12000.0
Female,25300.0
Male,2200.0
Female,70000.0
Female,30000.0
Male,76000.0
Female,1300.0
Male,15000.0
Male,150000.0
Male,70000.0
Female,74000.0
Male,10000.0
Male,24000.0
Male,55000.0
Female,30000.0
Female,45000.0
Male,181000.0
Male,70000.0
Male,280000.0
Male,240000.0
Female,225000.0
Female,15000.0
Male,48000.0
Female,50000.0
Female,100000.0
Female,45000.0
Female,65000.0
Female,2000.0
Male,33600.0
Male,52000.0
Male,40000.0
Male,80000.0
Male,200000.0
Female,6000.0
Female,44700.0
Female,113000.0
Male,70000.0
Male,130000.0
Female,36000.0
Female,87000.0
Male,60000.0
Male,6600.0
Female,40000.0
Female,4000.0
Female,30000.0
Female,89000.0
Male,85000.0
Female,25000.0
Male,45000.0
Male,117000.0
Female,29000.0
Male,120000.0
Male,60000.0
Male,72000.0
Female,50000.0
Male,98000.0
Female,36000.0
Male,80000.0
Female,60000.0
Male,135000.0
Male,62000.0
Female,65000.0
Female,72000.0
Female,23500.0
Male,35000.0
Female,37400.0
Male,31800.0
Female,18000.0
Male,8900.0
Male,27000.0
Male,15200.0
Male,100000.0
Female,42000.0
Female,30000.0
Male,107000.0
Male,110000.0
Male,110000.0
Male,80000.0
Male,30000.0
Female,16900.0
Female,32500.0
Male,42500.0
Male,24000.0
Male,150000.0
Male,4000.0
Female,30000.0
Male,2000.0
Female,102000.0
Female,30000.0
Female,6000.0
Male,113000.0
Female,4900.0
Female,25000.0
Male,250000.0
Female,150000.0
Male,65000.0
Male,50000.0
Female,4500.0
Male,105000.0
Female,25000.0
Male,23000.0
Female,1200.0
Female,6400.0
Male,56000.0
Male,102000.0
Male,19000.0
Male,126000.0
Female,70000.0
Female,30000.0
Female,36000.0
Female,39200.0
Male,80000.0
Female,260000.0
Female,85000.0
Female,150000.0
Male,140000.0
Male,1000.0
Male,125000.0
Male,40000.0
Male,110000.0
Female,35000.0
Male,16000.0
Female,190000.0
Male,55000.0
Female,320.0
Female,192000.0
Female,44000.0
Female,75000.0
Male,108000.0
Male,170000.0
Male,120000.0
Female,120000.0
Male,60000.0
Male,40000.0
Female,91000.0
Male,16700.0
Female,82000.0
Male,14200.0
Male,71000.0
Male,225000.0
Male,40000.0
Male,225000.0
Male,24000.0
Female,43700.0
Female,42000.0
Male,200000.0
Female,6000.0
Female,15000.0
Male,72000.0
Male,65000.0
Male,150000.0
Male,18000.0
Male,47000.0
Female,134000.0
Female,18000.0
Female,68000.0
Female,50000.0
Female,121000.0
Female,75000.0
Female,40400.0
Male,76000.0
Male,70000.0
Female,5000.0
Female,44400.0
Male,71000.0
Male,110000.0
Female,90000.0
Female,28800.0
Male,80000.0
Female,53000.0
Female,32000.0
Male,184000.0
Female,64000.0
Male,85000.0
Female,43000.0
Male,40000.0
Male,37500.0
Female,44300.0
Female,47000.0
Female,15000.0
Male,95000.0
Male,26700.0
Male,78000.0
Female,27000.0
Male,60000.0
Female,54000.0
Female,18000.0
Female,10000.0
Male,90000.0
Female,31000.0
Female,130000.0
Female,2200.0
Female,19200.0
Female,16000.0
Male,130000.0
Male,85000.0
Male,79000.0
Female,15000.0
Male,61000.0
Female,72000.0
Male,200000.0
Male,31200.0
Male,186000.0
Female,65000.0
Female,23000.0
Male,66000.0
Male,128000.0
Male,40000.0
Male,5000.0
Male,30000.0
Female,30000.0
Male,50000.0
Male,55000.0
Female,165000.0
Male,126000.0
Male,65000.0
Female,64000.0
Female,40000.0
Female,18000.0
Male,112000.0
Female,20000.0
Male,40000.0
Female,54000.0
Male,80000.0
Male,50000.0
Female,21000.0
Female,45000.0
Male,205000.0
Male,32000.0
Male,200000.0
Male,76000.0
Male,45000.0
Male,5000.0
Female,26000.0
Male,60000.0
Male,20800.0
Female,176000.0
Male,5000.0
Female,15000.0
Male,69000.0
Male,40000.0
Female,35000.0
Female,45000.0
Female,4000.0
Female,25000.0
Male,40000.0
Male,18000.0
Female,86000.0
Male,40000.0
Male,56000.0
Female,2000.0
Male,50000.0
Female,36200.0
Male,85000.0
Male,14400.0
Female,70000.0
Male,300000.0
Male,76000.0
Male,5000.0
Female,16000.0
Male,103000.0
Male,40000.0
Female,25900.0
Female,112000.0
Female,20000.0
Male,130000.0
Female,3200.0
Female,110000.0
Male,107000.0
Male,14400.0
Female,2000.0
Male,54000.0
Male,10000.0
Female,94000.0
Female,10000.0
Female,50000.0
Female,47000.0
Male,130000.0
Female,80000.0
Male,120000.0
Male,55000.0
Female,48000.0
Male,40000.0
Female,36000.0
Male,54000.0
Male,4000.0
Female,34000.0
Female,40100.0
Female,46000.0
Female,51000.0
Female,24000.0
Female,130000.0
Male,30000.0
Female,76000.0
Female,17000.0
Male,73000.0
Female,65000.0
Male,78000.0
Female,1200.0
Female,26000.0
Male,25000.0
Male,262000.0
Female,16000.0
Female,37700.0
Female,107000.0
Male,34000.0
Female,5000.0
Female,70000.0
Female,29000.0
Female,60000.0
Female,160000.0
Male,180000.0
Male,17000.0
Female,110000.0
Male,3000.0
Female,25000.0
Male,8000.0
Male,200000.0
Male,120000.0
Female,23000.0
Female,22500.0
Female,70000.0
Female,56000.0
Female,50000.0
Female,20000.0
Male,39900.0
Female,78000.0
Female,70000.0
Male,175000.0
Male,150000.0
Female,6000.0
Male,57000.0
Female,7100.0
Male,120000.0
Female,39000.0
Male,50000.0
Male,90000.0
Female,300000.0
Male,5000.0
Male,53000.0
Female,90000.0
Female,60000.0
Female,7000.0
Female,125000.0
Male,7200.0
Female,65000.0
Female,10000.0
Male,24000.0
Female,77000.0
Female,2100.0
Male,38900.0
Female,2500.0
Female,6500.0
Female,70000.0
Female,24000.0
Male,24200.0
Female,60000.0
Male,12000.0
Female,170000.0
Female,7200.0
Male,50000.0
Female,10000.0
Male,150000.0
Female,118000.0
Female,38900.0
Female,36000.0
Male,250000.0
Female,28000.0
Female,5500.0
Male,5000.0
Male,27000.0
Male,152000.0
Female,40000.0
Female,25000.0
Male,60000.0
Male,100000.0
Male,180.0
Female,110000.0
Male,100000.0
Male,25000.0
Male,200000.0
Male,200000.0
Female,50000.0
Female,141000.0
Female,100000.0
Female,55000.0
Male,28000.0
Male,45000.0
Male,28200.0
Male,3500.0
Female,17000.0
Male,128000.0
Female,36600.0
Male,1400.0
Male,9000.0
Male,68000.0
Male,52000.0
Male,200000.0
Male,105000.0
Male,135000.0
Female,80000.0
Male,2000.0
Female,250000.0
Female,20000.0
Female,114000.0
Male,39900.0
Male,75000.0
Female,31900.0
Male,40000.0
Male,41600.0
Female,57000.0
Male,120000.0
Male,60000.0
Male,50000.0
Male,10000.0
Male,10200.0
Male,78000.0
Male,74000.0
Female,32000.0
Female,140000.0
Female,38000.0
Male,65000.0
Female,35000.0
Female,65000.0
Male,153000.0
Male,100000.0
Male,160000.0
Male,46000.0
Female,124000.0
Male,100000.0
Male,100000.0
Male,32600.0
Male,66000.0
Male,96000.0
Male,18000.0
Female,76000.0
Female,49000.0
Female,74000.0
Male,150000.0
Female,98000.0
Male,188000.0
Male,74000.0
Female,78000.0
Female,30000.0
Female,79000.0
Female,16000.0
Male,70000.0
Male,32600.0
Female,15000.0
Male,35000.0
Female,13200.0
Male,58000.0
Male,105000.0
Male,36500.0
Male,35000.0
Female,71000.0
Male,120000.0
Female,300.0
Female,3200.0
Female,24500.0
Male,80000.0
Female,52000.0
Male,115000.0
Female,50000.0
Male,190000.0
Male,100000.0
Female,33500.0
Male,103000.0
Male,30000.0
Male,65000.0
Female,40000.0
Male,32000.0
Female,18000.0
Male,114000.0
Male,40000.0
Female,30000.0
Male,80000.0
Male,140000.0
Female,36000.0
Male,80000.0
Female,278000.0
Male,60000.0
Male,14700.0
Female,250000.0
Male,32800.0
Female,46100.0
Male,40800.0
Female,21900.0
Male,30000.0
Male,43000.0
Male,80000.0
Male,76000.0
Female,40000.0
Female,65000.0
Female,22500.0
Female,500.0
Male,54000.0
Male,5000.0
Female,40000.0
Female,33000.0
Male,145000.0
Female,12000.0
Male,5000.0
Female,21300.0
Female,10100.0
Female,70000.0
Male,255000.0
Male,25000.0
Male,156000.0
Male,30000.0
Female,700.0
Male,95000.0
Female,56000.0
Male,66000.0
Male,10000.0
Female,85000.0
Male,30000.0
Female,44000.0
Female,30000.0
Female,145000.0
Female,70000.0
Female,8700.0
Male,25000.0
Female,100000.0
Male,70000.0
Female,45000.0
Male,80000.0
Male,4200.0
Female,54000.0
Female,80000.0
Female,66000.0
Female,32000.0
Female,110000.0
Female,48000.0
Male,93000.0
Male,85000.0
Male,40000.0
Male,130000.0
Female,18900.0
Male,4600.0
Female,60000.0
Male,140000.0
Female,41300.0
Male,60000.0
Female,32000.0
Female,70000.0
Male,30000.0
Male,5000.0
Male,14000.0
Female,200.0
Female,215000.0
Male,35000.0
Male,60000.0
Female,6500.0
Male,5800.0
Female,29600.0
Male,5000.0
Female,90000.0
Male,80000.0
Female,96000.0
Female,15000.0
Male,78000.0
Female,160000.0
Female,180000.0
Female,40000.0
Female,90000.0
Male,22200.0
Male,80000.0
Male,49000.0
Male,35000.0
Male,106000.0
Female,80000.0
Male,22000.0
Female,38000.0
Male,100000.0
Female,73000.0
Female,140000.0
Female,68000.0
Male,24000.0
Male,98000.0
Male,116000.0
Female,5000.0
Male,9000.0
Male,72000.0
Male,10000.0
Female,43000.0
Male,32600.0
Male,7000.0
Female,32600.0
Female,74000.0
Male,66000.0
Male,156000.0
Female,70000.0
Female,48000.0
Male,150000.0
Male,20000.0
Male,30000.0
Male,70000.0
Female,198000.0
Female,72000.0
Female,8400.0
Male,1500.0
Female,5000.0
Male,52000.0
Female,18000.0
Female,75000.0
Female,25000.0
Female,1100.0
Female,7200.0
Female,63000.0
Male,120000.0
Female,25000.0
Female,19000.0
Male,30000.0
Male,7000.0
Female,32000.0
Male,66000.0
Female,590.0
Female,150000.0
Female,78000.0
Male,115000.0
Female,8000.0
Male,50000.0
Male,44000.0
Male,70000.0
Male,29600.0
Male,84000.0
Male,34200.0
Female,14000.0
Female,23500.0
Male,25600.0
Male,99000.0
Female,60000.0
Female,45000.0
Male,82000.0
Female,78000.0
Male,30000.0
Female,82000.0
Female,31200.0
Female,25000.0
Female,4600.0
Female,88000.0
Female,65000.0
Female,40000.0
Female,15000.0
Male,140000.0
Female,4000.0
Male,24000.0
Female,13000.0
Female,5000.0
Female,36000.0
Female,11000.0
Female,108000.0
Female,15600.0
Female,145000.0
Male,135000.0
Male,70000.0
Male,120000.0
Male,63000.0
Female,50000.0
Female,140000.0
Male,300000.0
Male,50000.0
Male,50000.0
Female,30000.0
Female,4000.0
Female,5600.0
Female,26500.0
Male,12000.0
Male,87000.0
Female,15000.0
Male,40000.0
Female,17000.0
Female,10000.0
Female,71000.0
Female,36000.0
Male,61000.0
Female,86000.0
Male,64000.0
Female,1500.0
Male,191000.0
Female,46800.0
Male,80000.0
Female,79000.0
Male,100000.0
Female,31200.0
Male,40000.0
Female,50000.0
Female,3000.0
Male,110000.0
Male,174000.0
Female,35000.0
Male,227000.0
Male,60000.0
Female,150000.0
Female,60000.0
Female,19900.0
Male,63000.0
Female,40000.0
Female,55000.0
Male,65000.0
Male,100000.0
Male,105000.0
Female,16000.0
Female,74000.0
Female,30000.0
Female,85000.0
Female,65000.0
Male,28000.0
Female,137000.0
Male,65000.0
Female,43000.0
Male,600.0
Female,3000.0
Female,23000.0
Male,65000.0
Male,36000.0
Male,4000.0
Male,75000.0
Male,165000.0
Male,62000.0
Female,100000.0
Male,120000.0
Female,70000.0
Male,60000.0
Female,144000.0
Female,19500.0
Female,30000.0
Male,14400.0
Female,20000.0
Male,5000.0
Male,45000.0
Female,55000.0
Female,10100.0
Male,80000.0
Male,115000.0
Female,25000.0
Female,45000.0
Male,80000.0
Female,280000.0
Female,70000.0
Male,63000.0
Male,100000.0
Male,60000.0
Male,8000.0
Male,270000.0
Female,80000.0
Male,220000.0
Female,90000.0
Male,60000.0
Female,30800.0
Female,64000.0
Male,38600.0
Female,20000.0
Male,63000.0
Female,4000.0
Male,56000.0
Female,40000.0
Male,30000.0
Male,117000.0
Male,60000.0
Female,47000.0
Male,240000.0
Female,80000.0
Male,135000.0
Female,32000.0
Male,44700.0
Male,38300.0
Female,90000.0
Male,1000.0
Female,68000.0
Female,68000.0
Male,70000.0
Female,32000.0
Female,42000.0
Male,98000.0
Male,120000.0
Male,60000.0
Male,30000.0
Female,10000.0
Male,9000.0
Male,72000.0
Male,107000.0
Female,40000.0
Male,90000.0
Male,40000.0
Male,240000.0
Male,44500.0
Male,18000.0
Female,60000.0
Female,46000.0
Male,150000.0
Male,74000.0
Female,17000.0
Female,98000.0
Female,14000.0
Female,50000.0
Female,45000.0
Female,23300.0
Male,50000.0
Male,168000.0
Male,12000.0
Female,28000.0
Male,10500.0
Male,50000.0
Male,10000.0
Male,8500.0
Male,60000.0
Female,15000.0
Male,30000.0
Male,160000.0
Male,40000.0
Male,30400.0
Female,43000.0
Male,41100.0
Male,37000.0
Female,47500.0
Male,110000.0
Male,100000.0
Female,59000.0
Female,65000.0
Female,60000.0
Male,300000.0
Female,100000.0
Male,55000.0
Male,49000.0
Female,65000.0
Female,95000.0
Male,55000.0
Male,42500.0
Male,20000.0
Female,140000.0
Male,60000.0
Male,83000.0
Male,73000.0
Female,28000.0
Male,43100.0
Male,43000.0
Female,105000.0
Female,70000.0
Male,15000.0
Female,83000.0
Female,50000.0
Female,15000.0
Female,56000.0
Male,96000.0
Female,25000.0
Male,33100.0
Male,35000.0
Male,5000.0
Female,4500.0
Male,31000.0
Male,45000.0
Female,17000.0
Male,200000.0
Male,122000.0
Female,200000.0
Male,40000.0
Male,125000.0
Female,6000.0
Female,45800.0
Male,145000.0
Male,50000.0
Female,46000.0
Male,42000.0
Male,49000.0
Male,300000.0
Male,67000.0
Female,15000.0
Male,241000.0
Female,50000.0
Female,24000.0
Male,167000.0
Female,68000.0
Male,35000.0
Male,85000.0
Female,82000.0
Male,25800.0
Male,98000.0
Male,52000.0
Female,40000.0
Female,37900.0
Male,144000.0
Female,83000.0
Male,30000.0
Female,1200.0
Male,52000.0
Female,16900.0
Male,7000.0
Female,114000.0
Male,4500.0
Female,83000.0
Male,42000.0
Male,52000.0
Female,4300.0
Female,252000.0
Male,63000.0
Female,19200.0
Female,130000.0
Female,13500.0
Male,32000.0
Male,5000.0
Male,1800.0
Female,110000.0
Male,100000.0
Female,63000.0
Female,30000.0
Female,40000.0
Male,43000.0
Male,82000.0
Male,13400.0
Female,36000.0
Female,73000.0
Female,70000.0
Male,47200.0
Female,16000.0
Female,75000.0
Female,71000.0
Female,24400.0
Female,73000.0
Male,145000.0
Female,60000.0
Male,200000.0
Male,6700.0
Female,67000.0
Male,50000.0
Female,34500.0
Female,53000.0
Female,45600.0
Male,15000.0
Female,36000.0
Male,20000.0
Male,37000.0
Male,112000.0
Female,37000.0
Male,3800.0
Male,8000.0
Female,60000.0
Female,33500.0
Female,120000.0
Female,180000.0
Female,49000.0
Female,43000.0
Male,60000.0
Male,37000.0
Female,45000.0
Male,32000.0
Male,148000.0
Female,100000.0
Female,45000.0
Female,50000.0
Male,35500.0
Female,30000.0
Female,60000.0
Male,6000.0
Female,7000.0
Female,97000.0
Female,135000.0
Male,36000.0
Male,39000.0
Male,135000.0
Female,29000.0
Female,170000.0
Female,95000.0
Male,40000.0
Female,110000.0
Female,115000.0
Female,60000.0
Female,40000.0
Male,104000.0
Female,100000.0
Female,30000.0
Female,9000.0
Male,10000.0
Male,60000.0
Female,1600.0
Female,4500.0
Female,8000.0
Male,40000.0
Male,50000.0
Female,95000.0
Female,38000.0
Female,150000.0
Female,28100.0
Male,50000.0
Female,850.0
Male,88000.0
Female,100000.0
Female,89000.0
Male,115000.0
Male,65000.0
Female,100000.0
Male,27000.0
Female,45000.0
Female,74000.0
Female,70000.0
Male,42600.0
Male,21000.0
Male,5000.0
Male,40000.0
Female,51000.0
Male,40000.0
Male,48000.0
Female,75000.0
Male,42000.0
Female,84000.0
Male,40000.0
Male,36000.0
Female,68000.0
Female,44000.0
Male,104000.0
Female,20000.0
Female,70000.0
Male,23500.0
Female,15000.0
Male,55000.0
Female,40000.0
Male,75000.0
Male,163000.0
Female,75000.0
Female,50000.0
Female,45000.0
Male,167000.0
Female,52000.0
Female,4000.0
Female,46000.0
Female,2500.0
Male,60000.0
Male,100000.0
Female,72000.0
Female,150000.0
Female,30000.0
Female,90000.0
Male,30000.0
Male,240000.0
Male,60000.0
Female,84000.0
Female,27000.0
Female,108000.0
Male,103000.0
Male,78000.0
Female,25000.0
Male,100000.0
Female,53000.0
Male,30000.0
Female,65000.0
Female,86000.0
Male,12700.0
Male,90000.0
Male,130000.0
Female,22000.0
Female,73000.0
Male,45000.0
Male,50000.0
Male,700.0
Female,85000.0
Male,44000.0
Male,32900.0
Female,80000.0
Female,61000.0
Male,125000.0
Female,35000.0
Female,65000.0
Male,47800.0
Female,78000.0
Female,81000.0
Male,15000.0
Female,18000.0
Female,46000.0
Female,26000.0
Male,80000.0
Female,147000.0
Female,150000.0
Male,38000.0
Female,135000.0
Female,130000.0
Male,50000.0
Male,75000.0
Female,62000.0
Female,25000.0
Female,93000.0
Female,80000.0
Female,45000.0
Female,100000.0
Female,22900.0
Female,180000.0
Male,70000.0
Male,100000.0
Female,85000.0
Male,4500.0
Female,24500.0
Female,28000.0
Male,85000.0
Female,52000.0
Male,95000.0
Male,40000.0
Female,110000.0
Male,8000.0
Male,13200.0
Male,50000.0
Female,8000.0
Male,98000.0
Male,183000.0
Male,35600.0
Male,40000.0
Male,20000.0
Male,126000.0
Male,50000.0
Female,41600.0
Female,69000.0
Female,9000.0
Male,73000.0
Female,135000.0
Male,95000.0
Female,5000.0
Female,50000.0
Female,44100.0
Male,70000.0
Female,25000.0
Female,5000.0
Male,300000.0
Female,55000.0
Male,150000.0
Female,49000.0
Male,48000.0
Female,22800.0
Female,30000.0
Male,4200.0
Female,30000.0
Female,90000.0
Male,40000.0
Female,86000.0
Male,125000.0
Female,500.0
Male,12000.0
Male,99000.0
Female,10000.0
Male,45000.0
Female,91000.0
Female,42200.0
Male,48000.0
Female,40000.0
Male,283000.0
Female,18000.0
Male,8600.0
Male,73000.0
Male,55000.0
Male,160000.0
Female,90000.0
Female,23000.0
Female,81000.0
Male,45000.0
Male,45000.0
Male,36000.0
Female,65000.0
Male,170000.0
Female,60000.0
Female,50000.0
Female,250.0
Male,8000.0
Male,70000.0
Female,20000.0
Female,90000.0
Female,8500.0
Female,158000.0
Male,14000.0
Female,6000.0
Female,250000.0
Female,36000.0
Female,78000.0
Female,48000.0
Male,80000.0
Female,75000.0
Female,25000.0
Male,20000.0
Female,23400.0
Female,30000.0
Female,26000.0
Female,32000.0
Male,10100.0
Female,76000.0
Female,25000.0
Female,29300.0
Female,50000.0
Female,28800.0
Female,47000.0
Male,26000.0
Female,12000.0
Female,50000.0
Male,35000.0
Male,60000.0
Female,48000.0
Female,198000.0
Female,42000.0
Male,13000.0
Male,19400.0
Male,49800.0
Male,30000.0
Female,90000.0
Female,26000.0
Female,35000.0
Female,32800.0
Male,91000.0
Female,8000.0
Male,46000.0
Female,30000.0
Female,32000.0
Male,16600.0
Male,1200.0
Female,32000.0
Female,12000.0
Female,75000.0
Male,9000.0
Female,57000.0
Male,122000.0
Male,4000.0
Male,58000.0
Male,30000.0
Female,30000.0
Female,70000.0
Male,94000.0
Female,247000.0
Male,36000.0
Male,90000.0
Male,5000.0
Female,98000.0
Female,21900.0
Male,102000.0
Female,130000.0
Female,60000.0
Male,230000.0
Female,22000.0
Female,26000.0
Male,105000.0
Male,120000.0
Female,37000.0
Male,72000.0
Male,120000.0
Female,260000.0
Female,100000.0
Male,40000.0
Female,31000.0
Female,3500.0
Female,12000.0
Male,42600.0
Female,60000.0
Female,24000.0
Female,85000.0
Male,150000.0
Male,37000.0
Male,20000.0
Male,122000.0
Male,2700.0
Male,10000.0
Male,95000.0
Male,115000.0
Male,12000.0
Female,4800.0
Female,55000.0
Male,57000.0
Female,5800.0
Male,32000.0
Female,14100.0
Male,50000.0
Male,60000.0
Male,18000.0
Male,80000.0
Female,115000.0
Female,30800.0
Female,4800.0
Male,78000.0
Female,80000.0
Male,40000.0
Female,57000.0
Male,60000.0
Male,120000.0
Male,14000.0
Female,80000.0
Male,25000.0
Female,8000.0
Female,3900.0
Female,70000.0
Female,45000.0
Male,85000.0
Female,71000.0
Female,25000.0
Male,40000.0
Male,85000.0
Male,55000.0
Female,12100.0
Female,42000.0
Male,45000.0
Female,130000.0
Female,49100.0
Female,25000.0
Female,60000.0
Male,80000.0
Male,8900.0
Male,60000.0
Female,26400.0
Female,60000.0
Female,24000.0
Male,170.0
Male,229000.0
Female,10000.0
Male,177000.0
Male,10000.0
Male,60000.0
Female,6300.0
Female,22000.0
Female,14000.0
Female,84000.0
Female,85000.0
Male,75000.0
Female,150000.0
Female,75000.0
Female,75000.0
Male,97000.0
Male,125000.0
Male,180000.0
Male,17000.0
Female,51000.0
Male,120000.0
Male,32000.0
Female,22500.0
Female,20000.0
Female,56000.0
Male,80000.0
Male,82000.0
Male,24000.0
Female,40500.0
Female,36000.0
Male,100000.0
Male,52000.0
Male,130000.0
Male,12500.0
Female,200000.0
Female,37200.0
Male,58000.0
Male,700.0
Male,60000.0
Female,10000.0
Male,100000.0
Female,50000.0
Male,150000.0
Female,40000.0
Female,18000.0
Male,25000.0
Female,60000.0
Male,55000.0
Female,245000.0
Male,90000.0
Female,265000.0
Female,30000.0
Male,50000.0
Male,25000.0
Female,85000.0
Female,45000.0
Male,100000.0
Female,70000.0
Male,28000.0
Male,267000.0
Male,62000.0
Male,70000.0
Male,42000.0
Male,25000.0
Male,10000.0
Male,40000.0
Female,65000.0
Male,30000.0
Male,30000.0
Female,120000.0
Female,23000.0
Female,18000.0
Female,50000.0
Male,13800.0
Female,90000.0
Male,85000.0
Female,95000.0
Male,1000.0
Female,20500.0
Male,80000.0
Female,133000.0
Female,2800.0
Male,10000.0
Female,12000.0
Female,130000.0
Male,95000.0
Female,54000.0
Male,60000.0
Male,65000.0
Male,5000.0
Female,30000.0
Female,30000.0
Male,65000.0
Female,28000.0
Male,160000.0
Female,45000.0
Female,89000.0
Female,90000.0
Female,50000.0
Male,56000.0
Female,32000.0
Female,76000.0
Female,26000.0
Male,60000.0
Female,90000.0
Female,43200.0
Male,3500.0
Male,120000.0
Female,80000.0
Male,13000.0
Female,100000.0
Male,25000.0
Female,88000.0
Male,15000.0
Female,85000.0
Male,67000.0
Female,48000.0
Male,125000.0
Male,31000.0
Female,49000.0
Male,100000.0
Female,70000.0
Female,4800.0
Female,8500.0
Male,19000.0
Male,53000.0
Male,74000.0
Female,64000.0
Female,100000.0
Male,20000.0
Male,43000.0
Male,90000.0
Male,64000.0
Male,138000.0
Male,47000.0
Male,250000.0
Female,39000.0
Female,54000.0
Male,80000.0
Female,180000.0
Female,2000.0
Female,30000.0
Female,32000.0
Female,43700.0
Male,70000.0
Female,3500.0
Female,35000.0
Female,196000.0
Male,240000.0
Male,12000.0
Female,16000.0
Female,35000.0
Male,77000.0
Female,5500.0
Female,1000.0
Male,68000.0
Male,143000.0
Male,200000.0
Male,6000.0
Male,200000.0
Female,18000.0
Female,111000.0
Female,26000.0
Male,149000.0
Female,45000.0
Female,62000.0
Female,103000.0
Female,75000.0
Female,70000.0
Female,42000.0
Female,96000.0
Female,66000.0
Male,26000.0
Male,80000.0
Male,40000.0
Female,250000.0
Male,275000.0
Female,55000.0
Male,78000.0
Female,3700.0
Female,100000.0
Female,400.0
Female,4000.0
Male,8500.0
Female,86000.0
Male,35000.0
Female,24000.0
Male,35000.0
Female,90000.0
Female,28000.0
Male,111000.0
Female,60000.0
Male,26000.0
Female,108000.0
Male,41000.0
Male,80000.0
Female,4800.0
Male,250000.0
Male,15000.0
Female,2500.0
Male,40000.0
Male,90000.0
Male,62000.0
Male,6400.0
Female,7700.0
Female,275000.0
Female,96000.0
Female,2500.0
Female,31600.0
Male,38200.0
Female,50000.0
Male,42000.0
Female,3500.0
Female,39000.0
Male,70000.0
Female,8400.0
Male,11100.0
Male,110000.0
Female,9400.0
Female,40000.0
Female,38000.0
Female,1000.0
Female,40000.0
Female,18700.0
Male,50000.0
Male,33300.0
Male,139000.0
Male,140000.0
Male,190000.0
Male,100000.0
Male,52000.0
Male,110000.0
Male,160000.0
Male,185000.0
Female,30000.0
Male,68000.0
Male,52000.0
Male,70000.0
Female,35000.0
Male,40000.0
Female,55000.0
Female,100000.0
Male,32000.0
Male,5000.0
Female,14500.0
Female,22000.0
Female,52000.0
Male,10000.0
Male,26000.0
Male,100000.0
Male,205000.0
Female,100000.0
Male,3000.0
Male,5500.0
Male,55000.0
Male,89000.0
Female,18000.0
Male,120000.0
Female,6000.0
Male,59000.0
Female,60000.0
Male,24000.0
Female,110000.0
Female,16000.0
Female,70000.0
Male,38000.0
Female,100000.0
Female,25000.0
Female,30000.0
Male,20400.0
Female,200000.0
Female,31200.0
Female,6200.0
Female,5000.0
Female,45600.0
Male,110000.0
Male,80000.0
Female,125000.0
Female,70000.0
Male,90000.0
Male,1200.0
Male,129000.0
Male,118000.0
Male,83000.0
Female,72000.0
Male,130000.0
Female,61000.0
Male,74000.0
Male,45000.0
Male,37600.0
Male,43000.0
Female,68000.0
Male,140000.0
Male,125000.0
Female,9000.0
Male,68000.0
Female,53000.0
Female,40000.0
Male,110000.0
Male,100.0
Male,79000.0
Male,100000.0
Male,88000.0
Male,40000.0
Female,3000.0
Male,20000.0
Male,80000.0
Female,6800.0
Female,71000.0
Female,120000.0
Male,50000.0
Male,41000.0
Male,14200.0
Male,95000.0
Female,60000.0
Male,273000.0
Female,5000.0
Male,25000.0
Female,60000.0
Female,75000.0
Male,70000.0
Male,7200.0
Female,31200.0
Female,74000.0
Female,148000.0
Female,20000.0
Male,50000.0
Female,20000.0
Female,60000.0
Male,100000.0
Male,129000.0
Female,30000.0
Female,130000.0
Male,100000.0
Male,35600.0
Male,15000.0
Male,72000.0
Female,74000.0
Male,50000.0
Male,120000.0
Female,10000.0
Male,45000.0
Female,38000.0
Male,105000.0
Female,12000.0
Male,100000.0
Female,66000.0
Male,70000.0
Female,4400.0
Male,8000.0
Male,120000.0
Female,65000.0
Female,90000.0
Female,75000.0
Male,80000.0
Male,22000.0
Female,15000.0
Male,111000.0
Male,60000.0
Male,42000.0
Male,65000.0
Female,30500.0
Male,65000.0
Female,50000.0
Male,50000.0
Male,150000.0
Female,165000.0
Male,240000.0
Male,103000.0
Male,78000.0
Female,78000.0
Female,52000.0
Male,16800.0
Female,80000.0
Male,24000.0
Female,10000.0
Male,68000.0
Male,95000.0
Male,85000.0
Female,4000.0
Male,46000.0
Female,82000.0
Female,28000.0
Female,21000.0
Female,60000.0
Female,80000.0
Male,80000.0
Female,500.0
Male,225000.0
Female,29000.0
Male,47300.0
Male,140000.0
Male,95000.0
Female,22000.0
Male,10000.0
Female,30000.0
Female,70000.0
Male,80000.0
Female,80000.0
Male,75000.0
Female,11900.0
Male,30000.0
Male,66000.0
Female,40000.0
Male,105000.0
Female,40000.0
Female,12000.0
Male,6000.0
Female,50000.0
Male,27100.0
Female,35000.0
Female,25000.0
Female,9600.0
Male,98000.0
Female,70000.0
Female,14000.0
Male,91000.0
Male,36000.0
Male,75000.0
Male,55000.0
Female,95000.0
Male,75000.0
Female,27000.0
Male,3000.0
Male,94000.0
Male,50000.0
Male,100000.0
Female,480.0
Female,105000.0
Female,4700.0
Female,75000.0
Male,80000.0
Female,40000.0
Female,42000.0
Female,33000.0
Female,150000.0
Male,150000.0
Female,99000.0
Female,11900.0
Female,70000.0
Female,84000.0
Male,43000.0
Female,50000.0
Male,220000.0
Male,7000.0
Male,100000.0
Male,30000.0
Male,108000.0
Female,35000.0
Male,250000.0
Female,15000.0
Male,80000.0
Female,15000.0
Male,100000.0
Female,135000.0
Female,30000.0
Male,39000.0
Male,28000.0
Female,18400.0
Female,10000.0
Male,11900.0
Male,126000.0
Male,21600.0
Female,40000.0
Male,20500.0
Female,15000.0
Male,3600.0
Female,50000.0
Female,52000.0
Female,103000.0
Female,3600.0
Female,110000.0
Male,48000.0
Male,175000.0
Male,150000.0
Male,75000.0
Female,10000.0
Male,158000.0
Male,60000.0
Male,30000.0
Female,70000.0
Female,32000.0
Female,170000.0
Male,30000.0
Male,75000.0
Male,62000.0
Male,45000.0
Female,4300.0
Male,46000.0
Male,60000.0
Male,35400.0
Female,42000.0
Female,7000.0
Male,47100.0
Female,73000.0
Female,23000.0
Female,90000.0
Male,41000.0
Female,75000.0
Male,49000.0
Female,60000.0
Female,13000.0
Female,65000.0
Female,65000.0
Male,78000.0
Female,80000.0
Female,57000.0
Female,93000.0
Female,15600.0
Female,270000.0
Male,106000.0
Female,85000.0
Male,11500.0
Male,46100.0
Male,125000.0
Female,114000.0
Male,130000.0
Female,13600.0
Male,120000.0
Female,60000.0
Female,68000.0
Female,35000.0
Male,32000.0
Male,300000.0
Male,84000.0
Female,13000.0
Female,15000.0
Male,40300.0
Male,52000.0
Male,130000.0
Male,40000.0
Male,48000.0
Male,48000.0
Female,94000.0
Female,51000.0
Male,5000.0
Male,8000.0
Female,65000.0
Male,78000.0
Male,75000.0
Male,300000.0
Male,55000.0
Male,57000.0
Female,10000.0
Female,25500.0
Female,70000.0
Male,64000.0
Female,118000.0
Male,30600.0
Female,120000.0
Male,5500.0
Female,20000.0
Male,150000.0
Male,80000.0
Male,43000.0
Female,16000.0
Female,70000.0
Male,60000.0
Male,15000.0
Male,58000.0
Male,65000.0
Male,100000.0
Male,32000.0
Male,10500.0
Male,22000.0
Male,68000.0
Male,105000.0
Male,32000.0
Male,99000.0
Male,65000.0
Female,10000.0
Female,10000.0
Female,4000.0
Male,22000.0
Male,75000.0
Male,81000.0
Female,65000.0
Male,120000.0
Male,45000.0
Female,18000.0
Male,200000.0
Female,130000.0
Male,49500.0
Male,30000.0
Male,120000.0
Male,15000.0
Female,88000.0
Male,3000.0
Female,33000.0
Female,19500.0
Male,103000.0
Male,56000.0
Male,70000.0
Male,60000.0
Male,56000.0
Male,60000.0
Female,1800.0
Male,143000.0
Male,150000.0
Female,90000.0
Male,40000.0
Male,300.0
Female,15300.0
Female,18000.0
Male,160000.0
Female,40000.0
Female,50000.0
Male,650.0
Female,33800.0
Female,12000.0
Female,42000.0
Female,27000.0
Female,74000.0
Male,38700.0
Male,5400.0
Male,65000.0
Female,143000.0
Female,133000.0
Male,2200.0
Male,45000.0
Female,53000.0
Male,7200.0
Male,60000.0
Female,15000.0
Female,145000.0
Male,61000.0
Male,62000.0
Female,1500.0
Male,88000.0
Female,78000.0
Male,50000.0
Male,90000.0
Female,165000.0
Male,140000.0
Female,61000.0
Female,60000.0
Male,90000.0
Male,33600.0
Male,30000.0
Male,102000.0
Female,57000.0
Female,2200.0
Female,6500.0
Female,38400.0
Female,40000.0
Female,5000.0
Male,55000.0
Male,40000.0
Female,50000.0
Male,41000.0
Male,31700.0
Male,5000.0
Female,42000.0
Female,135000.0
Male,120000.0
Male,49000.0
Female,26000.0
Male,80000.0
Male,100000.0
Male,1500.0
Female,19800.0
Male,1400.0
Male,12000.0
Female,62000.0
Female,88000.0
Female,65000.0
Male,43000.0
Male,6000.0
Female,85000.0
Female,41000.0
Female,78000.0
Female,60000.0
Male,38200.0
Male,33000.0
Male,30000.0
Male,30000.0
Female,45000.0
Female,40000.0
Female,2000.0
Male,43000.0
Male,13300.0
Female,21000.0
Female,60000.0
Male,25000.0
Female,275000.0
Male,40000.0
Female,65000.0
Male,60000.0
Male,45000.0
Male,9700.0
Male,43000.0
Male,65000.0
Male,61000.0
Male,57000.0
Female,200000.0
Male,80000.0
Male,45000.0
Female,15000.0
Male,60000.0
Female,6900.0
Female,56000.0
Female,22000.0
Male,85000.0
Male,100000.0
Female,77000.0
Male,11000.0
Male,100000.0
Female,120000.0
Male,195000.0
Male,30000.0
Male,300000.0
Female,41000.0
Male,27000.0
Female,118000.0
Female,25600.0
Male,8000.0
Male,80000.0
Male,40000.0
Female,65000.0
Male,43200.0
Male,250000.0
Female,25000.0
Female,52000.0
Male,8500.0
Female,3000.0
Female,70000.0
Male,57000.0
Female,37400.0
Female,100000.0
Male,28000.0
Male,2300.0
Female,260000.0
Female,34000.0
Female,90000.0
Male,150000.0
Male,65000.0
Male,70000.0
Male,22000.0
Male,140000.0
Male,50000.0
Male,10500.0
Male,200000.0
Female,29700.0
Male,45000.0
Female,14200.0
Female,6000.0
Male,72000.0
Female,62000.0
Female,2000.0
Female,26000.0
Male,30000.0
Male,69000.0
Female,72000.0
Female,212000.0
Male,130000.0
Male,6500.0
Male,65000.0
Male,77000.0
Male,100000.0
Male,2500.0
Female,3800.0
Female,30000.0
Female,10000.0
Female,50000.0
Female,40000.0
Male,46900.0
Female,42000.0
Female,63000.0
Male,12000.0
Female,50000.0
Male,34000.0
Male,83000.0
Male,750.0
Female,24000.0
Male,59000.0
Female,3000.0
Female,34000.0
Female,100000.0
Female,25000.0
Female,115000.0
Female,50000.0
Female,41000.0
Male,125000.0
Female,6400.0
Female,143000.0
Female,63000.0
Female,22200.0
Male,125000.0
Male,97000.0
Female,15000.0
Female,100000.0
Male,38000.0
Female,22000.0
Female,37500.0
Female,28000.0
Female,120000.0
Female,21000.0
Female,41000.0
Female,113000.0
Male,63000.0
Female,40000.0
Female,90000.0
Female,88000.0
Male,30000.0
Female,32300.0
Female,10000.0
Female,50000.0
Female,25000.0
Male,35000.0
Male,31500.0
Female,125000.0
Female,76000.0
Male,45000.0
Male,120000.0
Male,5000.0
Male,14000.0
Female,26000.0
Female,50000.0
Female,20000.0
Male,35000.0
Female,75000.0
Female,32000.0
Male,30000.0
Male,15000.0
Female,50000.0
Male,80000.0
Female,25000.0
Male,41600.0
Female,40000.0
Male,50000.0
Male,128000.0
Female,80000.0
Female,30000.0
Female,80000.0
Female,1100.0
Female,180000.0
Female,42000.0
Male,15000.0
Male,194000.0
Male,20000.0
Female,44000.0
Male,75000.0
Male,108000.0
Female,23000.0
Female,36700.0
Female,200000.0
Female,50000.0
Male,45000.0
Male,30000.0
Male,159000.0
Female,40500.0
Male,78000.0
Female,80000.0
Female,108000.0
Male,54000.0
Female,20000.0
Female,30000.0
Male,40000.0
Male,30000.0
Female,41000.0
Male,55000.0
Male,90000.0
Female,35000.0
Female,65000.0
Male,40000.0
Male,200000.0
Female,110000.0
Male,55000.0
Female,14400.0
Female,1100.0
Male,167000.0
Male,30000.0
Male,82000.0
Male,150000.0
Female,30000.0
Female,110000.0
Female,35900.0
Female,55000.0
Female,37000.0
Female,3400.0
Male,250000.0
Male,3600.0
Female,25000.0
Female,90000.0
Male,120000.0
Female,28000.0
Male,23400.0
Male,210000.0
Male,125000.0
Female,3800.0
Male,1200.0
Female,13000.0
Female,50000.0
Female,15000.0
Male,50000.0
Male,36000.0
Male,100000.0
Male,142000.0
Female,59000.0
Male,110000.0
Female,21000.0
Female,12700.0
Male,110000.0
Female,34400.0
Female,39500.0
Female,130000.0
Female,250000.0
Female,8500.0
Female,40000.0
Male,52000.0
Female,37400.0
Female,44600.0
Female,55000.0
Male,96000.0
Male,6300.0
Male,59000.0
Female,12000.0
Male,95000.0
Male,220000.0
Female,240000.0
Female,10000.0
Male,83000.0
Female,8000.0
Female,52000.0
Male,140000.0
Male,120000.0
Male,20800.0
Female,120000.0
Male,5000.0
Female,49500.0
Male,28000.0
Male,40000.0
Female,50000.0
Male,37000.0
Male,110000.0
Female,75000.0
Male,5000.0
Male,91000.0
Male,115000.0
Male,75000.0
Female,6300.0
Male,1500.0
Male,147000.0
Male,64000.0
Female,3500.0
Female,30000.0
Female,45000.0
Male,50000.0
Male,36000.0
Female,12000.0
Female,3100.0
Male,114000.0
Female,78000.0
Female,58000.0
Male,70000.0
Male,18600.0
Male,30000.0
Male,20000.0
Female,60000.0
Male,52000.0
Male,800.0
Male,200000.0
Male,20000.0
Female,90000.0
Male,33000.0
Female,85000.0
Male,150000.0
Male,90000.0
Male,9100.0
Male,150000.0
Male,4000.0
Male,70000.0
Male,30000.0
Female,40000.0
Female,100000.0
Female,1100.0
Male,100000.0
Female,192000.0
Male,185000.0
Female,40000.0
Male,100000.0
Female,29000.0
Female,15000.0
Female,6000.0
Female,6600.0
Female,32000.0
Female,120000.0
Female,33000.0
Female,10000.0
Male,150000.0
Female,48000.0
Male,50000.0
Male,40000.0
Female,6000.0
Male,35000.0
Male,90000.0
Female,47500.0
Male,55000.0
Female,145000.0
Male,48000.0
Male,24000.0
Female,65000.0
Male,45000.0
Male,121000.0
Male,70000.0
Male,300000.0
Female,143000.0
Female,135000.0
Male,50000.0
Male,40000.0
Male,21000.0
Female,160000.0
Female,115000.0
Male,46000.0
Female,60000.0
Male,151000.0
Male,44700.0
Female,35000.0
Male,40000.0
Male,49600.0
Male,90000.0
Female,28000.0
Female,120000.0
Female,55000.0
Male,90000.0
Male,100000.0
Male,160000.0
Female,36000.0
Male,92000.0
Female,43000.0
Male,12000.0
Female,55000.0
Male,51000.0
Male,35000.0
Male,79000.0
Male,240000.0
Female,52000.0
Male,75000.0
Male,100000.0
Male,53000.0
Male,90000.0
Female,60000.0
Male,125000.0
Female,50000.0
Female,14600.0
Male,70000.0
Male,151000.0
Male,12700.0
Male,80000.0
Female,150000.0
Male,200000.0
Female,15000.0
Male,92000.0
Male,20000.0
Male,98000.0
Male,135000.0
Female,460.0
Male,115000.0
Male,16000.0
Female,19000.0
Female,85000.0
Male,50000.0
Female,220000.0
Female,1000.0
Male,105000.0
Female,21900.0
Female,2400.0
Female,47000.0
Male,33000.0
Male,100000.0
Male,61000.0
Female,42000.0
Male,78000.0
Female,4500.0
Female,5000.0
Male,98000.0
Female,90000.0
Female,9600.0
Female,25000.0
Male,38000.0
Male,800.0
Male,300000.0
Male,184000.0
Male,160000.0
Female,13000.0
Female,88000.0
Female,15000.0
Female,25000.0
Male,180000.0
Female,26000.0
Female,79000.0
Male,12000.0
Female,31600.0
Male,60000.0
Male,40000.0
Male,9000.0
Male,215000.0
Female,49000.0
Female,18000.0
Male,3000.0
Male,115000.0
Male,150000.0
Male,225000.0
Female,63000.0
Female,58000.0
Female,11000.0
Female,50000.0
Male,210000.0
Female,58000.0
Female,15000.0
Male,45000.0
Male,110000.0
Female,24000.0
Male,115000.0
Female,30000.0
Female,42000.0
Female,15000.0
Female,20000.0
Male,40000.0
Male,85000.0
Female,70000.0
Male,40000.0
Male,60000.0
Male,65000.0
Female,114000.0
Female,102000.0
Female,100000.0
Male,27000.0
Female,23000.0
Female,27900.0
Male,70000.0
Male,15000.0
Male,30000.0
Female,18200.0
Female,43200.0
Female,200.0
Female,90000.0
Female,55000.0
Female,50000.0
Female,3000.0
Female,67000.0
Male,25000.0
Male,70000.0
Female,49200.0
Male,40000.0
Female,27900.0
Male,70000.0
Male,65000.0
Female,73000.0
Female,56000.0
Female,60000.0
Male,100000.0
Male,100000.0
Male,28000.0
Female,76000.0
Female,115000.0
Male,35000.0
Male,45100.0
Female,7800.0
Female,70000.0
Male,20000.0
Male,65000.0
Female,117000.0
Male,157000.0
Male,11500.0
Female,42000.0
Female,50000.0
Female,18000.0
Male,40000.0
Female,72000.0
Female,65000.0
Male,75000.0
Female,25000.0
Male,240000.0
Female,112000.0
Male,30100.0
Female,29000.0
Female,3400.0
Female,33000.0
Male,91000.0
Male,85000.0
Female,70000.0
Female,45500.0
Female,170000.0
Female,80000.0
Male,125000.0
Male,80000.0
Male,140000.0
Male,41500.0
Male,250000.0
Female,90000.0
Female,88000.0
Male,35000.0
Female,70000.0
Male,25000.0
Male,47400.0
Female,130000.0
Female,40000.0
Female,23000.0
Female,47100.0
Female,29700.0
Male,90000.0
Male,75000.0
Female,3000.0
Male,46000.0
Male,60000.0
Male,35000.0
Female,24000.0
Female,130000.0
Female,2000.0
Female,12000.0
Male,40000.0
Male,34600.0
Male,31200.0
Male,45000.0
Female,60000.0
Female,21000.0
Female,108000.0
Female,60000.0
Male,29000.0
Male,165000.0
Male,88000.0
Female,85000.0
Female,72000.0
Male,100000.0
Female,24000.0
Male,40000.0
Male,120000.0
Female,34000.0
Male,29000.0
Male,65000.0
Male,6500.0
Female,35000.0
Female,60000.0
Male,1800.0
Male,65000.0
Male,65000.0
Female,68000.0
Female,74000.0
Male,137000.0
Female,25000.0
Male,160000.0
Female,20000.0
Male,100000.0
Male,1400.0
Male,87000.0
Male,60000.0
Male,106000.0
Male,120000.0
Male,16000.0
Male,70000.0
Female,208000.0
Male,180000.0
Female,15000.0
Male,60000.0
Female,35000.0
Male,39000.0
Female,30000.0
Female,100000.0
Male,130000.0
Male,68000.0
Male,6000.0
Male,65000.0
Male,20000.0
Female,118000.0
Female,8000.0
Male,40000.0
Male,125000.0
Female,15100.0
Female,120000.0
Male,88000.0
Female,56000.0
Female,120000.0
Male,10000.0
Male,23000.0
Female,33300.0
Female,60000.0
Male,60000.0
Female,85000.0
Female,27000.0
Male,100000.0
Female,25000.0
Female,18000.0
Male,61000.0
Male,35000.0
Female,40000.0
Male,190000.0
Male,60000.0
Female,80000.0
Female,80000.0
Female,100000.0
Male,90000.0
Male,90000.0
Male,80000.0
Female,24000.0
Male,40000.0
Female,4100.0
Female,6000.0
Male,78000.0
Male,52000.0
Female,34000.0
Female,8400.0
Male,73000.0
Female,80000.0
Female,52000.0
Female,4300.0
Male,38000.0
Male,65000.0
Female,40300.0
Female,175000.0
Male,31800.0
Male,250000.0
Female,60000.0
Male,63000.0
Male,66000.0
Male,36000.0
Female,8200.0
Male,85000.0
Female,56000.0
Male,45000.0
Female,2900.0
Male,54000.0
Male,90000.0
Female,12500.0
Female,183000.0
Female,60000.0
Female,21600.0
Male,60000.0
Female,215000.0
Female,78000.0
Female,61000.0
Male,84000.0
Female,32000.0
Male,60000.0
Male,85000.0
Female,13000.0
Female,40000.0
Male,56000.0
Female,16600.0
Female,212000.0
Male,16000.0
Female,1900.0
Female,55000.0
Male,9000.0
Female,143000.0
Female,30000.0
Female,4500.0
Male,65000.0
Male,200000.0
Female,20000.0
Male,64000.0
Male,14000.0
Male,80000.0
Male,37300.0
Male,110000.0
Female,48000.0
Female,12000.0
Female,130000.0
Male,26000.0
Male,150000.0
Female,28000.0
Female,27000.0
Female,30000.0
Female,3000.0
Female,26200.0
Female,29000.0
Male,45000.0
Female,240000.0
Male,30000.0
Male,80000.0
Male,14800.0
Female,100000.0
Female,54000.0
Male,15000.0
Female,60000.0
Female,50000.0
Male,95000.0
Male,5500.0
Female,50000.0
Male,50000.0
Male,111000.0
Female,47000.0
Female,2300.0
Male,108000.0
Female,50000.0
Female,250000.0
Male,70000.0
Female,120000.0
Male,27000.0
Female,10000.0
Female,80000.0
Female,60000.0
Male,20000.0
Male,110000.0
Female,23000.0
Male,200000.0
Female,67000.0
Male,47000.0
Male,50000.0
Female,85000.0
Male,93000.0
Male,14000.0
Female,2000.0
Male,80000.0
Female,101000.0
Male,59000.0
Female,49900.0
Female,160000.0
Female,29000.0
Female,68000.0
Female,8000.0
Female,62000.0
Male,14500.0
Female,250000.0
Female,63000.0
Male,12000.0
Male,30000.0
Female,30000.0
Female,24000.0
Male,48000.0
Female,36000.0
Female,39000.0
Female,10000.0
Male,70000.0
Male,80000.0
Male,200000.0
Female,90000.0
Male,65000.0
Female,26400.0
Male,100000.0
Male,29500.0
Male,98000.0
Male,80000.0
Female,35000.0
Female,108000.0
Male,40000.0
Male,75000.0
Male,82000.0
Male,50000.0
Female,70000.0
Male,34000.0
Male,70000.0
Female,6500.0
Male,65000.0
Female,18000.0
Male,50000.0
Female,84000.0
Female,7800.0
Female,28000.0
Male,90000.0
Female,42000.0
Male,10600.0
Female,32000.0
Male,70000.0
Female,1000.0
Female,20000.0
Female,18000.0
Male,38400.0
Male,109000.0
Female,10000.0
Male,35000.0
Female,8000.0
Male,16800.0
Female,48000.0
Male,9000.0
Male,118000.0
Male,171000.0
Male,70000.0
Male,35000.0
Female,10600.0
Female,1100.0
Female,6000.0
Female,50000.0
Male,18000.0
Male,210000.0
Female,13600.0
Male,104000.0
Female,9000.0
Male,45000.0
Female,42000.0
Male,80000.0
Male,35000.0
Male,42000.0
Male,120000.0
Male,205000.0
Female,70000.0
Male,56000.0
Male,53000.0
Male,78000.0
Female,65000.0
Male,105000.0
Male,200000.0
Female,110000.0
Male,40000.0
Female,26000.0
Male,100000.0
Male,62000.0
Female,37000.0
Female,80000.0
Female,30000.0
Male,50000.0
Male,185000.0
Female,50000.0
Male,500.0
Male,72000.0
Male,120000.0
Male,60000.0
Male,48000.0
Female,20000.0
Male,18000.0
Female,10000.0
Female,2500.0
Female,80000.0
Female,15500.0
Female,39000.0
Male,130000.0
Male,13000.0
Female,70000.0
Male,2000.0
Male,60000.0
Female,10800.0
Male,90000.0
Female,25000.0
Female,2800.0
Female,75000.0
Male,65000.0
Female,85000.0
Male,65000.0
Female,45000.0
Female,39000.0
Male,50000.0
Female,57000.0
Female,32000.0
Female,35000.0
Male,190000.0
Male,56000.0
Male,43800.0
Male,45000.0
Male,24200.0
Male,35000.0
Female,32000.0
Male,250000.0
Female,40000.0
Male,120000.0
Male,50000.0
Female,20000.0
Female,55000.0
Female,11000.0
Male,75000.0
Male,146000.0
Female,7800.0
Female,37000.0
Male,1500.0
Female,12000.0
Male,34000.0
Female,270000.0
Male,35000.0
Female,30000.0
Female,9000.0
Female,5500.0
Male,45000.0
Male,200000.0
Male,10000.0
Male,85000.0
Female,1300.0
Male,90000.0
Male,25000.0
Male,200000.0
Male,56000.0
Male,42000.0
Male,91000.0
Female,20000.0
Male,11000.0
Female,1000.0
Female,54000.0
Female,35000.0
Female,90000.0
Male,105000.0
Female,4500.0
Male,80000.0
Male,35000.0
Male,9600.0
Male,27000.0
Male,82000.0
Male,5000.0
Female,65000.0
Male,70000.0
Female,35000.0
Male,30000.0
Female,50000.0
Female,140000.0
Male,52000.0
Male,85000.0
Female,26000.0
Male,80000.0
Female,17000.0
Female,50000.0
Male,20000.0
Male,80000.0
Female,13700.0
Female,40000.0
Female,66000.0
Female,6000.0
Female,70000.0
Male,8000.0
Male,7000.0
Male,72000.0
Female,3600.0
Female,39500.0
Male,41600.0
Male,48000.0
Female,14400.0
Female,30000.0
Male,64000.0
Female,58000.0
Female,28000.0
Female,25000.0
Female,40000.0
Male,130000.0
Male,100000.0
Female,98000.0
Female,117000.0
Male,300000.0
Male,60000.0
Male,70000.0
Male,105000.0
Female,2600.0
Male,65000.0
Male,40000.0
Male,6300.0
Male,51000.0
Female,120000.0
Female,30000.0
Male,20000.0
Female,35000.0
Male,52000.0
Female,1000.0
Female,102000.0
Male,9000.0
Female,75000.0
Female,37300.0
Male,140000.0
Male,47000.0
Female,122000.0
Male,48000.0
Female,37500.0
Female,60000.0
Male,57000.0
Female,40000.0
Female,35000.0
Female,260.0
Female,130000.0
Male,125000.0
Female,31200.0
Male,17900.0
Female,6800.0
Male,75000.0
Male,50000.0
Male,55000.0
Female,40000.0
Male,107000.0
Male,65000.0
Female,250000.0
Male,45000.0
Male,2000.0
Male,70000.0
Male,12000.0
Female,95000.0
Female,31000.0
Female,15000.0
Female,10000.0
Male,110000.0
Male,12000.0
Male,57000.0
Female,45000.0
Female,20000.0
Male,5000.0
Female,27000.0
Female,40000.0
Female,80000.0
Female,1500.0
Female,48000.0
Female,200.0
Male,36500.0
Female,49000.0
Female,27000.0
Male,54000.0
Male,9600.0
Male,80000.0
Male,26000.0
Female,70000.0
Male,47500.0
Male,65000.0
Male,3000.0
Male,80000.0
Female,38400.0
Male,100.0
Female,24000.0
Male,125000.0
Male,17000.0
Male,45000.0
Female,35000.0
Female,33000.0
Female,26000.0
Male,95000.0
Female,140000.0
Male,75000.0
Female,2000.0
Female,22700.0
Male,78000.0
Male,78000.0
Male,69000.0
Male,70000.0
Female,38000.0
Male,24000.0
Male,30000.0
Male,13000.0
Male,150000.0
Male,65000.0
Male,12000.0
Female,10000.0
Male,42300.0
Female,62000.0
Male,50000.0
Female,28000.0
Male,57000.0
Female,122000.0
Female,30000.0
Female,82000.0
Male,70000.0
Male,85000.0
Female,4100.0
Male,86000.0
Female,13000.0
Male,16000.0
Female,75000.0
Female,180000.0
Female,940.0
Female,26000.0
Female,78000.0
Female,2400.0
Female,52000.0
Male,90000.0
Male,47000.0
Male,80000.0
Female,20000.0
Male,25000.0
Male,74000.0
Female,76000.0
Female,4000.0
Female,220000.0
Female,34000.0
Male,50000.0
Female,250000.0
Female,80000.0
Male,39500.0
Female,49000.0
Male,100000.0
Female,9300.0
Female,22900.0
Female,220000.0
Female,20000.0
Male,106000.0
Male,48000.0
Male,70000.0
Female,50000.0
Male,145000.0
Female,42000.0
Female,52000.0
Female,15000.0
Male,87000.0
Male,210000.0
Female,18000.0
Female,45000.0
Male,120000.0
Female,140000.0
Male,20000.0
Female,43000.0
Male,200000.0
Female,37400.0
Female,63000.0
Female,70000.0
Female,38000.0
Female,23000.0
Female,73000.0
Male,70000.0
Female,2000.0
Female,94000.0
Female,90000.0
Female,40000.0
Female,120000.0
Female,209000.0
Male,50000.0
Female,21000.0
Female,24000.0
Male,27500.0
Female,125000.0
Female,57000.0
Male,400.0
Male,42000.0
Male,45000.0
Female,41500.0
Female,85000.0
Female,52000.0
Male,16000.0
Female,45000.0
Female,5800.0
Female,20000.0
Male,69000.0
Female,60000.0
Female,37000.0
Female,55000.0
Male,95000.0
Male,40000.0
Male,178000.0
Female,17300.0
Male,10000.0
Female,14400.0
Female,140000.0
Male,158000.0
Female,47000.0
Female,140000.0
Male,22000.0
Male,1000.0
Male,65000.0
Female,4500.0
Male,55000.0
Female,9000.0
Male,100000.0
Male,40000.0
Male,60000.0
Female,3000.0
Male,36000.0
Female,4700.0
Female,95000.0
Female,62000.0
Female,40000.0
Male,100000.0
Male,30000.0
Male,250000.0
Female,25000.0
Female,30000.0
Female,30000.0
Male,65000.0
Male,110000.0
Female,5000.0
Male,65000.0
Female,18000.0
Female,30000.0
Female,39000.0
Male,40000.0
Male,263000.0
Male,47500.0
Male,27000.0
Male,120000.0
Male,28000.0
Male,25600.0
Female,1000.0
Female,50000.0
Male,300000.0
Male,150000.0
Male,70000.0
Female,18900.0
Female,30000.0
Female,60000.0
Female,58000.0
Female,12000.0
Female,56000.0
Male,45000.0
Male,33000.0
Female,6000.0
Female,8200.0
Female,16000.0
Female,30000.0
Male,155000.0
Male,120000.0
Female,55000.0
Male,20000.0
Male,48000.0
Male,100000.0
Female,20000.0
Male,24000.0
Female,68000.0
Female,34000.0
Female,122000.0
Female,31200.0
Male,26000.0
Male,14000.0
Female,30000.0
Female,50000.0
Male,170000.0
Female,60000.0
Male,52000.0
Male,30000.0
Male,180000.0
Male,6500.0
Female,95000.0
Male,60000.0
Female,20000.0
Male,80000.0
Male,120000.0
Female,90000.0
Male,70000.0
Male,40000.0
Female,1400.0
Female,170000.0
Female,104000.0
Male,165000.0
Female,60000.0
Male,37000.0
Female,40000.0
Male,115000.0
Male,99000.0
Male,6000.0
Female,65000.0
Female,48000.0
Male,250000.0
Male,89000.0
Female,54000.0
Male,98000.0
Female,92000.0
Female,40000.0
Female,100000.0
Female,45000.0
Male,37000.0
Female,35300.0
Male,180000.0
Male,3200.0
Female,52000.0
Female,79000.0
Female,20000.0
Female,50000.0
Female,250000.0
Male,93000.0
Female,59000.0
Male,87000.0
Female,150000.0
Male,90000.0
Male,13000.0
Female,47500.0
Female,4300.0
Male,220000.0
Male,76000.0
Female,244000.0
Female,70000.0
Female,65000.0
Male,40000.0
Male,46700.0
Male,75000.0
Female,64000.0
Male,60000.0
Female,100000.0
Female,49300.0
Female,90000.0
Female,200000.0
Male,60000.0
Female,36000.0
Female,21000.0
Male,65000.0
Male,70000.0
Male,50000.0
Male,43000.0
Female,200000.0
Female,65000.0
Female,184000.0
Male,47000.0
Female,10000.0
Male,27000.0
Female,4000.0
Female,170000.0
Male,45000.0
Male,300000.0
Male,100000.0
Female,24000.0
Female,29000.0
Male,36000.0
Female,85000.0
Male,68000.0
Female,50000.0
Female,13800.0
Female,26000.0
Female,90000.0
Male,25000.0
Male,24000.0
Male,70000.0
Female,20000.0
Female,2000.0
Female,55000.0
Male,55000.0
Male,145000.0
Male,175000.0
Male,60000.0
Male,75000.0
Male,36400.0
Male,50000.0
Male,121000.0
Female,70000.0
Male,120000.0
Male,65000.0
Female,34000.0
Male,50000.0
Female,40000.0
Female,49000.0
Male,111000.0
Male,90000.0
Female,52000.0
Male,100000.0
Female,19000.0
Male,20000.0
Male,95000.0
Male,30000.0
Female,16800.0
Female,10000.0
Male,35000.0
Male,1200.0
Male,52000.0
Male,60000.0
Female,100000.0
Male,60000.0
Female,18000.0
Female,55000.0
Male,265000.0
Female,25000.0
Female,100000.0
Male,70000.0
Male,45000.0
Male,30000.0
Female,102000.0
Male,19000.0
Female,41100.0
Male,24000.0
Female,80000.0
Female,5000.0
Female,63000.0
Male,212000.0
Male,50000.0
Male,87000.0
Male,86000.0
Female,1000.0
Female,155000.0
Male,83000.0
Male,1600.0
Female,51000.0
Male,185000.0
Male,76000.0
Female,42000.0
Male,100000.0
Male,60000.0
Male,8000.0
Male,54000.0
Female,65000.0
Male,42000.0
Female,250000.0
Male,120000.0
Male,150000.0
Male,205000.0
Male,88000.0
Female,28000.0
Male,2000.0
Female,54000.0
Female,86000.0
Male,150000.0
Female,25800.0
Male,105000.0
Female,105000.0
Male,160000.0
Female,47000.0
Male,300000.0
Female,92000.0
Male,30000.0
Female,32000.0
Male,11000.0
Male,5000.0
Male,200000.0
Female,150000.0
Male,80000.0
Male,28000.0
Male,4000.0
Female,25000.0
Female,25100.0
Female,70000.0
Male,120000.0
Male,42000.0
Male,70000.0
Female,6000.0
Male,19000.0
Male,12700.0
Male,45000.0
Female,54000.0
Female,20000.0
Male,8000.0
Male,146000.0
Male,7500.0
Female,2400.0
Female,24000.0
Female,120000.0
Male,30000.0
Female,85000.0
Female,85000.0
Female,130000.0
Female,85000.0
Female,30000.0
Male,100000.0
Male,60000.0
Male,12600.0
Female,23000.0
Male,60000.0
Male,32700.0
Male,24000.0
Male,31700.0
Female,74000.0
Male,20000.0
Male,120000.0
Male,215000.0
Female,33000.0
Female,70000.0
Female,58000.0
Male,2600.0
Male,28000.0
Female,16200.0
Female,1400.0
Female,85000.0
Female,35000.0
Female,64000.0
Male,120000.0
Female,70000.0
Male,64000.0
Female,49000.0
Male,7900.0
Male,203000.0
Male,12000.0
Male,24000.0
Female,25000.0
Male,10000.0
Female,130000.0
Female,1000.0
Male,90000.0
Female,24000.0
Female,12000.0
Male,4600.0
Male,40000.0
Female,102000.0
Female,37400.0
Male,40000.0
Male,100000.0
Male,90000.0
Male,150000.0
Male,50000.0
Male,20000.0
Female,4000.0
Female,47000.0
Female,247000.0
Female,89000.0
Female,4800.0
Female,120000.0
Female,34000.0
Female,12000.0
Female,31200.0
Female,39200.0
Female,33000.0
Male,40000.0
Female,55000.0
Female,20000.0
Female,224000.0
Male,221000.0
Male,8000.0
Female,70000.0
Female,31200.0
Female,120000.0
Female,86000.0
Male,100000.0
Female,72000.0
Female,5000.0
Female,2500.0
Female,50000.0
Female,62000.0
Male,40000.0
Female,30000.0
Male,90000.0
Male,11000.0
Female,25000.0
Female,42000.0
Male,75000.0
Male,20000.0
Male,12000.0
Female,55000.0
Male,40000.0
Male,50000.0
Female,36800.0
Female,30000.0
Female,152000.0
Female,60000.0
Female,52000.0
Male,120000.0
Male,50000.0
Female,170000.0
Female,38000.0
Male,30000.0
Female,130000.0
Female,80000.0
Male,80000.0
Male,20000.0
Male,30500.0
Female,58000.0
Male,52000.0
Female,45000.0
Female,700.0
Female,35000.0
Male,45000.0
Female,11700.0
Male,8000.0
Male,20000.0
Female,40000.0
Male,135000.0
Female,69000.0
Female,5100.0
Male,149000.0
Female,5000.0
Male,42000.0
Male,145000.0
Female,45000.0
Female,55000.0
Female,55000.0
Female,79000.0
Male,500.0
Female,1600.0
Male,9000.0
Male,500.0
Male,95000.0
Female,80000.0
Male,95000.0
Male,55000.0
Female,52000.0
Male,15000.0
Male,5000.0
Female,30000.0
Male,50000.0
Female,88000.0
Female,76000.0
Female,10600.0
Male,200000.0
Male,48000.0
Female,30000.0
Male,74000.0
Male,25000.0
Male,120000.0
Female,3000.0
Female,80000.0
Female,200000.0
Male,40000.0
Female,1000.0
Female,36000.0
Female,145000.0
Male,10000.0
Female,30000.0
Male,240000.0
Male,70000.0
Female,63000.0
Male,60000.0
Female,25000.0
Female,72000.0
Female,27800.0
Female,80000.0
Male,108000.0
Male,62000.0
Female,26600.0
Male,35000.0
Male,91000.0
Male,60000.0
Male,70000.0
Male,61000.0
Male,80000.0
Male,40000.0
Female,43300.0
Male,46000.0
Male,3000.0
Male,90000.0
Male,92000.0
Male,4000.0
Male,30000.0
Male,15000.0
Female,23000.0
Female,28000.0
Male,60000.0
Male,50000.0
Male,1000.0
Male,35000.0
Male,240000.0
Female,3000.0
Female,175000.0
Female,41000.0
Female,15000.0
Female,24000.0
Male,102000.0
Female,120000.0
Male,65000.0
Male,120000.0
Female,34000.0
Female,14500.0
Male,40000.0
Male,40000.0
Female,120000.0
Female,66000.0
Male,60000.0
Male,50000.0
Female,100000.0
Male,53000.0
Male,50000.0
Female,30000.0
Female,52000.0
Male,70000.0
Male,21400.0
Female,1000.0
Female,25000.0
Male,70000.0
Male,170000.0
Female,2200.0
Male,10000.0
Male,70000.0
Male,49500.0
Female,28000.0
Male,36000.0
Female,120000.0
Female,12000.0
Female,19200.0
Male,80000.0
Female,80000.0
Male,190000.0
Female,48000.0
Female,21300.0
Female,7500.0
Male,71000.0
Female,36000.0
Male,50000.0
Female,34000.0
Male,10000.0
Female,80000.0
Female,60000.0
Male,60000.0
Female,90000.0
Male,140000.0
Female,2900.0
Male,1200.0
Female,140000.0
Male,90000.0
Male,61000.0
Male,24000.0
Male,77000.0
Male,27000.0
Female,20000.0
Male,25000.0
Male,35000.0
Male,14000.0
Female,20500.0
Female,151000.0
Male,65000.0
Male,60000.0
Male,254000.0
Male,80000.0
Male,266000.0
Female,15500.0
Male,6000.0
Male,16000.0
Female,32000.0
Male,6000.0
Male,15000.0
Female,10000.0
Male,200.0
Male,40000.0
Male,42000.0
Male,65000.0
Male,125000.0
Male,38000.0
Female,70000.0
Male,91000.0
Female,120000.0
Male,85000.0
Male,4000.0
Male,3500.0
Female,130000.0
Male,38600.0
Male,36700.0
Male,90000.0
Male,85000.0
Male,28600.0
Female,34000.0
Male,125000.0
Female,70000.0
Male,30000.0
Female,48000.0
Male,100000.0
Female,70000.0
Female,50000.0
Female,120000.0
Female,64000.0
Male,2000.0
Male,50000.0
Female,33700.0
Female,750.0
Female,70000.0
Male,16000.0
Female,37600.0
Male,145000.0
Male,12000.0
Female,60000.0
Female,28000.0
Male,50000.0
Male,69000.0
Male,230.0
Female,6200.0
Male,14500.0
Female,30000.0
Female,90000.0
Female,65000.0
Male,94000.0
Male,130000.0
Male,26000.0
Male,168000.0
Male,15000.0
Female,40000.0
Female,20000.0
Male,53000.0
Male,12000.0
Female,5000.0
Male,3000.0
Male,110000.0
Male,104000.0
Female,17300.0
Female,30000.0
Male,160000.0
Female,61000.0
Male,110000.0
Male,50000.0
Male,120000.0
Male,35000.0
Male,100000.0
Female,30000.0
Female,14000.0
Male,50000.0
Male,6900.0
Male,32400.0
Male,100000.0
Female,50000.0
Female,2400.0
Female,12000.0
Female,960.0
Male,670.0
Female,59000.0
Male,55000.0
Male,27000.0
Male,119000.0
Female,20000.0
Male,60000.0
Female,20000.0
Female,45000.0
Female,160000.0
Female,62000.0
Male,117000.0
Female,1700.0
Male,65000.0
Male,82000.0
Female,30000.0
Male,48000.0
Female,35000.0
Male,800.0
Female,2000.0
Female,59000.0
Male,69000.0
Female,80000.0
Male,65000.0
Male,24000.0
Female,60000.0
Male,49000.0
Female,6000.0
Female,60000.0
Female,30000.0
Female,120000.0
Female,15600.0
Male,65000.0
Male,68000.0
Male,51000.0
Male,30000.0
Male,178000.0
Female,200.0
Male,230000.0
Female,34000.0
Female,31200.0
Male,150000.0
Female,223000.0
Male,135000.0
Female,16000.0
Female,249000.0
Male,72000.0
Male,94000.0
Male,40000.0
Female,20400.0
Male,73000.0
Male,120000.0
Male,220000.0
Female,300.0
Male,141000.0
Male,31000.0
Male,150000.0
Male,51000.0
Male,41600.0
Male,34000.0
Female,36000.0
Female,36000.0
Male,41000.0
Female,97000.0
Female,160000.0
Male,73000.0
Female,24000.0
Male,64000.0
Female,5800.0
Female,93000.0
Female,16000.0
Male,14400.0
Male,122000.0
Female,50000.0
Female,80000.0
Female,55000.0
Female,5000.0
Female,7000.0
Male,71000.0
Female,6400.0
Female,40000.0
Female,46900.0
Male,65000.0
Female,80000.0
Female,250000.0
Female,82000.0
Female,99000.0
Female,18000.0
Male,113000.0
Female,27000.0
Male,250000.0
Female,160000.0
Female,110000.0
Male,100000.0
Male,4300.0
Female,9300.0
Female,81000.0
Male,27600.0
Male,25000.0
Male,20000.0
Male,74000.0
Female,32200.0
Male,98000.0
Male,96000.0
Female,56000.0
Male,35000.0
Male,50000.0
Male,50000.0
Male,143000.0
Male,88000.0
Female,47400.0
Female,8400.0
Female,40000.0
Male,190000.0
Male,24000.0
Female,100000.0
Male,100000.0
Male,130000.0
Male,98000.0
Female,10100.0
Female,48400.0
Female,60000.0
Male,20000.0
Male,163000.0
Male,2000.0
Female,18000.0
Female,68000.0
Male,14000.0
Female,18400.0
Male,28000.0
Male,50000.0
Female,28100.0
Male,102000.0
Male,34400.0
Female,44000.0
Female,80000.0
Male,20000.0
Female,65000.0
Female,86000.0
Female,650.0
Male,75000.0
Female,1500.0
Female,24000.0
Male,100000.0
Male,100000.0
Female,10000.0
Male,31300.0
Male,100000.0
Male,10000.0
Male,275000.0
Female,34500.0
Male,20000.0
Male,110000.0
Female,40000.0
Female,30000.0
Male,49400.0
Female,7000.0
Male,60000.0
Male,40000.0
Female,60000.0
Female,75000.0
Female,200.0
Female,25000.0
Male,72000.0
Female,3400.0
Male,60000.0
Male,60000.0
Female,52000.0
Male,41600.0
Male,70000.0
Male,36500.0
Female,42200.0
Male,80000.0
Male,15000.0
Female,3100.0
Female,63000.0
Female,150000.0
Male,75000.0
Female,12000.0
Male,60000.0
Male,130000.0
Female,89000.0
Male,50000.0
Female,60000.0
Female,3700.0
Female,150000.0
Male,20000.0
Female,9000.0
Male,42000.0
Female,79000.0
Male,80000.0
Female,63000.0
Male,95000.0
Female,55000.0
Male,38000.0
Male,130000.0
Female,39500.0
Male,100000.0
Female,14000.0
Female,7200.0
Male,1500.0
Male,60000.0
Male,50000.0
Male,50000.0
Female,53000.0
Male,140000.0
Male,209000.0
Male,130000.0
Female,50000.0
Male,100000.0
Female,5600.0
Male,3200.0
Male,3000.0
Male,45000.0
Male,50000.0
Female,12000.0
Male,16700.0
Male,79000.0
Male,78000.0
Male,38000.0
Female,115000.0
Female,168000.0
Male,180000.0
Male,6700.0
Female,40000.0
Male,60000.0
Female,31100.0
Female,94000.0
Female,19000.0
Female,34000.0
Male,70000.0
Male,73000.0
Male,224000.0
Female,200000.0
Male,40000.0
Male,55000.0
Female,211000.0
Female,50000.0
Male,41400.0
Female,32000.0
Male,87000.0
Male,125000.0
Male,100000.0
Male,158000.0
Male,7200.0
Male,133000.0
Male,29000.0
Male,65000.0
Male,52000.0
Male,60000.0
Female,50000.0
Male,80000.0
Female,65000.0
Female,75000.0
Female,40000.0
Male,112000.0
Male,12000.0
Male,180000.0
Male,14000.0
Female,12000.0
Female,112000.0
Female,44000.0
Male,82000.0
Female,57000.0
Female,121000.0
Male,42500.0
Male,60000.0
Male,65000.0
Male,125000.0
Male,90000.0
Female,62000.0
Female,50000.0
Female,49100.0
Female,120000.0
Female,21000.0
Male,42400.0
Female,50000.0
Male,55000.0
Male,99000.0
Female,30400.0
Male,87000.0
Male,29000.0
Male,43900.0
Female,22000.0
Female,101000.0
Female,50000.0
Female,26000.0
Male,5000.0
Female,105000.0
Female,5000.0
Female,23700.0
Male,125000.0
Female,10000.0
Female,60000.0
Female,60000.0
Female,29000.0
Female,83000.0
Female,15700.0
Male,150000.0
Male,6000.0
Female,30000.0
Male,150000.0
Female,36000.0
Female,52000.0
Male,60000.0
Female,150000.0
Male,115000.0
Female,23000.0
Female,25000.0
Male,275000.0
Male,20000.0
Male,6400.0
Female,40000.0
Female,1500.0
Male,60000.0
Male,250000.0
Female,96000.0
Male,87000.0
Female,225000.0
Female,33800.0
Male,30000.0
Female,20000.0
Male,12400.0
Female,8000.0
Female,217000.0
Female,50000.0
Female,71000.0
Male,37000.0
Female,30000.0
Male,47000.0
Female,62000.0
Male,125000.0
Female,52000.0
Male,90000.0
Male,40000.0
Female,2000.0
Male,111000.0
Male,115000.0
Male,18000.0
Male,180000.0
Male,93000.0
Female,78000.0
Female,65000.0
Female,40800.0
Female,77000.0
Female,130000.0
Female,55000.0
Female,25000.0
Male,20100.0
Male,28000.0
Female,65000.0
Male,24000.0
Female,21000.0
Female,110000.0
Female,46200.0
Female,58000.0
Male,130000.0
Female,78000.0
Female,43000.0
Male,100000.0
Male,20000.0
Female,52000.0
Female,45000.0
Male,25000.0
Female,42000.0
Female,70000.0
Male,57000.0
Female,180000.0
Male,170000.0
Female,57000.0
Female,175000.0
Male,30000.0
Male,42000.0
Male,34300.0
Male,60000.0
Female,50000.0
Female,13000.0
Male,124000.0
Female,42000.0
Male,100000.0
Male,91000.0
Male,160000.0
Male,70000.0
Female,83000.0
Male,15000.0
Male,50000.0
Male,40000.0
Male,46500.0
Male,135000.0
Female,40000.0
Female,30000.0
Male,60000.0
Female,100000.0
Male,75000.0
Male,59000.0
Female,95000.0
Female,90000.0
Male,45000.0
Male,85000.0
Female,10000.0
Male,80000.0
Female,50000.0
Female,60000.0
Male,23000.0
Male,118000.0
Female,50000.0
Male,70000.0
Male,80000.0
Female,20000.0
Male,90000.0
Male,75000.0
Female,50000.0
Male,19000.0
Male,12000.0
Male,99000.0
Male,85000.0
Female,95000.0
Female,72000.0
Female,37500.0
Male,12700.0
Female,50000.0
Male,4000.0
Female,50000.0
Female,21000.0
Female,43000.0
Female,67000.0
Female,24000.0
Female,82000.0
Male,67000.0
Female,32000.0
Male,150000.0
Female,35400.0
Female,102000.0
Female,35400.0
Male,80000.0
Male,45000.0
Male,60000.0
Male,90000.0
Female,24500.0
Female,80000.0
Male,25000.0
Male,81000.0
Male,40000.0
Female,30000.0
Male,250000.0
Female,7400.0
Female,28000.0
Female,12000.0
Male,6300.0
Male,9000.0
Female,50000.0
Female,30000.0
Female,1300.0
Female,56000.0
Female,62000.0
Male,52000.0
Female,43000.0
Female,65000.0
Male,101000.0
Male,130000.0
Female,25000.0
Female,117000.0
Female,55000.0
Female,68000.0
Male,50000.0
Female,110000.0
Male,90000.0
Female,15600.0
Male,114000.0
Female,43000.0
Male,31200.0
Male,52000.0
Male,26400.0
Female,40000.0
Female,26000.0
Female,116000.0
Male,61000.0
Female,180000.0
Female,21000.0
Male,1200.0
Male,42600.0
Female,4000.0
Male,48000.0
Female,49500.0
Male,10000.0
Female,15000.0
Female,39300.0
Male,178000.0
Male,75000.0
Male,100000.0
Female,85000.0
Female,50000.0
Male,90000.0
Female,30000.0
Male,139000.0
Female,70000.0
Female,100000.0
Female,25000.0
Male,150000.0
Female,830.0
Female,50000.0
Male,120000.0
Male,24000.0
Male,120000.0
Female,110000.0
Male,35000.0
Male,60000.0
Female,2300.0
Male,5000.0
Male,53000.0
Male,63000.0
Female,11300.0
Female,21000.0
Male,45000.0
Female,80000.0
Male,30000.0
Male,180000.0
Female,44500.0
Male,25000.0
Male,65000.0
Male,20000.0
Male,85000.0
Female,45000.0
Male,130000.0
Female,23000.0
Male,40000.0
Female,100000.0
Male,48000.0
Female,2500.0
Female,39000.0
Male,47800.0
Male,82000.0
Female,50000.0
Male,9600.0
Female,100000.0
Female,7700.0
Female,40000.0
Male,150000.0
Male,80000.0
Female,115000.0
Female,55000.0
Male,60000.0
Male,1500.0
Female,35000.0
Male,143000.0
Female,67000.0
Female,280000.0
Female,180000.0
Male,132000.0
Male,40000.0
Male,45100.0
Female,250000.0
Female,20000.0
Female,50000.0
Male,28000.0
Male,45000.0
Female,61000.0
Female,143000.0
Male,145000.0
Male,70000.0
Male,15000.0
Female,38400.0
Male,110000.0
Female,62000.0
Male,68000.0
Female,48000.0
Female,30900.0
Female,90000.0
Male,115000.0
Male,64000.0
Male,54000.0
Female,45000.0
Female,8400.0
Female,43000.0
Male,53000.0
Female,93000.0
Female,80000.0
Male,21600.0
Male,3000.0
Female,63000.0
Female,90000.0
Male,850.0
Female,30000.0
Female,160000.0
Male,60000.0
Female,34300.0
Male,22000.0
Female,60000.0
Female,90000.0
Male,40000.0
Female,38000.0
Female,266000.0
Female,125000.0
Female,56000.0
Male,65000.0
Female,100000.0
Female,1500.0
Female,95000.0
Male,75000.0
Female,44000.0
Female,75000.0
Female,72000.0
Female,188000.0
Female,75000.0
Male,250000.0
Female,56000.0
Female,70000.0
Female,96000.0
Male,40000.0
Female,160.0
Male,50000.0
Male,120000.0
Male,110000.0
Male,70000.0
Male,70000.0
Female,54000.0
Female,60000.0
Male,150000.0
Female,9000.0
Female,85000.0
Female,72000.0
Male,27000.0
Female,590.0
Female,78000.0
Female,11200.0
Female,16000.0
Female,55000.0
Female,58000.0
Male,35000.0
Male,200000.0
Female,82000.0
Male,20000.0
Female,27000.0
Female,56000.0
Female,45000.0
Female,40000.0
Male,10000.0
Female,25000.0
Male,54000.0
Female,57000.0
Female,12000.0
Female,23400.0
Male,70000.0
Female,125000.0
Female,12500.0
Male,25000.0
Female,45000.0
Female,27000.0
Male,100000.0
Male,3500.0
Male,60000.0
Male,120000.0
Female,52000.0
Male,40000.0
Female,3900.0
Female,93000.0
Female,60000.0
Male,55000.0
Female,20300.0
Female,55000.0
Male,80000.0
Male,250000.0
Female,39000.0
Male,18000.0
Female,54000.0
Male,50000.0
Female,90000.0
Male,40000.0
Male,275000.0
Female,30000.0
Male,16000.0
Male,77000.0
Female,50000.0
Female,5000.0
Male,22900.0
Male,110000.0
Female,13000.0
Female,79000.0
Male,75000.0
Male,65000.0
Male,24600.0
Male,1000.0
Female,20000.0
Female,104000.0
Male,45000.0
Male,160000.0
Male,125000.0
Female,47000.0
Male,9000.0
Male,145000.0
Male,60000.0
Female,50000.0
Female,61000.0
Male,30000.0
Female,1000.0
Male,200000.0
Female,35000.0
Male,30000.0
Male,105000.0
Male,15000.0
Female,26000.0
Female,85000.0
Female,15000.0
Female,70000.0
Female,5000.0
Male,9000.0
Female,28000.0
Female,220000.0
Female,50000.0
Male,900.0
Male,60000.0
Male,50000.0
Female,12600.0
Male,100000.0
Female,69000.0
Female,90000.0
Male,20000.0
Male,85000.0
Female,3300.0
Female,6000.0
Male,10900.0
Female,90000.0
Male,100000.0
Female,70000.0
Male,140000.0
Male,149000.0
Female,90000.0
Male,3700.0
Male,24000.0
Male,109000.0
Female,110000.0
Female,16000.0
Male,50000.0
Female,80000.0
Female,73000.0
Female,100000.0
Male,25900.0
Female,13000.0
Female,180000.0
Male,50000.0
Male,95000.0
Female,52000.0
Male,42000.0
Female,52000.0
Male,45000.0
Female,49000.0
Female,90000.0
Male,25000.0
Female,30000.0
Male,139000.0
Male,85000.0
Male,110000.0
Female,930.0
Male,72000.0
Female,54000.0
Female,28100.0
Female,44000.0
Female,13000.0
Male,108000.0
Female,100000.0
Male,70000.0
Male,35000.0
Male,40.0
Male,90000.0
Male,131000.0
Female,90000.0
Male,265000.0
Male,5000.0
Male,52000.0
Male,154000.0
Female,90000.0
Male,65000.0
Female,5400.0
Male,42400.0
Male,80000.0
Male,25000.0
Male,200000.0
Male,40000.0
Female,88000.0
Male,63000.0
Female,23500.0
Male,51000.0
Male,50000.0
Female,200000.0
Male,80000.0
Male,50000.0
Female,65000.0
Male,235000.0
Female,52000.0
Male,40000.0
Female,27000.0
Male,57000.0
Female,7000.0
Female,55000.0
Female,16500.0
Female,105000.0
Female,40000.0
Female,70000.0
Male,200000.0
Female,80000.0
Male,70000.0
Female,30000.0
Male,40000.0
Female,25000.0
Female,70000.0
Female,115000.0
Female,92000.0
Male,65000.0
Female,46000.0
Female,30800.0
Female,72000.0
Male,32000.0
Male,15000.0
Female,50000.0
Male,38000.0
Male,94000.0
Male,115000.0
Female,100000.0
Female,32000.0
Male,209000.0
Male,47000.0
Female,23000.0
Male,66000.0
Female,30000.0
Female,100000.0
Female,15000.0
Female,50000.0
Female,102000.0
Male,105000.0
Female,80000.0
Male,300.0
Female,5300.0
Female,10000.0
Female,80000.0
Female,5000.0
Male,145000.0
Male,48300.0
Female,117000.0
Female,200000.0
Male,11800.0
Female,200000.0
Female,60000.0
Male,190000.0
Male,78000.0
Female,42400.0
Female,30000.0
Male,30000.0
Female,35000.0
Male,25800.0
Male,106000.0
Female,90000.0
Female,37500.0
Female,7000.0
Female,105000.0
Female,26000.0
Male,52000.0
Male,40000.0
Female,45000.0
Female,29000.0
Female,18000.0
Male,27000.0
Male,45000.0
Male,35000.0
Female,135000.0
Female,22000.0
Male,145000.0
Male,90000.0
Male,19600.0
Male,87000.0
Female,10000.0
Male,80000.0
Female,30000.0
Female,19000.0
Female,38600.0
Male,141000.0
Male,244000.0
Male,180000.0
Male,37000.0
Male,50000.0
Female,125000.0
Male,29200.0
Female,90000.0
Female,82000.0
Female,275000.0
Male,15000.0
Male,52000.0
Female,15000.0
Female,32400.0
Female,90000.0
Male,47000.0
Female,75000.0
Female,61000.0
Female,37800.0
Female,85000.0
Female,390.0
Female,120000.0
Male,50000.0
Female,30000.0
Female,32000.0
Female,35000.0
Male,100000.0
Female,22900.0
Female,30000.0
Male,30000.0
Female,1800.0
Male,135000.0
Female,180000.0
Male,66000.0
Male,140000.0
Female,65000.0
Male,30000.0
Male,140000.0
Female,38600.0
Male,12000.0
Male,120000.0
Female,14300.0
Female,71000.0
Female,28000.0
Male,5000.0
Female,51000.0
Male,100000.0
Male,212000.0
Female,85000.0
Female,70000.0
Male,80000.0
Female,100000.0
Female,60000.0
Male,52000.0
Female,15000.0
Female,30600.0
Female,20000.0
Male,32500.0
Male,11400.0
Female,69000.0
Female,68000.0
Male,56000.0
Male,80000.0
Male,242000.0
Female,36700.0
Female,75000.0
Female,45200.0
Female,33000.0
Male,12000.0
Male,140000.0
Male,24000.0
Male,100000.0
Male,260000.0
Female,40000.0
Female,40000.0
Female,85000.0
Female,60000.0
Male,275000.0
Male,42000.0
Female,22800.0
Female,110000.0
Male,50000.0
Female,165000.0
Male,90000.0
Male,79000.0
Female,80000.0
Female,13000.0
Male,46500.0
Male,130000.0
Female,70000.0
Female,12000.0
Male,105000.0
Female,90000.0
Female,63000.0
Female,48000.0
Male,10000.0
Female,75000.0
Female,30000.0
Female,68000.0
Female,175000.0
Female,28000.0
Male,82000.0
Male,84000.0
Female,36000.0
Male,45500.0
Male,76000.0
Female,17400.0
Male,126000.0
Female,98000.0
Male,42000.0
Female,65000.0
Male,72000.0
Male,50000.0
Female,127000.0
Male,96000.0
Male,110000.0
Female,6200.0
Male,5400.0
Male,2000.0
Male,30200.0
Male,14400.0
Female,30600.0
Female,1000.0
Female,110000.0
Female,37000.0
Female,60000.0
Male,70000.0
Female,25000.0
Male,100000.0
Male,240000.0
Male,64000.0
Female,20000.0
Male,85000.0
Male,45100.0
Female,75000.0
Male,200000.0
Male,60000.0
Female,6500.0
Female,105000.0
Female,19300.0
Male,100000.0
Female,26000.0
Female,40000.0
Female,18000.0
Female,48000.0
Female,12000.0
Male,37500.0
Female,25000.0
Female,60000.0
Male,175000.0
Female,140000.0
Female,12000.0
Female,71000.0
Male,132000.0
Male,65000.0
Male,121000.0
Male,50000.0
Male,12000.0
Male,20000.0
Female,100000.0
Male,125000.0
Female,297000.0
Female,20000.0
Male,65000.0
Female,20000.0
Female,52000.0
Male,54000.0
Female,10700.0
Male,160000.0
Female,35000.0
Female,17000.0
Male,2500.0
Male,75000.0
Female,65000.0
Male,14400.0
Female,2700.0
Male,60000.0
Male,12600.0
Female,80000.0
Male,72000.0
Male,24000.0
Male,110000.0
Female,45000.0
Female,76000.0
Female,76000.0
Female,10000.0
Male,45200.0
Female,28000.0
Female,50000.0
Female,68000.0
Female,60000.0
Female,43000.0
Male,51000.0
Male,100000.0
Male,30400.0
Female,72000.0
Female,67000.0
Male,17100.0
Male,155000.0
Male,65000.0
Male,35000.0
Male,82000.0
Male,35000.0
Male,128000.0
Male,40000.0
Female,80000.0
Female,33000.0
Female,50000.0
Female,63000.0
Male,100000.0
Male,40000.0
Male,80000.0
Female,150000.0
Male,177000.0
Female,30000.0
Male,10000.0
Male,28000.0
Male,50000.0
Female,46000.0
Female,160000.0
Male,60000.0
Male,85000.0
Female,96000.0
Female,40000.0
Male,80000.0
Female,1600.0
Male,20000.0
Male,156000.0
Male,40000.0
Male,18000.0
Male,116000.0
Male,50000.0
Female,130000.0
Male,73000.0
Female,78000.0
Female,90000.0
Male,100000.0
Male,65000.0
Female,5000.0
Female,21000.0
Male,200000.0
Male,66000.0
Male,78000.0
Female,10000.0
Female,34000.0
Female,2000.0
Female,1000.0
Female,11700.0
Male,70000.0
Female,72000.0
Female,20000.0
Female,20000.0
Male,250000.0
Male,52000.0
Female,30000.0
Male,94000.0
Female,65000.0
Male,100000.0
Female,82000.0
Female,20000.0
Male,82000.0
Female,700.0
Female,83000.0
Male,95000.0
Male,40000.0
Male,70000.0
Male,100000.0
Female,1200.0
Male,39700.0
Female,55000.0
Female,100000.0
Female,20000.0
Female,7000.0
Male,12000.0
Male,105000.0
Male,17000.0
Male,75000.0
Female,8000.0
Male,25000.0
Male,76000.0
Male,26000.0
Male,30000.0
Female,15000.0
Female,1500.0
Male,40000.0
Female,14600.0
Male,115000.0
Male,20000.0
Female,30000.0
Male,2100.0
Female,200000.0
Male,220000.0
Male,35000.0
Female,31000.0
Male,90000.0
Male,30000.0
Female,5000.0
Female,15000.0
Female,180000.0
Male,90000.0
Male,17000.0
Female,35000.0
Male,89000.0
Female,105000.0
Male,200000.0
Male,20000.0
Male,17500.0
Male,55000.0
Male,70000.0
Male,93000.0
Female,4000.0
Male,40000.0
Female,107000.0
Male,45000.0
Female,40000.0
Male,3500.0
Female,70000.0
Male,169000.0
Female,13300.0
Male,20000.0
Male,500.0
Female,60000.0
Female,90000.0
Female,160000.0
Male,45000.0
Male,47000.0
Male,100000.0
Female,5500.0
Male,70000.0
Male,49200.0
Male,80.0
Male,20000.0
Female,1100.0
Male,125000.0
Female,36000.0
Male,28800.0
Male,68000.0
Female,80000.0
Male,45000.0
Male,128000.0
Male,500.0
Female,5000.0
Female,6000.0
Male,38000.0
Female,55000.0
Male,75000.0
Male,65000.0
Male,150000.0
Male,35000.0
Female,64000.0
Male,40000.0
Female,15000.0
Male,16400.0
Female,71000.0
Female,60000.0
Male,67000.0
Male,36500.0
Male,140000.0
Male,26000.0
Female,61000.0
Female,87000.0
Female,45000.0
Male,55000.0
Female,17000.0
Male,8000.0
Female,115000.0
Female,72000.0
Male,45000.0
Male,7500.0
Male,80000.0
Female,56000.0
Female,150000.0
Male,90000.0
Male,110000.0
Male,30000.0
Female,4800.0
Male,35000.0
Male,110000.0
Male,25000.0
Male,118000.0
Female,80000.0
Female,18000.0
Male,45000.0
Female,24000.0
Male,25000.0
Male,60000.0
Male,118000.0
Male,50000.0
Male,80000.0
Male,95000.0
Male,57000.0
Female,19000.0
Female,2700.0
Male,125000.0
Male,30000.0
Male,127000.0
Male,160000.0
Female,12000.0
Male,58000.0
Male,600.0
Female,130000.0
Male,85000.0
Female,5600.0
Male,48000.0
Female,50000.0
Male,88000.0
Female,11000.0
Female,20000.0
Male,140000.0
Female,45000.0
Male,50000.0
Male,78000.0
Male,32000.0
Male,76000.0
Female,70000.0
Female,30000.0
Female,13300.0
Male,80000.0
Female,80000.0
Male,120000.0
Female,5200.0
Female,92000.0
Male,80000.0
Female,100000.0
Female,50000.0
Female,64000.0
Male,50000.0
Male,24000.0
Male,165000.0
Female,3800.0
Male,150000.0
Male,70000.0
Female,10000.0
Male,5000.0
Female,48000.0
Female,17400.0
Female,40000.0
Female,19400.0
Male,85000.0
Male,87000.0
Female,33000.0
Female,1900.0
Male,4800.0
Female,35000.0
Male,84000.0
Female,35000.0
Female,160000.0
Female,75000.0
Female,12000.0
Male,105000.0
Male,6000.0
Male,48000.0
Female,85000.0
Male,13900.0
Male,75000.0
Female,200000.0
Male,250000.0
Male,100000.0
Female,60000.0
Male,115000.0
Female,63000.0
Male,118000.0
Male,136000.0
Male,4700.0
Male,160000.0
Male,21000.0
Female,135000.0
Female,300000.0
Female,50000.0
Female,80000.0
Female,300000.0
Female,6900.0
Male,15000.0
Male,73000.0
Female,18000.0
Female,30800.0
Female,22000.0
Female,2000.0
Male,130000.0
Male,92000.0
Male,62000.0
Female,7200.0
Female,44500.0
Female,35000.0
Female,110000.0
Male,60000.0
Male,57000.0
Female,182000.0
Female,33300.0
Male,45000.0
Female,9000.0
Female,65000.0
Male,17000.0
Female,68000.0
Female,81000.0
Female,19000.0
Male,9800.0
Female,123000.0
Female,87000.0
Male,12000.0
Female,45000.0
Female,25000.0
Male,105000.0
Female,42000.0
Male,40000.0
Male,28000.0
Male,150000.0
Male,50000.0
Female,58000.0
Female,85000.0
Male,130000.0
Male,10000.0
Female,23000.0
Female,110000.0
Male,38000.0
Female,21400.0
Male,28000.0
Female,6700.0
Female,44400.0
Male,50000.0
Male,52000.0
Female,15000.0
Female,55000.0
Male,35000.0
Female,60000.0
Female,800.0
Female,45000.0
Female,26500.0
Male,200000.0
Female,289000.0
Male,38000.0
Male,8000.0
Female,77000.0
Female,70000.0
Female,23300.0
Female,13000.0
Male,80000.0
Female,200000.0
Female,48000.0
Male,78000.0
Male,45000.0
Female,57000.0
Female,3200.0
Male,80000.0
Male,134000.0
Female,10000.0
Male,240000.0
Female,18000.0
Male,31500.0
Female,150000.0
Male,118000.0
Female,24000.0
Female,79000.0
Female,30000.0
Female,13100.0
Male,30000.0
Male,130000.0
Female,109000.0
Female,27000.0
Male,100000.0
Male,19000.0
Female,240000.0
Male,268000.0
Female,19000.0
Female,20000.0
Female,52000.0
Female,20000.0
Female,56000.0
Male,19700.0
Female,188000.0
Female,36000.0
Male,82000.0
Female,45000.0
Female,10000.0
Female,60000.0
Male,63000.0
Male,28000.0
Male,2100.0
Female,52000.0
Female,42000.0
Male,5000.0
Male,30000.0
Male,320.0
Male,95000.0
Female,19000.0
Male,135000.0
Male,62000.0
Male,83000.0
Female,94000.0
Female,41600.0
Female,9600.0
Male,47400.0
Female,100000.0
Male,40000.0
Male,155000.0
Female,26900.0
Female,45000.0
Male,30000.0
Female,49500.0
Female,80000.0
Male,55000.0
Male,24000.0
Male,135000.0
Female,20000.0
Male,36000.0
Female,8000.0
Male,15000.0
Male,50000.0
Male,240000.0
Male,129000.0
Male,55000.0
Female,30000.0
Female,53000.0
Male,30000.0
Female,33000.0
Male,40000.0
Female,38000.0
Male,65000.0
Male,4000.0
Male,65000.0
Female,74000.0
Female,36000.0
Male,30000.0
Male,59000.0
Female,60000.0
Male,38000.0
Female,6000.0
Male,26000.0
Male,170000.0
Female,150000.0
Male,7000.0
Female,30000.0
Male,80000.0
Male,108000.0
Female,85000.0
Male,31800.0
Female,9500.0
Female,34400.0
Male,136000.0
Female,32600.0
Male,7000.0
Male,150000.0
Female,110000.0
Male,110000.0
Female,1800.0
Male,7100.0
Male,145000.0
Male,24000.0
Male,40000.0
Female,30000.0
Male,750.0
Female,31000.0
Male,150000.0
Female,30000.0
Female,50000.0
Female,85000.0
Female,12000.0
Female,41900.0
Male,80000.0
Female,10000.0
Male,12000.0
Female,20100.0
Female,150000.0
Female,155000.0
Female,68000.0
Male,88000.0
Male,95000.0
Male,20000.0
Female,45000.0
Female,95000.0
Female,27000.0
Male,40000.0
Male,62000.0
Male,48000.0
Female,58000.0
Female,14400.0
Male,250000.0
Male,20000.0
Female,20000.0
Male,95000.0
Female,16000.0
Female,32000.0
Male,7400.0
Female,25000.0
Male,175000.0
Male,28000.0
Female,13000.0
Male,100000.0
Female,100000.0
Male,123000.0
Male,225000.0
Female,18000.0
Female,30000.0
Male,12000.0
Male,49100.0
Female,75000.0
Female,55000.0
Male,34900.0
Female,40000.0
Male,52000.0
Male,20000.0
Male,71000.0
Female,40000.0
Female,58000.0
Female,20000.0
Male,50000.0
Female,35400.0
Female,42000.0
Male,110000.0
Male,44000.0
Male,15000.0
Male,125000.0
Male,45800.0
Female,35000.0
Male,95000.0
Male,100000.0
Male,45000.0
Male,76000.0
Male,19300.0
Female,52000.0
Female,137000.0
Male,200000.0
Male,42000.0
Female,80000.0
Male,180000.0
Female,193000.0
Female,95000.0
Female,70000.0
Female,102000.0
Male,26600.0
Female,140000.0
Male,50000.0
Male,55000.0
Female,8000.0
Male,110000.0
Female,75000.0
Male,15000.0
Male,140000.0
Male,120000.0
Male,100000.0
Female,30000.0
Female,30000.0
Female,35000.0
Female,40000.0
Female,5000.0
Female,28000.0
Female,40000.0
Female,65000.0
Female,150000.0
Female,20000.0
Female,65000.0
Female,60000.0
Female,83000.0
Male,50.0
Male,70000.0
Female,8000.0
Male,14600.0
Male,51000.0
Female,24000.0
Female,92000.0
Female,60000.0
Male,92000.0
Female,800.0
Female,142000.0
Female,68000.0
Female,58000.0
Female,55000.0
Male,38200.0
Male,50000.0
Female,84000.0
Female,35000.0
Female,7200.0
Female,54000.0
Male,150000.0
Female,10000.0
Female,12000.0
Male,20000.0
Male,85000.0
Female,106000.0
Female,45000.0
Male,45000.0
Male,111000.0
Female,21600.0
Female,50000.0
Male,45000.0
Female,20000.0
Female,19400.0
Female,40000.0
Male,67000.0
Male,240000.0
Female,48400.0
Male,35000.0
Male,14400.0
Male,120000.0
Female,7000.0
Male,79000.0
Male,17000.0
Male,160000.0
Male,100000.0
Male,40000.0
Female,45000.0
Female,60000.0
Male,165000.0
Male,90000.0
Female,600.0
Male,8000.0
Female,60000.0
Male,50000.0
Female,55000.0
Male,10000.0
Female,40000.0
Female,39000.0
Female,100000.0
Female,100000.0
Female,75000.0
Female,48000.0
Female,48600.0
Female,70000.0
Female,30000.0
Female,20000.0
Female,16000.0
Female,7000.0
Female,65000.0
Female,22000.0
Male,35000.0
Male,52000.0
Female,29300.0
Female,44000.0
Female,19400.0
Female,60000.0
Female,130000.0
Male,103000.0
Male,10000.0
Male,110000.0
Female,33300.0
Male,180000.0
Male,24000.0
Female,110000.0
Male,80000.0
Female,115000.0
Female,13000.0
Male,30000.0
Male,18000.0
Female,85000.0
Female,100000.0
Female,12000.0
Female,40000.0
Male,52000.0
Male,30100.0
Female,33500.0
Male,75000.0
Male,116000.0
Female,43000.0
Female,36000.0
Female,43000.0
Male,23400.0
Female,14400.0
Male,25000.0
Female,4400.0
Male,70000.0
Male,600.0
Female,50000.0
Female,36000.0
Male,32000.0
Female,40000.0
Male,155000.0
Female,40000.0
Male,94000.0
Male,62000.0
Male,70000.0
Female,50000.0
Male,32000.0
Female,10000.0
Male,125000.0
Female,8700.0
Female,1700.0
Female,10000.0
Male,75000.0
Female,35000.0
Female,100000.0
Male,27000.0
Female,4000.0
Male,900.0
Male,67000.0
Female,22000.0
Male,59000.0
Male,58000.0
Female,125000.0
Female,33300.0
Male,188000.0
Female,60000.0
Male,120000.0
Male,70000.0
Female,10000.0
Male,24000.0
Male,6900.0
Male,60000.0
Female,23000.0
Female,100000.0
Female,86000.0
Male,27700.0
Male,6000.0
Female,59000.0
Female,7200.0
Female,52000.0
Female,51000.0
Male,70000.0
Male,52000.0
Female,70000.0
Male,55000.0
Male,101000.0
Female,22000.0
Female,30000.0
Male,49000.0
Male,60000.0
Male,92000.0
Male,52000.0
Female,23000.0
Female,35000.0
Male,78000.0
Female,25000.0
Female,47000.0
Male,20000.0
Male,45400.0
Male,100000.0
Male,38000.0
Male,178000.0
Male,46500.0
Female,37000.0
Male,200000.0
Male,55000.0
Male,100000.0
Female,32800.0
Female,2000.0
Male,100000.0
Male,85000.0
Female,35000.0
Female,210000.0
Male,12000.0
Female,9900.0
Male,32000.0
Male,70000.0
Female,40000.0
Female,20000.0
Female,100000.0
Male,11000.0
Male,45000.0
Male,20800.0
Male,4800.0
Male,75000.0
Male,50000.0
Female,29300.0
Female,20000.0
Female,130000.0
Female,75000.0
Male,190000.0
Female,104000.0
Female,100000.0
Female,67000.0
Male,1000.0
Male,84000.0
Male,31000.0
Female,65000.0
Female,15000.0
Male,55000.0
Male,40800.0
Female,120000.0
Male,40000.0
Female,64000.0
Male,24000.0
Male,57000.0
Male,60000.0
Female,3600.0
Female,12000.0
Male,1000.0
Female,64000.0
Female,30000.0
Female,49000.0
Female,1200.0
Female,42300.0
Male,70000.0
Female,23000.0
Male,52000.0
Male,35000.0
Male,56000.0
Female,71000.0
Female,20000.0
Male,76000.0
Male,50000.0
Male,95000.0
Female,38000.0
Female,37400.0
Male,130000.0
Female,49000.0
Female,35000.0
Male,68000.0
Female,47000.0
Male,16000.0
Female,27000.0
Female,11500.0
Male,160000.0
Male,120000.0
Male,30000.0
Male,200000.0
Male,90000.0
Male,31400.0
Female,60000.0
Female,57000.0
Female,35000.0
Male,75000.0
Male,100000.0
Male,80000.0
Female,3600.0
Female,70000.0
Female,50000.0
Male,55000.0
Female,60000.0
Male,30000.0
Male,50000.0
Male,120000.0
Male,250000.0
Female,79000.0
Male,60000.0
Female,3000.0
Female,10000.0
Female,56000.0
Male,70000.0
Male,115000.0
Male,28000.0
Female,70000.0
Female,21000.0
Male,7000.0
Male,145000.0
Female,70000.0
Female,58000.0
Female,40000.0
Male,100000.0
Female,100000.0
Female,20000.0
Female,81000.0
Female,2400.0
Male,66000.0
Male,75000.0
Male,53000.0
Male,10000.0
Female,3000.0
Female,74000.0
Male,24000.0
Female,55000.0
Female,5000.0
Male,28800.0
Male,65000.0
Female,5000.0
Male,34000.0
Male,15000.0
Female,31600.0
Male,22000.0
Male,220000.0
Male,280000.0
Male,66000.0
Male,29000.0
Male,38000.0
Female,50000.0
Female,40000.0
Male,37000.0
Male,40000.0
Male,75000.0
Male,59000.0
Male,90000.0
Male,110000.0
Male,60000.0
Male,81000.0
Male,14200.0
Male,80000.0
Male,3000.0
Female,100000.0
Male,40000.0
Male,62000.0
Male,35000.0
Male,14400.0
Male,54000.0
Female,33000.0
Male,290000.0
Female,90000.0
Female,60000.0
Male,57000.0
Female,20800.0
Female,12000.0
Female,200.0
Female,52000.0
Female,30000.0
Female,80000.0
Female,18200.0
Female,60000.0
Female,20000.0
Female,4000.0
Female,35000.0
Male,150000.0
Female,4900.0
Female,60000.0
Female,36000.0
Female,82000.0
Male,57000.0
Male,35000.0
Male,60000.0
Female,45000.0
Female,84000.0
Female,60000.0
Female,3000.0
Male,50000.0
Male,45000.0
Male,16000.0
Male,115000.0
Female,33000.0
Female,24000.0
Female,30000.0
Female,40000.0
Female,22000.0
Female,43000.0
Female,45000.0
Male,200000.0
Male,94000.0
Male,40000.0
Female,2000.0
Male,48000.0
Female,8300.0
Male,64000.0
Female,52000.0
Female,13300.0
Male,53000.0
Female,72000.0
Male,125000.0
Male,80000.0
Female,30000.0
Female,65000.0
Male,40000.0
Male,90000.0
Male,175000.0
Female,5500.0
Male,60000.0
Female,82000.0
Male,108000.0
Female,50000.0
Female,130000.0
Female,23000.0
Female,5000.0
Male,250000.0
Male,97000.0
Female,37000.0
Female,30200.0
Male,70000.0
Male,60000.0
Male,200000.0
Male,15000.0
Female,15000.0
Male,31000.0
Male,100000.0
Female,35000.0
Male,35000.0
Male,35000.0
Male,40000.0
Female,49000.0
Female,55000.0
Male,100000.0
Male,83000.0
Female,70000.0
Female,23000.0
Female,54000.0
Male,150000.0
Male,7500.0
Male,120000.0
Male,25000.0
Male,3000.0
Male,18000.0
Female,188000.0
Male,67000.0
Female,12000.0
Female,15000.0
Female,84000.0
Male,68000.0
Male,75000.0
Female,43000.0
Male,67000.0
Male,30000.0
Female,70000.0
Female,78000.0
Male,28800.0
Male,1300.0
Female,62000.0
Male,40000.0
Female,35000.0
Female,20600.0
Male,54000.0
Female,9800.0
Male,25000.0
Female,12500.0
Female,150000.0
Female,225000.0
Male,155000.0
Male,48000.0
Female,5800.0
Male,13600.0
Male,44000.0
Female,80000.0
Male,170000.0
Male,164000.0
Male,75000.0
Female,31200.0
Male,120000.0
Female,23100.0
Female,50000.0
Male,90000.0
Male,41600.0
Male,87000.0
Female,47700.0
Female,50000.0
Female,14000.0
Female,10900.0
Female,32800.0
Male,62000.0
Male,5000.0
Female,25000.0
Female,37000.0
Female,28500.0
Male,30000.0
Female,31800.0
Male,34900.0
Male,59000.0
Female,11000.0
Male,500.0
Female,38000.0
Female,45000.0
Male,46000.0
Female,43900.0
Female,19200.0
Female,36000.0
Female,55000.0
Male,135000.0
Female,50000.0
Female,150000.0
Female,150000.0
Female,6000.0
Male,12500.0
Female,105000.0
Female,40000.0
Male,200000.0
Female,140000.0
Female,42000.0
Male,40000.0
Male,62000.0
Male,37100.0
Male,103000.0
Female,86000.0
Female,65000.0
Male,41300.0
Female,26000.0
Female,10000.0
Male,100000.0
Male,75000.0
Female,29500.0
Female,8300.0
Female,17000.0
Female,35000.0
Male,80000.0
Male,45000.0
Female,2000.0
Male,75000.0
Male,102000.0
Male,70000.0
Male,20000.0
Male,215000.0
Male,24800.0
Male,18000.0
Female,5900.0
Male,100000.0
Male,172000.0
Female,40000.0
Female,29900.0
Female,49200.0
Female,25000.0
Male,28000.0
Female,240000.0
Male,8000.0
Male,140000.0
Male,1000.0
Female,78000.0
Female,82000.0
Female,27100.0
Female,5700.0
Male,32800.0
Female,56000.0
Male,35000.0
Male,50000.0
Male,75000.0
Male,120000.0
Male,41000.0
Female,19700.0
Male,111000.0
Female,33600.0
Female,15000.0
Female,20000.0
Male,37000.0
Male,60000.0
Male,80000.0
Female,51000.0
Male,80000.0
Female,110000.0
Male,32000.0
Male,37000.0
Female,60000.0
Female,100000.0
Male,12000.0
Male,33300.0
Male,75000.0
Male,5000.0
Male,127000.0
Female,12000.0
Male,26000.0
Female,31200.0
Male,50000.0
Female,56000.0
Male,105000.0
Female,10000.0
Male,87000.0
Male,62000.0
Male,156000.0
Male,60000.0
Female,18000.0
Female,7000.0
Male,12000.0
Female,82000.0
Female,500.0
Male,76000.0
Female,110000.0
Female,139000.0
Male,18800.0
Female,20000.0
Female,22800.0
Female,23100.0
Female,60000.0
Female,72000.0
Male,300000.0
Male,20000.0
Female,48000.0
Male,30000.0
Female,11000.0
Male,135000.0
Male,92000.0
Female,68000.0
Male,38000.0
Female,20000.0
Male,56000.0
Female,92000.0
Female,90000.0
Female,120000.0
Male,55000.0
Female,30000.0
Male,20000.0
Female,8000.0
Male,100000.0
Female,1100.0
Male,8000.0
Male,52000.0
Male,140000.0
Female,25200.0
Male,150000.0
Male,46000.0
Male,26000.0
Female,25000.0
Female,40000.0
Male,127000.0
Female,3500.0
Female,54000.0
Female,165000.0
Male,200000.0
Female,108000.0
Female,4300.0
Male,35000.0
Male,24000.0
Male,45000.0
Male,40000.0
Female,35000.0
Female,70000.0
Female,75000.0
Male,3000.0
Male,70000.0
Female,37200.0
Female,29000.0
Female,3000.0
Female,62000.0
Male,3000.0
Male,45000.0
Male,50000.0
Male,250000.0
Male,9000.0
Male,150000.0
Male,1300.0
Male,65000.0
Female,30000.0
Male,45000.0
Female,17000.0
Male,4000.0
Female,55000.0
Male,75000.0
Female,66000.0
Female,55000.0
Female,45000.0
Male,15000.0
Female,4000.0
Male,225000.0
Male,60000.0
Male,100000.0
Female,75000.0
Female,118000.0
Male,11000.0
Female,24000.0
Female,50000.0
Female,39000.0
Male,54000.0
Female,24000.0
Female,19800.0
Male,6900.0
Male,87000.0
Male,70000.0
Female,80000.0
Male,70000.0
Male,32000.0
Female,25000.0
Male,15000.0
Male,160000.0
Female,28000.0
Female,33300.0
Female,10000.0
Male,140000.0
Female,82000.0
Female,17000.0
Female,90000.0
Male,20000.0
Female,85000.0
Female,50000.0
Male,90000.0
Male,28000.0
Male,194000.0
Male,179000.0
Female,41600.0
Male,76000.0
Female,42000.0
Female,55000.0
Male,75000.0
Male,9600.0
Male,40000.0
Male,172000.0
Male,13000.0
Female,40000.0
Female,35000.0
Female,90000.0
Male,10000.0
Female,20000.0
Male,39000.0
Male,45000.0
Male,40000.0
Male,75000.0
Male,90000.0
Male,44600.0
Male,40000.0
Male,6000.0
Male,180000.0
Female,140000.0
Male,25000.0
Male,45700.0
Female,68000.0
Male,55000.0
Female,42000.0
Female,2000.0
Female,168000.0
Male,110000.0
Male,130000.0
Male,4000.0
Female,200000.0
Female,38500.0
Male,40000.0
Female,20000.0
Female,63000.0
Female,135000.0
Female,38000.0
Male,40100.0
Female,43200.0
Male,69000.0
Male,24000.0
Male,65000.0
Female,40000.0
Male,120000.0
Male,50000.0
Male,40000.0
Male,200000.0
Female,15000.0
Female,28000.0
Male,43600.0
Female,82000.0
Male,5000.0
Male,160000.0
Male,35000.0
Female,48000.0
Male,58000.0
Female,2000.0
Male,65000.0
Female,15000.0
Male,100000.0
Female,60000.0
Female,15000.0
Female,43000.0
Female,2000.0
Female,10000.0
Male,90000.0
Female,78000.0
Female,90000.0
Female,115000.0
Male,125000.0
Male,24000.0
Female,18000.0
Male,72000.0
Female,32000.0
Female,26400.0
Female,60000.0
Male,4800.0
Male,180000.0
Male,160000.0
Male,35000.0
Male,200000.0
Male,55000.0
Female,40000.0
Female,10000.0
Male,68000.0
Male,80000.0
Male,90000.0
Female,138000.0
Female,8000.0
Male,40000.0
Female,15000.0
Male,84000.0
Male,104000.0
Female,150000.0
Female,50000.0
Male,128000.0
Female,32000.0
Female,60000.0
Male,60000.0
Male,60000.0
Male,63000.0
Male,150000.0
Female,45000.0
Male,20000.0
Female,34000.0
Female,2500.0
Male,52000.0
Female,95000.0
Female,20000.0
Male,108000.0
Male,67000.0
Female,60000.0
Male,12800.0
Male,20000.0
Female,3900.0
Male,125000.0
Female,25000.0
Male,56000.0
Female,20000.0
Male,30000.0
Female,17000.0
Female,45000.0
Male,75000.0
Male,54000.0
Male,100000.0
Female,76000.0
Female,145000.0
Male,4000.0
Male,40000.0
Female,54000.0
Female,170000.0
Female,7000.0
Male,400.0
Male,36000.0
Female,40000.0
Male,96000.0
Female,36400.0
Female,55000.0
Female,34300.0
Male,130000.0
Female,40000.0
Female,250000.0
Female,3000.0
Male,39000.0
Female,68000.0
Male,180000.0
Female,5000.0
Female,130000.0
Female,50000.0
Female,37700.0
Male,285000.0
Male,200.0
Male,34000.0
Male,12000.0
Female,2400.0
Female,216000.0
Male,2700.0
Female,60000.0
Female,4700.0
Male,110000.0
Female,50000.0
Male,40000.0
Female,56000.0
Female,7000.0
Male,99000.0
Female,25000.0
Female,62000.0
Male,60000.0
Male,49000.0
Male,95000.0
Male,800.0
Male,110000.0
Male,180000.0
Female,119000.0
Female,4000.0
Male,42000.0
Female,100000.0
Female,48000.0
Male,148000.0
Female,46500.0
Female,76000.0
Male,55000.0
Female,9900.0
Male,11000.0
Male,130000.0
Female,37000.0
Female,74000.0
Female,130000.0
Female,80000.0
Male,95000.0
Female,24000.0
Female,75000.0
Female,99000.0
Male,12000.0
Male,52000.0
Male,70000.0
Female,176000.0
Male,50000.0
Female,23800.0
Male,23000.0
Male,125000.0
Female,31200.0
Female,70000.0
Male,190000.0
Male,52000.0
Male,100000.0
Male,13000.0
Female,26000.0
Male,5400.0
Male,3100.0
Female,42900.0
Female,50000.0
Male,40000.0
Male,6000.0
Male,65000.0
Female,80000.0
Male,120000.0
Female,40000.0
Female,80000.0
Male,80000.0
Female,84000.0
Male,40000.0
Male,24500.0
Male,85000.0
Male,30000.0
Male,40000.0
Male,125000.0
Male,80000.0
Female,75000.0
Male,85000.0
Female,40000.0
Female,104000.0
Female,156000.0
Male,142000.0
Male,120000.0
Female,40000.0
Male,25000.0
Male,28000.0
Female,114000.0
Male,34000.0
Female,63000.0
Male,100000.0
Female,40000.0
Male,5000.0
Male,185000.0
Female,105000.0
Male,40000.0
Male,20000.0
Female,49600.0
Female,103000.0
Female,4500.0
Male,60000.0
Female,1800.0
Female,44800.0
Female,150000.0
Male,71000.0
Female,65000.0
Male,65000.0
Male,58000.0
Male,27300.0
Female,150000.0
Male,67000.0
Female,72000.0
Male,4000.0
Male,60000.0
Male,85000.0
Female,61000.0
Female,110000.0
Male,180000.0
Female,14400.0
Male,38000.0
Male,130000.0
Male,130000.0
Female,200000.0
Male,1100.0
Female,32000.0
Male,8000.0
Male,20000.0
Female,15100.0
Male,78000.0
Female,37000.0
Female,3000.0
Male,72000.0
Male,165000.0
Female,14300.0
Male,120000.0
Female,3000.0
Male,50000.0
Male,45000.0
Male,1500.0
Female,72000.0
Female,1900.0
Male,45000.0
Female,70000.0
Male,59000.0
Female,71000.0
Male,50000.0
Male,50000.0
Male,53000.0
Male,120000.0
Female,26000.0
Female,80000.0
Female,3400.0
Male,55000.0
Male,75000.0
Female,5000.0
Male,75000.0
Female,43700.0
Male,8400.0
Female,9000.0
Male,22000.0
Female,22000.0
Male,120000.0
Female,65000.0
Male,183000.0
Male,9200.0
Male,200000.0
Male,24000.0
Male,22000.0
Male,35000.0
Male,54000.0
Female,220000.0
Male,40000.0
Male,150000.0
Female,40400.0
Male,39000.0
Female,128000.0
Male,6100.0
Female,125000.0
Male,300000.0
Male,32100.0
Female,33000.0
Male,50000.0
Male,120000.0
Male,60000.0
Female,65000.0
Male,160000.0
Male,45000.0
Male,50000.0
Female,26000.0
Female,180000.0
Female,50000.0
Male,80000.0
Male,28000.0
Male,45000.0
Male,18000.0
Male,5500.0
Male,13000.0
Female,8000.0
Male,46100.0
Female,100000.0
Male,67000.0
Male,55000.0
Female,42700.0
Male,84000.0
Female,137000.0
Male,45000.0
Male,75000.0
Female,4000.0
Male,120000.0
Male,20000.0
Male,53000.0
Female,15000.0
Male,85000.0
Male,3500.0
Male,49000.0
Male,27400.0
Female,27000.0
Male,35000.0
Female,55000.0
Female,75000.0
Female,24000.0
Male,60000.0
Female,27000.0
Male,19600.0
Male,60000.0
Female,28500.0
Female,67000.0
Male,300000.0
Female,100.0
Female,70000.0
Male,120000.0
Female,38000.0
Female,65000.0
Female,1000.0
Female,101000.0
Male,20000.0
Male,34000.0
Male,169000.0
Female,26000.0
Male,20.0
Female,45000.0
Female,5000.0
Male,140000.0
Female,18000.0
Female,150000.0
Female,46400.0
Male,1200.0
Male,90000.0
Male,13000.0
Male,25000.0
Female,192000.0
Male,150000.0
Female,5000.0
Male,17000.0
Female,32000.0
Female,75000.0
Female,2000.0
Female,20000.0
Female,150000.0
Male,86000.0
Female,120000.0
Female,5000.0
Male,47000.0
Male,15700.0
Male,50000.0
Male,100000.0
Male,62000.0
Female,56000.0
Male,100000.0
Male,60000.0
Female,5000.0
Female,20000.0
Male,43700.0
Male,120000.0
Female,70000.0
Female,15000.0
Female,75000.0
Male,18000.0
Male,250000.0
Female,30000.0
Female,56000.0
Male,64000.0
Male,29800.0
Female,89000.0
Male,48000.0
Male,92000.0
Male,40000.0
Male,20000.0
Male,140000.0
Female,55000.0
Male,29100.0
Male,62000.0
Male,35000.0
Male,45800.0
Female,34800.0
Male,60000.0
Female,13000.0
Male,35000.0
Female,100000.0
Female,53000.0
Male,83000.0
Male,15000.0
Female,36400.0
Male,110000.0
Male,60000.0
Female,160000.0
Female,13000.0
Male,80000.0
Female,82000.0
Female,56000.0
Male,120000.0
Female,80000.0
Female,31300.0
Female,140000.0
Female,250.0
Male,38400.0
Male,17400.0
Female,60000.0
Male,135000.0
Female,90000.0
Male,38000.0
Male,162000.0
Female,59000.0
Female,28000.0
Male,67000.0
Female,48000.0
Male,61000.0
Female,102000.0
Female,80000.0
Female,66000.0
Female,66000.0
Male,19000.0
Female,60000.0
Female,32000.0
Female,75000.0
Male,80000.0
Male,150000.0
Female,110000.0
Male,50000.0
Female,60000.0
Female,32000.0
Female,10000.0
Female,7200.0
Female,50000.0
Female,42000.0
Male,100000.0
Male,19200.0
Female,109000.0
Male,45000.0
Female,15000.0
Female,40000.0
Female,75000.0
Male,55000.0
Male,5000.0
Female,650.0
Male,600.0
Male,19200.0
Female,60000.0
Female,125000.0
Male,37000.0
Female,42000.0
Male,53000.0
Male,90000.0
Female,40000.0
Male,85000.0
Female,65000.0
Male,10000.0
Male,27000.0
Female,2400.0
Female,3800.0
Female,27000.0
Male,62000.0
Female,7000.0
Male,65000.0
Female,30000.0
Male,20000.0
Male,22000.0
Male,66000.0
Female,50000.0
Female,15000.0
Female,54000.0
Male,14400.0
Male,153000.0
Male,88000.0
Female,46000.0
Male,135000.0
Male,40000.0
Female,75000.0
Female,23000.0
Female,55000.0
Male,90000.0
Male,10000.0
Female,36000.0
Male,200000.0
Male,50000.0
Female,3500.0
Female,27300.0
Female,104000.0
Female,43000.0
Male,30000.0
Male,50000.0
Male,34000.0
Male,100000.0
Male,50000.0
Female,50000.0
Male,297000.0
Male,15000.0
Male,76000.0
Female,18000.0
Female,61000.0
Female,50000.0
Female,56000.0
Male,55000.0
Male,66000.0
Female,23000.0
Male,80000.0
Male,91000.0
Female,61000.0
Male,130000.0
Female,25000.0
Male,180000.0
Male,82000.0
Female,88000.0
Male,55000.0
Male,52000.0
Male,95000.0
Female,30000.0
Female,30600.0
Male,250000.0
Male,142000.0
Female,9000.0
Male,60000.0
Male,50000.0
Female,12000.0
Female,59000.0
Male,120000.0
Male,40500.0
Male,105000.0
Female,36000.0
Male,125000.0
Male,30000.0
Female,40300.0
Male,70000.0
Male,67000.0
Male,240000.0
Female,45500.0
Male,95000.0
Female,190000.0
Female,70000.0
Male,34600.0
Male,15000.0
Male,148000.0
Female,10000.0
Female,35000.0
Female,30000.0
Male,2000.0
Male,40000.0
Female,140000.0
Male,10000.0
Male,215000.0
Female,25000.0
Male,20000.0
Male,54000.0
Female,50000.0
Female,80000.0
Male,60000.0
Male,61000.0
Male,40000.0
Male,30000.0
Male,48000.0
Male,125000.0
Male,30300.0
Male,75000.0
Male,100000.0
Female,33000.0
Male,8100.0
Male,40000.0
Male,41600.0
Male,85000.0
Female,60000.0
Female,200000.0
Female,100000.0
Female,30000.0
Male,152000.0
Male,100000.0
Male,36000.0
Female,225000.0
Female,24000.0
Male,66000.0
Male,170000.0
Female,39500.0
Male,50000.0
Female,74000.0
Female,7200.0
Male,30800.0
Male,15000.0
Female,80000.0
Female,220000.0
Male,45000.0
Male,85000.0
Male,60000.0
Female,100000.0
Male,18000.0
Male,100000.0
Female,27500.0
Male,73000.0
Female,15000.0
Male,80000.0
Female,38800.0
Female,51000.0
Female,63000.0
Male,120000.0
Male,13800.0
Male,75000.0
Male,120000.0
Male,100000.0
Male,23000.0
Female,87000.0
Female,38000.0
Female,35000.0
Male,80000.0
Male,46800.0
Male,85000.0
Male,147000.0
Female,73000.0
Female,10000.0
Male,24000.0
Male,90000.0
Male,85000.0
Female,145000.0
Female,60000.0
Male,24000.0
Male,143000.0
Female,34000.0
Female,93000.0
Male,40000.0
Male,77000.0
Male,175000.0
Female,92000.0
Male,85000.0
Female,84000.0
Female,12000.0
Male,110000.0
Male,24500.0
Male,45000.0
Male,30000.0
Female,1500.0
Male,72000.0
Male,30000.0
Male,50000.0
Female,133000.0
Male,55000.0
Female,45000.0
Female,24000.0
Male,21000.0
Male,300000.0
Female,78000.0
Male,8000.0
Female,110000.0
Female,16000.0
Male,75000.0
Female,34000.0
Female,72000.0
Male,104000.0
Male,39300.0
Male,70000.0
Female,10000.0
Female,35000.0
Male,110000.0
Female,38000.0
Female,27000.0
Male,34500.0
Male,4500.0
Female,75000.0
Male,95000.0
Female,62000.0
Female,25000.0
Female,20000.0
Male,40000.0
Female,10000.0
Male,93000.0
Male,64000.0
Male,80000.0
Male,1100.0
Male,80000.0
Male,70000.0
Male,60000.0
Male,180000.0
Female,20000.0
Male,2500.0
Female,70000.0
Female,36000.0
Male,1000.0
Female,50000.0
Female,92000.0
Female,20000.0
Male,11000.0
Female,95000.0
Female,12000.0
Male,30000.0
Male,36400.0
Male,30000.0
Female,6900.0
Female,85000.0
Male,75000.0
Male,118000.0
Female,78000.0
Female,60000.0
Male,6900.0
Male,300000.0
Female,100000.0
Female,100000.0
Female,18700.0
Female,85000.0
Female,33300.0
Male,36000.0
Female,50000.0
Male,240000.0
Male,15000.0
Female,44000.0
Male,100000.0
Female,12000.0
Female,82000.0
Male,140000.0
Female,30000.0
Male,1500.0
Male,10000.0
Male,41000.0
Female,35000.0
Female,42000.0
Male,60000.0
Female,650.0
Male,23000.0
Male,49700.0
Male,47800.0
Male,17300.0
Male,55000.0
Female,55000.0
Male,31000.0
Male,4600.0
Male,13000.0
Male,98000.0
Male,60000.0
Male,10000.0
Male,30000.0
Female,50000.0
Male,138000.0
Female,53000.0
Male,75000.0
Female,15000.0
Female,150000.0
Female,26000.0
Male,37000.0
Male,99000.0
Male,66000.0
Male,9000.0
Male,142000.0
Male,107000.0
Male,90000.0
Female,102000.0
Male,640.0
Female,140000.0
Female,40000.0
Male,71000.0
Male,35700.0
Male,100000.0
Female,75000.0
Female,60000.0
Male,25000.0
Female,75000.0
Female,68000.0
Male,100000.0
Male,1400.0
Male,22000.0
Male,70000.0
Male,100000.0
Male,185000.0
Male,77000.0
Male,56000.0
Female,5000.0
Female,20000.0
Male,75000.0
Female,7800.0
Male,5000.0
Male,300000.0
Female,1500.0
Male,180000.0
Female,45000.0
Female,100000.0
Female,50000.0
Male,89000.0
Female,15000.0
Female,75000.0
Male,75000.0
Female,60000.0
Male,300000.0
Female,80000.0
Female,37000.0
Female,7300.0
Male,31200.0
Female,64000.0
Male,100000.0
Female,40000.0
Female,64000.0
Female,20000.0
Female,10800.0
Female,140000.0
Male,35000.0
Male,30000.0
Male,24000.0
Male,10000.0
Female,40000.0
Male,70000.0
Male,43000.0
Male,90000.0
Male,10500.0
Female,45000.0
Male,225000.0
Female,40100.0
Male,24000.0
Female,72000.0
Female,24000.0
Male,67000.0
Female,133000.0
Female,60000.0
Male,1100.0
Male,40000.0
Female,29000.0
Male,63000.0
Male,40000.0
Female,8000.0
Male,7900.0
Male,69000.0
Female,114000.0
Female,41000.0
Male,36000.0
Female,11000.0
Female,51000.0
Male,95000.0
Male,50000.0
Female,120000.0
Female,80000.0
Male,115000.0
Female,76000.0
Male,35000.0
Male,38000.0
Male,55000.0
Female,85000.0
Female,57000.0
Male,48000.0
Male,9000.0
Male,200000.0
Male,115000.0
Male,65000.0
Female,68000.0
Female,199000.0
Female,28000.0
Male,3000.0
Male,40800.0
Male,30000.0
Female,46400.0
Female,55000.0
Female,47000.0
Female,60000.0
Male,72000.0
Male,23000.0
Female,60000.0
Male,80000.0
Male,17000.0
Male,40000.0
Male,60000.0
Female,27000.0
Male,72000.0
Female,155000.0
Female,45000.0
Male,39000.0
Male,68000.0
Male,120000.0
Male,21000.0
Female,18000.0
Female,19000.0
Male,175000.0
Female,46000.0
Female,70000.0
Female,10000.0
Male,40000.0
Male,64000.0
Male,90000.0
Female,35000.0
Female,80000.0
Female,17000.0
Female,44500.0
Male,6000.0
Male,60000.0
Female,60000.0
Male,25000.0
Female,96000.0
Male,30000.0
Male,7300.0
Female,79000.0
Female,92000.0
Male,130000.0
Female,140000.0
Male,110000.0
Female,35000.0
Male,52000.0
Female,8900.0
Male,100000.0
Female,38000.0
Male,65000.0
Female,60000.0
Female,50000.0
Female,140000.0
Male,40000.0
Female,10000.0
Male,100.0
Female,22000.0
Male,103000.0
Male,20000.0
Female,39000.0
Male,70000.0
Male,80000.0
Male,60000.0
Female,3000.0
Female,24000.0
Male,55000.0
Male,126000.0
Male,37400.0
Male,89000.0
Male,290000.0
Female,2500.0
Female,65000.0
Male,55000.0
Female,80000.0
Male,120000.0
Female,60000.0
Female,1200.0
Female,33300.0
Female,65000.0
Female,35000.0
Male,50000.0
Female,33000.0
Female,55000.0
Male,125000.0
Male,220000.0
Female,1000.0
Male,8000.0
Male,165000.0
Male,74000.0
Male,90000.0
Male,12000.0
Female,55000.0
Male,82000.0
Male,25000.0
Female,50000.0
Male,60000.0
Male,50000.0
Male,40000.0
Female,95000.0
Female,56000.0
Female,90000.0
Female,65000.0
Female,10000.0
Male,18700.0
Female,30000.0
Male,18800.0
Female,4000.0
Male,90000.0
Female,85000.0
Female,150000.0
Male,55000.0
Male,34000.0
Male,57000.0
Male,48000.0
Female,12000.0
Female,170000.0
Male,20000.0
Male,19200.0
Male,20000.0
Male,70000.0
Female,23000.0
Female,100000.0
Female,78000.0
Female,60000.0
Male,52000.0
Female,56000.0
Male,115000.0
Male,41000.0
Female,70000.0
Female,90000.0
Male,20000.0
Male,11000.0
Female,31500.0
Female,35000.0
Female,40000.0
Male,50000.0
Male,20000.0
Female,115000.0
Male,38000.0
Male,175000.0
Female,127000.0
Female,25000.0
Female,84000.0
Female,36000.0
Female,25000.0
Female,144000.0
Male,50000.0
Female,80000.0
Female,180000.0
Male,80000.0
Female,35000.0
Female,57000.0
Male,50000.0
Female,45000.0
Male,20000.0
Female,44000.0
Male,40000.0
Female,13000.0
Male,44000.0
Male,24000.0
Male,60000.0
Female,2400.0
Male,50000.0
Female,65000.0
Male,25000.0
Female,30000.0
Female,43000.0
Female,85000.0
Female,90000.0
Female,43000.0
Female,34000.0
Female,40000.0
Female,60000.0
Male,60000.0
Male,67000.0
Male,12000.0
Male,12000.0
Female,54000.0
Female,7200.0
Male,35000.0
Male,65000.0
Male,23000.0
Male,29700.0
Female,35000.0
Female,85000.0
Female,70000.0
Female,60000.0
Female,30000.0
Female,38800.0
Male,140000.0
Male,76000.0
Male,236000.0
Male,200000.0
Male,95000.0
Female,130000.0
Male,110000.0
Female,26000.0
Female,68000.0
Female,150000.0
Male,110000.0
Female,600.0
Male,74000.0
Male,46900.0
Male,86000.0
Female,8000.0
Male,120000.0
Male,279000.0
Female,90000.0
Female,155000.0
Female,12000.0
Male,118000.0
Male,90000.0
Male,51000.0
Male,30000.0
Male,28800.0
Female,68000.0
Female,90000.0
Male,30000.0
Male,40000.0
Male,17000.0
Female,90000.0
Male,50000.0
Female,12600.0
Female,11000.0
Female,62000.0
Male,7500.0
Female,120000.0
Male,44700.0
Male,32000.0
Male,52000.0
Female,40000.0
Male,51000.0
Female,4700.0
Male,46800.0
Male,7000.0
Male,100000.0
Male,21300.0
Male,45000.0
Male,78000.0
Male,190000.0
Female,41600.0
Female,40000.0
Female,72000.0
Male,300000.0
Male,10000.0
Female,20000.0
Female,65000.0
Female,13000.0
Male,60000.0
Male,100000.0
Female,10000.0
Female,16000.0
Male,43200.0
Female,127000.0
Female,13400.0
Male,34300.0
Male,50000.0
Female,1000.0
Male,82000.0
Female,56000.0
Female,35000.0
Male,120000.0
Female,25000.0
Male,88000.0
Male,80000.0
Female,320.0
Female,25000.0
Male,140000.0
Female,35000.0
Female,50000.0
Female,680.0
Male,103000.0
Male,200000.0
Female,45000.0
Male,12000.0
Female,500.0
Female,22500.0
Female,40000.0
Female,45000.0
Male,108000.0
Female,41000.0
Female,30000.0
Female,15000.0
Male,122000.0
Male,250000.0
Male,65000.0
Male,25000.0
Male,72000.0
Female,48000.0
Female,101000.0
Female,50000.0
Female,92000.0
Male,36000.0
Male,90000.0
Male,21000.0
Male,297000.0
Male,231000.0
Female,20000.0
Male,42000.0
Male,40000.0
Female,2000.0
Female,55000.0
Female,5000.0
Female,11000.0
Female,190000.0
Male,85000.0
Male,59000.0
Female,64000.0
Female,20000.0
Male,14000.0
Male,2000.0
Male,129000.0
Female,10000.0
Male,46000.0
Female,800.0
Female,8100.0
Female,138000.0
Male,20000.0
Female,50000.0
Female,52000.0
Male,85000.0
Female,13000.0
Female,55000.0
Male,55000.0
Male,32000.0
Male,40000.0
Male,27000.0
Male,70000.0
Female,35400.0
Male,120000.0
Female,21000.0
Female,5000.0
Male,24000.0
Female,80000.0
Male,26300.0
Male,65000.0
Male,65000.0
Female,136000.0
Male,18700.0
Male,100000.0
Male,110000.0
Male,12000.0
Female,110000.0
Male,24000.0
Female,50000.0
Female,20000.0
Male,15600.0
Male,33000.0
Male,36000.0
Male,150000.0
Male,22100.0
Female,81000.0
Male,125000.0
Female,42000.0
Female,3500.0
Female,30600.0
Male,30000.0
Female,77000.0
Female,50000.0
Female,14100.0
Male,105000.0
Female,52000.0
Male,50000.0
Male,115000.0
Female,30000.0
Male,168000.0
Male,60000.0
Male,29000.0
Female,1500.0
Female,29000.0
Male,14900.0
Female,120000.0
Female,40000.0
Female,3800.0
Male,85000.0
Male,38000.0
Female,60000.0
Male,85000.0
Male,56000.0
Female,3000.0
Male,36000.0
Female,38000.0
Male,59000.0
Female,32000.0
Male,177000.0
Female,71000.0
Male,80000.0
Male,221000.0
Female,90000.0
Female,100000.0
Male,100000.0
Male,86000.0
Male,100000.0
Male,120000.0
Male,180000.0
Male,55000.0
Male,600.0
Male,50000.0
Male,11000.0
Female,40000.0
Female,62000.0
Male,1900.0
Female,28500.0
Female,150000.0
Male,15800.0
Male,90000.0
Female,103000.0
Female,89000.0
Female,38000.0
Female,56000.0
Female,53000.0
Female,91000.0
Female,21100.0
Female,21600.0
Male,35000.0
Female,41000.0
Male,70000.0
Female,36000.0
Male,170000.0
Female,109000.0
Male,36000.0
Male,36500.0
Male,168000.0
Female,29000.0
Male,30000.0
Female,40000.0
Female,30000.0
Female,63000.0
Male,100000.0
Female,36900.0
Female,80000.0
Female,132000.0
Female,89000.0
Male,20000.0
Female,175000.0
Female,20000.0
Female,105000.0
Male,6000.0
Female,23000.0
Female,35000.0
Female,40000.0
Male,28000.0
Female,30000.0
Female,130000.0
Male,45600.0
Female,68000.0
Female,160000.0
Female,22600.0
Female,65000.0
Male,55000.0
Male,120000.0
Female,60000.0
Female,60000.0
Male,35000.0
Female,92000.0
Male,28000.0
Male,40000.0
Male,200000.0
Male,60000.0
Male,1000.0
Female,56000.0
Female,4000.0
Female,51000.0
Male,40000.0
Female,119000.0
Male,225000.0
Male,45000.0
Female,120000.0
Male,79000.0
Male,35200.0
Male,51000.0
Female,6700.0
Male,42900.0
Male,72000.0
Male,60000.0
Male,160000.0
Female,43000.0
Male,4200.0
Female,18000.0
Male,300000.0
Female,42000.0
Male,62000.0
Female,171000.0
Female,35000.0
Female,160000.0
Male,68000.0
Female,50000.0
Male,15000.0
Female,75000.0
Male,30000.0
Female,37200.0
Male,230000.0
Female,2400.0
Male,120000.0
Female,11000.0
Male,5000.0
Male,6000.0
Male,10000.0
Female,65000.0
Male,180000.0
Male,72000.0
Male,111000.0
Male,4000.0
Male,57000.0
Male,36000.0
Male,49000.0
Male,35000.0
Female,70000.0
Female,40000.0
Male,90000.0
Female,81000.0
Male,38700.0
Female,20000.0
Female,45800.0
Female,12800.0
Male,90000.0
Female,5000.0
Male,35000.0
Male,78000.0
Female,95000.0
Male,35000.0
Male,60000.0
Female,12000.0
Female,50000.0
Male,5000.0
Female,60000.0
Female,16800.0
Male,40400.0
Female,36200.0
Male,3500.0
Male,32400.0
Male,31200.0
Male,13500.0
Male,52000.0
Female,26000.0
Male,10000.0
Female,5000.0
Female,160000.0
Male,50000.0
Female,35000.0
Male,75000.0
Female,43000.0
Female,100000.0
Female,86000.0
Female,35000.0
Male,55000.0
Female,22500.0
Male,4000.0
Male,85000.0
Female,2000.0
Female,100000.0
Female,41000.0
Male,74000.0
Female,115000.0
Male,14400.0
Male,40000.0
Female,30600.0
Female,9800.0
Male,64000.0
Female,162000.0
Female,79000.0
Male,103000.0
Male,75000.0
Female,74000.0
Male,38000.0
Male,60000.0
Male,33600.0
Male,36000.0
Male,200000.0
Male,45000.0
Female,60000.0
Female,7000.0
Female,26900.0
Male,8000.0
Male,20000.0
Female,39000.0
Female,16600.0
Female,4000.0
Male,155000.0
Female,237000.0
Male,50000.0
Female,132000.0
Female,40800.0
Female,66000.0
Female,65000.0
Female,180000.0
Female,18000.0
Female,43600.0
Male,120000.0
Female,36000.0
Female,12000.0
Male,140000.0
Female,3000.0
Male,16600.0
Male,135000.0
Male,25000.0
Female,20000.0
Female,100000.0
Male,160000.0
Male,30000.0
Female,28000.0
Male,139000.0
Female,40000.0
Female,35000.0
Male,60000.0
Female,3800.0
Male,15000.0
Female,70000.0
Male,145000.0
Female,500.0
Male,113000.0
Male,90000.0
Male,85000.0
Female,117000.0
Male,24000.0
Male,100000.0
Female,80000.0
Female,12000.0
Male,85000.0
Male,24000.0
Male,10000.0
Male,2400.0
Female,41600.0
Male,10000.0
Female,80000.0
Male,31200.0
Male,38000.0
Male,43000.0
Female,30000.0
Female,26000.0
Female,8500.0
Female,5000.0
Female,99000.0
Male,160000.0
Male,20400.0
Female,80000.0
Male,53000.0
Male,21600.0
Female,65000.0
Male,14000.0
Male,65000.0
Male,154000.0
Male,106000.0
Female,159000.0
Female,290.0
Male,110000.0
Male,60000.0
Male,120000.0
Male,30000.0
Male,160000.0
Female,80000.0
Male,70000.0
Female,140000.0
Female,5000.0
Male,75000.0
Male,188000.0
Male,40000.0
Male,69000.0
Male,57000.0
Female,30000.0
Male,40000.0
Male,50000.0
Female,11500.0
Female,19200.0
Male,98000.0
Female,90000.0
Female,18000.0
Male,82000.0
Female,15000.0
Male,30000.0
Female,108000.0
Male,80000.0
Male,22000.0
Female,30000.0
Male,60000.0
Female,28000.0
Male,53000.0
Female,56000.0
Male,20000.0
Female,10000.0
Male,85000.0
Female,6000.0
Male,37000.0
Female,28000.0
Male,35000.0
Female,50000.0
Male,115000.0
Female,64000.0
Female,75000.0
Male,300000.0
Female,95000.0
Male,40000.0
Female,620.0
Female,20000.0
Female,12400.0
Male,60000.0
Male,7500.0
Male,72000.0
Male,120000.0
Female,25000.0
Female,56000.0
Male,1100.0
Male,125000.0
Female,28000.0
Female,21000.0
Male,60000.0
Female,39000.0
Female,7600.0
Male,20000.0
Female,205000.0
Female,32000.0
Male,35000.0
Male,33000.0
Female,110000.0
Male,155000.0
Female,59000.0
Male,5000.0
Male,3000.0
Male,50000.0
Male,50000.0
Female,75000.0
Male,68000.0
Female,82000.0
Male,30000.0
Female,75000.0
Male,80000.0
Female,100000.0
Female,26200.0
Female,100000.0
Male,20000.0
Male,75000.0
Male,10000.0
Female,12000.0
Female,34000.0
Male,52000.0
Male,100000.0
Male,55000.0
Male,11700.0
Male,120000.0
Female,49000.0
Female,30000.0
Male,93000.0
Female,1200.0
Male,27300.0
Male,55000.0
Female,4600.0
Male,47000.0
Male,210000.0
Female,90000.0
Female,500.0
Male,6500.0
Male,90000.0
Male,85000.0
Male,70000.0
Female,35000.0
Male,33000.0
Female,5400.0
Male,20000.0
Male,170000.0
Female,18000.0
Female,25000.0
Female,91000.0
Male,5000.0
Male,35000.0
Male,54000.0
Male,50000.0
Male,30000.0
Male,3000.0
Male,11400.0
Female,60000.0
Male,40000.0
Female,80.0
Male,60000.0
Male,95000.0
Female,63000.0
Female,25000.0
Male,50000.0
Male,33500.0
Male,20000.0
Male,39000.0
Male,40000.0
Male,87000.0
Female,35000.0
Female,70000.0
Male,26000.0
Male,40000.0
Female,37500.0
Female,40000.0
Male,30000.0
Female,75000.0
Female,30000.0
Female,47200.0
Male,160000.0
Male,90000.0
Female,15000.0
Female,10800.0
Female,220000.0
Female,4900.0
Male,35000.0
Female,8000.0
Female,56000.0
Female,100000.0
Male,96000.0
Female,40000.0
Female,5000.0
Male,60000.0
Female,10000.0
Female,75000.0
Male,180000.0
Female,8000.0
Male,170000.0
Female,2400.0
Male,100000.0
Female,50000.0
Female,3600.0
Female,80000.0
Male,250000.0
Female,62000.0
Male,120000.0
Female,20000.0
Female,3500.0
Female,18000.0
Male,150000.0
Male,80000.0
Male,42000.0
Female,11000.0
Male,62000.0
Male,15000.0
Male,100000.0
Male,90000.0
Female,15000.0
Male,150000.0
Female,18000.0
Female,81000.0
Male,56000.0
Male,25000.0
Female,250000.0
Male,206000.0
Female,90000.0
Male,150000.0
Male,65000.0
Female,30000.0
Female,56000.0
Male,29200.0
Male,6000.0
Male,40000.0
Female,13300.0
Female,98000.0
Female,50000.0
Male,80000.0
Female,7500.0
Male,54000.0
Male,30000.0
Male,42000.0
Female,12000.0
Male,68000.0
Female,10600.0
Female,129000.0
Female,65000.0
Male,20000.0
Female,37000.0
Female,40000.0
Male,101000.0
Male,5600.0
Male,53000.0
Female,85000.0
Male,42000.0
Female,68000.0
Female,23000.0
Female,58000.0
Male,38600.0
Female,50000.0
Male,65000.0
Female,27400.0
Male,55000.0
Male,50000.0
Female,14000.0
Male,9500.0
Female,212000.0
Female,10000.0
Male,26000.0
Female,85000.0
Male,5000.0
Female,56000.0
Male,90000.0
Male,47700.0
Male,50000.0
Female,300000.0
Female,75000.0
Female,9300.0
Female,7300.0
Male,286000.0
Female,153000.0
Male,8000.0
Male,40000.0
Female,13000.0
Male,10000.0
Male,37600.0
Male,25000.0
Female,58000.0
Male,220000.0
Female,14800.0
Female,40000.0
Female,14000.0
Female,101000.0
Female,45000.0
Male,125000.0
Female,27000.0
Female,115000.0
Female,80000.0
Female,157000.0
Male,146000.0
Female,3000.0
Male,60000.0
Male,65000.0
Male,140000.0
Male,66000.0
Male,250000.0
Female,24500.0
Male,100000.0
Female,10000.0
Male,30000.0
Female,60000.0
Male,120000.0
Male,70000.0
Female,2000.0
Female,10000.0
Female,120000.0
Male,60000.0
Female,104000.0
Male,60000.0
Male,162000.0
Male,70000.0
Female,14500.0
Male,3500.0
Female,10000.0
Female,90000.0
Male,45000.0
Female,20000.0
Female,60000.0
Female,4900.0
Male,75000.0
Female,40000.0
Male,72000.0
Female,80000.0
Female,48000.0
Male,67000.0
Male,99000.0
Female,26000.0
Male,190000.0
Male,50000.0
Female,30000.0
Male,25000.0
Female,11000.0
Female,14000.0
Male,50000.0
Female,2100.0
Male,70000.0
Male,21800.0
Male,33000.0
Female,75000.0
Male,10000.0
Female,32000.0
Female,58000.0
Female,28400.0
Male,57000.0
Male,35000.0
Female,22000.0
Female,7500.0
Male,40000.0
Male,94000.0
Female,61000.0
Female,50000.0
Male,52000.0
Male,57000.0
Male,42000.0
Female,16800.0
Female,136000.0
Female,60000.0
Male,26000.0
Male,5000.0
Male,80000.0
Female,30900.0
Male,130000.0
Male,85000.0
Male,45000.0
Male,16000.0
Male,30000.0
Female,8000.0
Female,60000.0
Male,8000.0
Female,2500.0
Male,60000.0
Male,31000.0
Male,90000.0
Male,120000.0
Male,43100.0
Female,4000.0
Male,11500.0
Female,25000.0
Female,40200.0
Male,45000.0
Female,12200.0
Male,22700.0
Male,60000.0
Male,130000.0
Female,58000.0
Male,80000.0
Female,35000.0
Female,83000.0
Female,38000.0
Female,96000.0
Male,15000.0
Male,23000.0
Male,9000.0
Female,47500.0
Male,48000.0
Female,53000.0
Female,41600.0
Female,100000.0
Female,80000.0
Female,14000.0
Male,6200.0
Male,40000.0
Male,49000.0
Female,13000.0
Female,70000.0
Male,100000.0
Male,16000.0
Female,50000.0
Male,32000.0
Male,98000.0
Male,48000.0
Female,65000.0
Male,100000.0
Male,102000.0
Male,50000.0
Female,55000.0
Female,300000.0
Female,6200.0
Female,112000.0
Female,23000.0
Female,80000.0
Female,250000.0
Male,6000.0
Male,72000.0
Male,160000.0
Male,52000.0
Male,60000.0
Female,90000.0
Male,105000.0
Male,2500.0
Female,20000.0
Male,60000.0
Female,53000.0
Female,20000.0
Male,50000.0
Female,63000.0
Female,99000.0
Male,15000.0
Female,400.0
Female,75000.0
Female,25200.0
Male,66000.0
Male,106000.0
Female,75000.0
Male,72000.0
Male,24000.0
Female,1000.0
Male,155000.0
Female,35000.0
Male,35000.0
Female,1400.0
Female,10700.0
Male,90000.0
Female,90000.0
Male,60000.0
Female,8000.0
Female,27000.0
Female,45000.0
Female,19200.0
Female,6000.0
Male,85000.0
Male,23000.0
Female,68000.0
Female,20000.0
Female,50000.0
Female,50000.0
Female,30000.0
Male,13200.0
Male,37000.0
Female,153000.0
Female,210000.0
Male,60000.0
Male,250000.0
Female,36000.0
Male,80000.0
Male,150000.0
Female,62000.0
Female,36100.0
Female,64000.0
Male,42000.0
Female,1500.0
Female,7300.0
Male,114000.0
Male,45000.0
Male,70000.0
Female,45000.0
Female,85000.0
Male,72000.0
Female,40000.0
Female,10400.0
Male,55000.0
Female,45000.0
Male,110000.0
Female,24000.0
Female,28800.0
Male,57000.0
Female,12000.0
Female,30000.0
Female,40000.0
Male,43000.0
Female,84000.0
Male,20000.0
Female,37100.0
Female,64000.0
Female,37000.0
Male,40000.0
Female,1000.0
Male,90000.0
Female,116000.0
Female,16600.0
Male,79000.0
Female,60000.0
Female,180000.0
Male,8400.0
Female,125000.0
Female,5000.0
Male,80000.0
Male,42000.0
Female,39600.0
Male,120000.0
Female,121000.0
Female,17100.0
Male,103000.0
Female,40000.0
Female,40000.0
Male,220000.0
Female,40000.0
Male,55000.0
Female,16000.0
Female,65000.0
Male,100000.0
Male,35000.0
Male,90000.0
Female,66000.0
Male,202000.0
Female,37000.0
Female,40000.0
Male,33000.0
Male,31500.0
Female,12000.0
Male,30000.0
Female,2000.0
Female,4500.0
Male,130000.0
Male,11600.0
Male,50000.0
Female,11000.0
Female,52000.0
Male,200000.0
Male,1200.0
Female,20000.0
Female,66000.0
Female,25000.0
Male,5500.0
Male,80000.0
Male,13000.0
Female,74000.0
Male,15000.0
Female,63000.0
Male,70000.0
Male,41000.0
Male,55000.0
Male,26000.0
Male,42000.0
Female,36500.0
Female,60000.0
Male,2200.0
Male,65000.0
Female,175000.0
Male,5000.0
Female,60000.0
Male,150000.0
Female,17000.0
Female,15000.0
Female,79000.0
Female,3400.0
Male,38000.0
Female,213000.0
Female,10000.0
Male,5000.0
Male,40000.0
Female,135000.0
Male,45800.0
Female,78000.0
Female,48000.0
Female,20000.0
Female,50000.0
Male,150000.0
Female,100000.0
Female,75000.0
Female,20500.0
Male,9600.0
Female,65000.0
Female,41000.0
Female,56000.0
Female,28000.0
Female,165000.0
Female,3500.0
Female,56000.0
Male,100000.0
Female,60000.0
Female,40000.0
Male,145000.0
Male,200000.0
Female,44000.0
Female,79000.0
Female,140000.0
Male,45700.0
Female,17000.0
Female,40000.0
Female,84000.0
Male,117000.0
Male,55000.0
Male,98000.0
Female,75000.0
Female,450.0
Male,45000.0
Female,20000.0
Male,10500.0
Female,80000.0
Male,200000.0
Male,58000.0
Female,97000.0
Female,5500.0
Female,7500.0
Male,100000.0
Male,65000.0
Male,20000.0
Male,30000.0
Male,85000.0
Male,200000.0
Male,180000.0
Male,96000.0
Female,33500.0
Female,20000.0
Female,34000.0
Male,62000.0
Male,89000.0
Male,88000.0
Male,142000.0
Male,124000.0
Male,6200.0
Female,150000.0
Male,30000.0
Male,45000.0
Female,175000.0
Male,15000.0
Male,62000.0
Female,45000.0
Male,70000.0
Male,79000.0
Female,80000.0
Female,48000.0
Female,51000.0
Female,62000.0
Male,32000.0
Female,20000.0
Female,31800.0
Male,40000.0
Female,18100.0
Male,75000.0
Female,110000.0
Male,65000.0
Male,4100.0
Male,10000.0
Male,72000.0
Female,40000.0
Female,26000.0
